-- Diasumsikan hari ini adalah 2024-12-15

INSERT INTO Services (Services_ID, Services_Name, Services_UnitType) VALUES
(0, "Cuci Kering", "Berat"),
(1, "Cuci Setrika", "Berat"),
(2, "Jasa Setrika", "Berat"),
(3, "Sprei Kecil", "Satuan"),
(4, "Sprei Besar", "Satuan"),
(5, "Selimut Tipis", "Satuan"),
(6, "Selimut Tebal", "Satuan"),
(7, "Bed Cover Queen", "Satuan"),
(8, "Bed Cover King", "Satuan");

INSERT INTO ServicePrices (ServicePrices_Services_ID, ServicePrices_Days, ServicePrices_PricePerUnit) VALUES
(0, 1, 7000),
(0, 2, 10000),
(1, 1, 8000),
(1, 2, 11000),
(2, 1, 5500),
(2, 2, 8500),
(3, 1, 7000),
(3, 2, 8000),
(4, 1, 10000),
(4, 2, 13000),
(5, 1, 13000),
(5, 2, 15000),
(6, 1, 15000),
(6, 2, 17500),
(7, 1, 30000),
(7, 2, 35000),
(8, 1, 35000),
(8, 2, 50000);

INSERT INTO Customers (Customers_ID, Customers_Name, Customers_PhoneNumber, Customers_Address) VALUES
(0, 'Jaime Harrington', '08211014002', 'Jl. Otto Iskandardinata No. 1'),
(1, 'Jamison Ware', '08211029028', 'Jl. K.H. Agus Salim No. 84'),
(2, 'Camden Williamson', '08211018712', 'Jl. Pattimura No. 40'),
(3, 'Zoe Hogan', '08211002468', 'Jl. Otto Iskandardinata No. 53'),
(4, 'Dylan Dodson', '08211031412', 'Jl. Raden Inten II No. 20'),
(5, 'Jazmyn Odom', '08211031386', 'Jl. Jenderal Sudirman No. 44'),
(6, 'Luna Macias', '08211004362', 'Jl. Raden Dewi Sartika No. 82'),
(7, 'Bailey Fleming', '08211021892', 'Jl. R.A. Wiranatakusumah No. 122'),
(8, 'Denzel Pineda', '08211010557', 'Jl. Dr. Wahidin Soedirohoesodo No. 16'),
(9, 'Skylar Villegas', '08211028972', 'Jl. Mohammad Yamin No. 143'),
(10, 'Daniel Hendricks', '08211022076', 'Jl. Pangeran Diponegoro No. 73'),
(11, 'Victor Dodson', '08211003648', 'Jl. Ki Hajar Dewantara No. 53'),
(12, 'Landyn Cross', '08211023409', 'Jl. Imam Bonjol No. 10'),
(13, 'Taniyah Schwartz', '08211006657', 'Jl. Ki Bagus Hadikusumo No. 86'),
(14, 'Bailey Herrera', '08211017401', 'Jl. Pangeran Diponegoro No. 122'),
(15, 'Layla Gill', '08211021497', 'Jl. Bung Tomo No. 82'),
(16, 'Ibrahim Schmidt', '08211016885', 'Jl. Sutan Sjahrir No. 22'),
(17, 'Yusuf Bennett', '08211031913', 'Jl. Tjipto Mangunkusumo No. 83'),
(18, 'Madilynn Rivera', '08211005923', 'Jl. Raden Dewi Sartika No. 52'),
(19, 'Jay Christensen', '08211031882', 'Jl. Ki Bagus Hadikusumo No. 91'),
(20, 'Kason Wong', '08211016071', 'Jl. K.H. Ahmad Dahlan No. 55'),
(21, 'Erin Lane', '08211000277', 'Jl. Mohammad Hatta No. 21'),
(22, 'Jack Villarreal', '08211001011', 'Jl. Bung Tomo No. 67'),
(23, 'Danna Owen', '08211002026', 'Jl. Alexander Andries Maramis No. 59'),
(24, 'Colten Gray', '08211003335', 'Jl. Ki Hajar Dewantara No. 56'),
(25, 'Kendal Pratt', '08211016819', 'Jl. Teuku Umar No. 128'),
(26, 'Nylah Bender', '08211012973', 'Jl. K.H. Agus Salim No. 3'),
(27, 'Sydney Santiago', '08211011443', 'Jl. Gajah Mada No. 132'),
(28, 'Callie Stuart', '08211006629', 'Jl. R.A. Lasminingrat No. 99'),
(29, 'Colby Henderson', '08211027805', 'Jl. Pangeran Diponegoro No. 100'),
(30, 'Jordyn Singh', '08211005376', 'Jl. Dewi Sartika No. 143'),
(31, 'Marlene Zhang', '08211026628', 'Jl. Mohammad Husni Thamrin No. 128'),
(32, 'Madison Riley', '08211015437', 'Jl. Johannes Leimena No. 118'),
(33, 'Deven Zimmerman', '08211031237', 'Jl. Abdul Muis No. 4'),
(34, 'Karli Rojas', '08211011991', 'Jl. Dr. Soetomo No. 61'),
(35, 'Ciara Jenkins', '08211007026', 'Jl. Wahidin Sudirohusodo No. 91'),
(36, 'Muhammad Wolf', '08211012002', 'Jl. Sisingamangaraja XII No. 76'),
(37, 'Jax Neal', '08211031318', 'Jl. Jenderal Sudirman No. 44'),
(38, 'Russell Dixon', '08211020889', 'Jl. Imam Bonjol No. 124'),
(39, 'Zion Sosa', '08211027093', 'Jl. Cut Nyak Dhien No. 72'),
(40, 'Athena Compton', '08211001520', 'Jl. Mohammad Hatta No. 69'),
(41, 'Taryn Newman', '08211024790', 'Jl. K.H. Agus Salim No. 140'),
(42, 'Tyrell Gaines', '08211017327', 'Jl. Kapitan Pattimura No. 4'),
(43, 'Dangelo Collier', '08211005384', 'Jl. Martha Christina Tiahahu No. 24'),
(44, 'Anya Hughes', '08211016119', 'Jl. K.H. Hasyim Asyari No. 27'),
(45, 'Dominic Park', '08211021589', 'Jl. H.O.S. Tjokroaminoto No. 147'),
(46, 'Camryn Oconnell', '08211015419', 'Jl. R.A. Wiranatakusumah No. 1'),
(47, 'Camille Schaefer', '08211019092', 'Jl. R.M. Soerjopranoto No. 144'),
(48, 'James Fuentes', '08211004150', 'Jl. Tjipto Mangunkusumo No. 63'),
(49, 'Evangeline Peterson', '08211006648', 'Jl. Dewi Sartika No. 94'),
(50, 'Larissa Friedman', '08211021679', 'Jl. R.A. Wiranatakusumah No. 11'),
(51, 'Blake Crosby', '08211025500', 'Jl. Mohammad Husni Thamrin No. 22'),
(52, 'Noah Owen', '08211009158', 'Jl. Ki Hajar Dewantara No. 136'),
(53, 'Aedan Dickson', '08211030473', 'Jl. Pattimura No. 150'),
(54, 'Amir Howell', '08211001151', 'Jl. Sisingamangaraja XII No. 10'),
(55, 'Diego Love', '08211014568', 'Jl. Sam Ratulangi No. 15'),
(56, 'Noelle Cook', '08211014174', 'Jl. Sutan Sjahrir No. 86'),
(57, 'Kyla Ponce', '08211005657', 'Jl. I Gusti Ngurah Rai No. 113'),
(58, 'Eric Kidd', '08211014279', 'Jl. Tan Malaka No. 148'),
(59, 'Angel Tapia', '08211009315', 'Jl. K.H. Zainul Arifin No. 108'),
(60, 'Ramiro Ayers', '08211015201', 'Jl. Imam Bonjol No. 67'),
(61, 'Ernesto Braun', '08211015094', 'Jl. Pattimura No. 86'),
(62, 'Nikolai Hayes', '08211022518', 'Jl. Martha Christina Tiahahu No. 132'),
(63, 'Tripp Fry', '08211022333', 'Jl. Idham Chalid No. 148'),
(64, 'Leilani Dennis', '08211021020', 'Jl. Raden Dewi Sartika No. 20'),
(65, 'Kaitlyn Greene', '08211025966', 'Jl. Tjoet Nja Meutia No. 136'),
(66, 'Tiana Stanton', '08211031201', 'Jl. Otto Iskandardinata No. 133'),
(67, 'Rayne Roth', '08211007461', 'Jl. Mohammad Hatta No. 114'),
(68, 'Gerald Parker', '08211008336', 'Jl. K.H. Hasyim Asyari No. 57'),
(69, 'Jaylee Schwartz', '08211017251', 'Jl. Soekarno No. 10'),
(70, 'Taliyah Fuentes', '08211024414', 'Jl. Raden Dewi Sartika No. 65'),
(71, 'Janae Acosta', '08211023474', 'Jl. Imam Bonjol No. 118'),
(72, 'Araceli Medina', '08211032478', 'Jl. R.M. Soerjopranoto No. 10'),
(73, 'Gianni Proctor', '08211019799', 'Jl. K.H. Ahmad Dahlan No. 63'),
(74, 'Delilah Mcdonald', '08211017626', 'Jl. Kapitan Pattimura No. 137'),
(75, 'Ahmed Sampson', '08211023726', 'Jl. Soekarno No. 97'),
(76, 'Felix Lamb', '08211023979', 'Jl. Sisingamangaraja XII No. 51'),
(77, 'Danny Proctor', '08211016216', 'Jl. Bung Tomo No. 125'),
(78, 'Santos Conway', '08211019347', 'Jl. Tjipto Mangunkusumo No. 71'),
(79, 'Jaelyn Oliver', '08211013848', 'Jl. R.M. Soerjopranoto No. 38'),
(80, 'Blaine Holmes', '08211006055', 'Jl. Kapitan Pattimura No. 78'),
(81, 'Davion Edwards', '08211018604', 'Jl. H.O.S. Tjokroaminoto No. 113'),
(82, 'Brianna Barton', '08211005382', 'Jl. Agus Salim No. 110'),
(83, 'Pierce Gallegos', '08211029886', 'Jl. K.H. Agus Salim No. 98'),
(84, 'Alberto Forbes', '08211026833', 'Jl. Sutan Sjahrir No. 95'),
(85, 'Marvin Crosby', '08211005779', 'Jl. S.K. Trimurti No. 69'),
(86, 'Hadassah Villegas', '08211032284', 'Jl. Agus Salim No. 26'),
(87, 'Ada Spencer', '08211003534', 'Jl. R.A. Wiranatakusumah No. 129'),
(88, 'Kyler Melendez', '08211009070', 'Jl. Tan Malaka No. 104'),
(89, 'Yair Robinson', '08211018776', 'Jl. Dr. Wahidin Soedirohoesodo No. 68'),
(90, 'Kadin Byrd', '08211015228', 'Jl. Sultan Hasanuddin No. 60'),
(91, 'Liliana Wise', '08211023833', 'Jl. Mohammad Hatta No. 59'),
(92, 'Aryana Levine', '08211019853', 'Jl. Pattimura No. 76'),
(93, 'Natalia Rosales', '08211023827', 'Jl. Sam Ratulangi No. 61'),
(94, 'Anderson Sawyer', '08211005646', 'Jl. Martha Christina Tiahahu No. 38'),
(95, 'Calvin Gutierrez', '08211032332', 'Jl. Otto Iskandardinata No. 63'),
(96, 'Ali Medina', '08211021417', 'Jl. Ki Bagus Hadikusumo No. 61'),
(97, 'Case Davila', '08211017729', 'Jl. Otto Iskandardinata No. 137'),
(98, 'Bruno Pruitt', '08211007928', 'Jl. Ki Bagus Hadikusumo No. 89'),
(99, 'Jaiden Acosta', '08211010687', 'Jl. Djuanda Kartawidjaja No. 37'),
(100, 'Mariyah Peck', '08211021317', 'Jl. Tjipto Mangunkusumo No. 51'),
(101, 'Mateo Berger', '08211006429', 'Jl. R.A. Wiranatakusumah No. 46'),
(102, 'Samuel Roman', '08211006979', 'Jl. S.K. Trimurti No. 53'),
(103, 'Maia Bruce', '08211028924', 'Jl. Djuanda Kartawidjaja No. 46'),
(104, 'Riley Boyd', '08211029556', 'Jl. Agus Salim No. 38'),
(105, 'Aleah Washington', '08211011449', 'Jl. Raden Dewi Sartika No. 77'),
(106, 'Addyson Walton', '08211019246', 'Jl. Teuku Umar No. 141'),
(107, 'Evangeline Jimenez', '08211025632', 'Jl. Alexander Andries Maramis No. 119'),
(108, 'Jamie Parks', '08211024673', 'Jl. Frans Kaisiepo No. 121'),
(109, 'Ally Caldwell', '08211019933', 'Jl. Idham Chalid No. 44'),
(110, 'Jaylah Grant', '08211026232', 'Jl. Martha Christina Tiahahu No. 17'),
(111, 'Kelton Davenport', '08211032396', 'Jl. Sutan Sjahrir No. 103'),
(112, 'Madalynn Gillespie', '08211006745', 'Jl. Mohammad Yamin No. 125'),
(113, 'Makaila Dunn', '08211020916', 'Jl. Raden Dewi Sartika No. 112'),
(114, 'Salvatore Jones', '08211032476', 'Jl. Abdul Muis No. 100'),
(115, 'June Walters', '08211004749', 'Jl. Ki Hajar Dewantara No. 104'),
(116, 'Sebastian Villanueva', '08211024640', 'Jl. Ki Hajar Dewantara No. 119'),
(117, 'Shyann Brandt', '08211027889', 'Jl. Johannes Leimena No. 3'),
(118, 'Marcel Woodard', '08211018239', 'Jl. Ki Bagus Hadikusumo No. 148'),
(119, 'Siena Copeland', '08211003960', 'Jl. Raden Ajeng Kartini No. 48'),
(120, 'Santiago Vaughan', '08211013243', 'Jl. K.H. Hasyim Asyari No. 103'),
(121, 'Avah Simpson', '08211002615', 'Jl. Djuanda Kartawidjaja No. 45'),
(122, 'Sierra Chang', '08211012617', 'Jl. Martha Christina Tiahahu No. 32'),
(123, 'Milo Rivas', '08211029148', 'Jl. K.H. Agus Salim No. 35'),
(124, 'Cecilia Mays', '08211027133', 'Jl. R.A. Kartini No. 105'),
(125, 'Roderick Padilla', '08211011345', 'Jl. Soekarno No. 128'),
(126, 'Hezekiah Allen', '08211021939', 'Jl. Ki Hajar Dewantara No. 64'),
(127, 'Giovanni Esparza', '08211001004', 'Jl. Agus Salim No. 120'),
(128, 'Brennan Pollard', '08211004898', 'Jl. Imam Bonjol No. 145'),
(129, 'Alan Caldwell', '08211031230', 'Jl. K.H. Ahmad Dahlan No. 27'),
(130, 'Alexander Boone', '08211016526', 'Jl. Tan Malaka No. 96'),
(131, 'Jamal Davila', '08211024190', 'Jl. Sisingamangaraja XII No. 24'),
(132, 'Greta Fleming', '08211007435', 'Jl. Bung Tomo No. 32'),
(133, 'Thomas Hinton', '08211028827', 'Jl. S.K. Trimurti No. 119'),
(134, 'Sydney Werner', '08211010242', 'Jl. Idham Chalid No. 49'),
(135, 'Justin Delacruz', '08211011002', 'Jl. Teuku Umar No. 34'),
(136, 'Owen Wright', '08211002784', 'Jl. Soekarno No. 90'),
(137, 'Thaddeus Moore', '08211028672', 'Jl. Mohammad Yamin No. 23'),
(138, 'Tara Silva', '08211000648', 'Jl. K.H. Zainul Arifin No. 35'),
(139, 'Byron Larson', '08211015317', 'Jl. Idham Chalid No. 113'),
(140, 'Lila Sheppard', '08211003602', 'Jl. R.A. Wiranatakusumah No. 21'),
(141, 'Lincoln House', '08211022239', 'Jl. Raden Ajeng Kartini No. 11'),
(142, 'Dakota Whitaker', '08211024266', 'Jl. R.A. Kartini No. 41'),
(143, 'Trevin Black', '08211006320', 'Jl. K.H. Agus Salim No. 120'),
(144, 'Harmony Branch', '08211032684', 'Jl. S.K. Trimurti No. 108'),
(145, 'Lane Vaughan', '08211000072', 'Jl. Gajah Mada No. 23'),
(146, 'Armando Benjamin', '08211013496', 'Jl. R.A. Kartini No. 35'),
(147, 'Damion Mcdaniel', '08211010907', 'Jl. Raden Dewi Sartika No. 61'),
(148, 'Phillip Lindsey', '08211013404', 'Jl. Johannes Leimena No. 69'),
(149, 'Uriel Nixon', '08211032351', 'Jl. K.H. Zainul Arifin No. 42'),
(150, 'Kennedi Marquez', '08211026996', 'Jl. Martha Christina Tiahahu No. 52'),
(151, 'Laura Cobb', '08211019920', 'Jl. Agus Salim No. 35'),
(152, 'Gisselle Colon', '08211002831', 'Jl. K.H. Hasyim Asyari No. 150'),
(153, 'Mohammed Shannon', '08211008091', 'Jl. Tjipto Mangunkusumo No. 42'),
(154, 'Zaria Guerrero', '08211016952', 'Jl. Kapitan Pattimura No. 119'),
(155, 'Baylee Mcguire', '08211024480', 'Jl. Raden Ajeng Kartini No. 5'),
(156, 'Evan Brooks', '08211013282', 'Jl. S.K. Trimurti No. 18'),
(157, 'Lara Carrillo', '08211029338', 'Jl. Ki Hajar Dewantara No. 42'),
(158, 'Moises Novak', '08211023093', 'Jl. Sisingamangaraja XII No. 126'),
(159, 'Charlize Bishop', '08211015351', 'Jl. K.H. Agus Salim No. 106'),
(160, 'Ivy Allison', '08211002782', 'Jl. R.A. Kartini No. 148'),
(161, 'Jaden Dodson', '08211012792', 'Jl. Teuku Umar No. 114'),
(162, 'Logan Daugherty', '08211018189', 'Jl. Raden Ajeng Kartini No. 8'),
(163, 'Tianna Sandoval', '08211025697', 'Jl. I Gusti Ngurah Rai No. 110'),
(164, 'Elsa Rubio', '08211004812', 'Jl. K.H. Agus Salim No. 63'),
(165, 'Teagan Li', '08211006860', 'Jl. Pangeran Diponegoro No. 65'),
(166, 'Reid Mejia', '08211012768', 'Jl. Bung Tomo No. 99'),
(167, 'Junior Coleman', '08211025214', 'Jl. R.A. Lasminingrat No. 68'),
(168, 'Joe Abbott', '08211004453', 'Jl. Cut Nyak Dhien No. 87'),
(169, 'Demetrius Robertson', '08211017238', 'Jl. Martha Christina Tiahahu No. 8'),
(170, 'Jeffrey Nash', '08211006135', 'Jl. Tjipto Mangunkusumo No. 80'),
(171, 'Jeramiah Wilkerson', '08211029702', 'Jl. Sultan Hasanuddin No. 149'),
(172, 'Mattie Franco', '08211027350', 'Jl. Martha Christina Tiahahu No. 38'),
(173, 'Scarlett Crosby', '08211016295', 'Jl. Djuanda Kartawidjaja No. 79'),
(174, 'Jay Gilbert', '08211009980', 'Jl. Tjipto Mangunkusumo No. 124'),
(175, 'Konnor Meadows', '08211008287', 'Jl. Mohammad Hatta No. 137'),
(176, 'Tabitha Gibson', '08211000780', 'Jl. Tjoet Nja Meutia No. 25'),
(177, 'Danny Sims', '08211029166', 'Jl. Otto Iskandardinata No. 121'),
(178, 'Bianca Gomez', '08211031012', 'Jl. S.K. Trimurti No. 83'),
(179, 'Adyson Ayala', '08211027446', 'Jl. Mohammad Husni Thamrin No. 93'),
(180, 'Adeline Hart', '08211031117', 'Jl. Kapitan Pattimura No. 20'),
(181, 'Maximillian Cantu', '08211004548', 'Jl. Wahidin Sudirohusodo No. 70'),
(182, 'Nasir Hicks', '08211006809', 'Jl. Mohammad Yamin No. 111'),
(183, 'Teagan Burch', '08211028750', 'Jl. Sultan Hasanuddin No. 106'),
(184, 'Elijah Contreras', '08211022308', 'Jl. Frans Kaisiepo No. 51'),
(185, 'Jeffery Pruitt', '08211015962', 'Jl. Ki Bagus Hadikusumo No. 83'),
(186, 'Carolina Bruce', '08211004961', 'Jl. Dewi Sartika No. 26'),
(187, 'Gerald Ochoa', '08211015331', 'Jl. Ki Bagus Hadikusumo No. 110'),
(188, 'India Rocha', '08211029595', 'Jl. H.O.S. Tjokroaminoto No. 20'),
(189, 'Amare Moore', '08211028372', 'Jl. Teuku Umar No. 91'),
(190, 'Rachael Sparks', '08211026260', 'Jl. Bung Tomo No. 149'),
(191, 'Ali Mccoy', '08211004610', 'Jl. Raden Inten II No. 95'),
(192, 'Harold Hays', '08211013955', 'Jl. Abdul Haris Nasution No. 127'),
(193, 'Leila Walter', '08211008788', 'Jl. Gajah Mada No. 126'),
(194, 'Elaina Horn', '08211022174', 'Jl. Agus Salim No. 7'),
(195, 'Asia Matthews', '08211004056', 'Jl. Cut Nyak Dhien No. 10'),
(196, 'Dorian Howard', '08211007898', 'Jl. Imam Bonjol No. 6'),
(197, 'Caiden Larson', '08211026385', 'Jl. Sam Ratulangi No. 86'),
(198, 'Samson Mcmillan', '08211022841', 'Jl. Dr. Soetomo No. 22'),
(199, 'Selena Mcfarland', '08211016173', 'Jl. Soekarno No. 131'),
(200, 'Francesca Bridges', '08211012949', 'Jl. Djuanda Kartawidjaja No. 124'),
(201, 'Ashleigh Bryan', '08211029744', 'Jl. Sultan Hasanuddin No. 149'),
(202, 'Chaya Mcknight', '08211028902', 'Jl. Mohammad Hatta No. 111'),
(203, 'Jaylen Hopkins', '08211030291', 'Jl. Dewi Sartika No. 94'),
(204, 'Brooke Mullins', '08211031273', 'Jl. R.A. Kartini No. 126'),
(205, 'Celia Palmer', '08211013268', 'Jl. Pattimura No. 46'),
(206, 'Savion Thomas', '08211024977', 'Jl. Idham Chalid No. 113'),
(207, 'Amari Estrada', '08211031822', 'Jl. Ki Hajar Dewantara No. 68'),
(208, 'Shaylee Hunt', '08211027770', 'Jl. R.A. Wiranatakusumah No. 113'),
(209, 'Adison Sanchez', '08211017522', 'Jl. Pangeran Diponegoro No. 91'),
(210, 'Eduardo Wilkerson', '08211002030', 'Jl. I Gusti Ngurah Rai No. 4'),
(211, 'Prince Sanders', '08211015897', 'Jl. Sisingamangaraja XII No. 60'),
(212, 'Willow Forbes', '08211008075', 'Jl. Djuanda Kartawidjaja No. 147'),
(213, 'Isabell Vance', '08211025124', 'Jl. Sisingamangaraja XII No. 134'),
(214, 'Skye Warren', '08211001834', 'Jl. I Gusti Ngurah Rai No. 100'),
(215, 'June Robbins', '08211029233', 'Jl. Djuanda Kartawidjaja No. 6'),
(216, 'Jace Madden', '08211023873', 'Jl. Raden Ajeng Kartini No. 37'),
(217, 'Dwayne Valentine', '08211030645', 'Jl. R.A. Wiranatakusumah No. 21'),
(218, 'Chanel Zavala', '08211002161', 'Jl. Teuku Umar No. 131'),
(219, 'Desirae Benitez', '08211018163', 'Jl. Dr. Soetomo No. 2'),
(220, 'Reagan Dennis', '08211031481', 'Jl. Raden Inten II No. 20'),
(221, 'Makayla Chase', '08211001907', 'Jl. Sutan Sjahrir No. 24'),
(222, 'Laylah Dougherty', '08211005095', 'Jl. Tjoet Nja Meutia No. 81'),
(223, 'Tristan Kaufman', '08211031597', 'Jl. Pangeran Diponegoro No. 30'),
(224, 'Litzy Hicks', '08211022255', 'Jl. Mohammad Husni Thamrin No. 55'),
(225, 'Kaitlynn West', '08211009449', 'Jl. K.H. Agus Salim No. 53'),
(226, 'Lilliana Pugh', '08211007762', 'Jl. Sam Ratulangi No. 67'),
(227, 'Jasmin Ferguson', '08211013734', 'Jl. Sisingamangaraja XII No. 111'),
(228, 'Shaniya Dickerson', '08211003975', 'Jl. Pangeran Diponegoro No. 146'),
(229, 'Jasmine Wyatt', '08211028120', 'Jl. Cut Nyak Dhien No. 72'),
(230, 'Alena Montgomery', '08211012213', 'Jl. R.M. Soerjopranoto No. 47'),
(231, 'Greyson Fitzgerald', '08211007829', 'Jl. Idham Chalid No. 120'),
(232, 'Zoie Ryan', '08211031793', 'Jl. Mohammad Hatta No. 69'),
(233, 'Jadyn Leach', '08211005092', 'Jl. Ki Bagus Hadikusumo No. 89'),
(234, 'Carly Martinez', '08211010869', 'Jl. Ki Bagus Hadikusumo No. 10'),
(235, 'Carina Henson', '08211014508', 'Jl. Alexander Andries Maramis No. 43'),
(236, 'Xzavier Watkins', '08211000143', 'Jl. Martha Christina Tiahahu No. 141'),
(237, 'Marlie Myers', '08211011698', 'Jl. Martha Christina Tiahahu No. 139'),
(238, 'Amanda Bullock', '08211015469', 'Jl. Abdul Muis No. 65'),
(239, 'Peyton Barr', '08211027721', 'Jl. Djuanda Kartawidjaja No. 6'),
(240, 'Keaton Collins', '08211003015', 'Jl. R.A. Kartini No. 29'),
(241, 'Hailie Ochoa', '08211006549', 'Jl. R.A. Wiranatakusumah No. 126'),
(242, 'Carlee Roberson', '08211012456', 'Jl. Tan Malaka No. 138'),
(243, 'Abraham Warren', '08211007314', 'Jl. Agus Salim No. 115'),
(244, 'Aliyah Mueller', '08211001365', 'Jl. Pangeran Diponegoro No. 78'),
(245, 'Turner Russell', '08211010492', 'Jl. H.O.S. Tjokroaminoto No. 56'),
(246, 'London Harris', '08211031559', 'Jl. Frans Kaisiepo No. 146'),
(247, 'Makenna Stanton', '08211001419', 'Jl. R.A. Lasminingrat No. 91'),
(248, 'Lilyana Case', '08211002095', 'Jl. Sutan Sjahrir No. 18'),
(249, 'Brenton Haas', '08211021666', 'Jl. Sisingamangaraja XII No. 79'),
(250, 'Callie King', '08211024936', 'Jl. Abdul Muis No. 42'),
(251, 'Dixie Stevens', '08211024881', 'Jl. Sam Ratulangi No. 70'),
(252, 'Brooke Holt', '08211031082', 'Jl. Sam Ratulangi No. 126'),
(253, 'Josie Mullen', '08211029191', 'Jl. Abdul Haris Nasution No. 54'),
(254, 'Jeremy Petty', '08211017080', 'Jl. K.H. Agus Salim No. 131'),
(255, 'Allan Todd', '08211030549', 'Jl. Pangeran Diponegoro No. 148'),
(256, 'Aria Rangel', '08211010701', 'Jl. Cut Nyak Dhien No. 131'),
(257, 'Eva Weiss', '08211009778', 'Jl. Cut Nyak Dhien No. 113'),
(258, 'Lacey Austin', '08211016034', 'Jl. Johannes Leimena No. 69'),
(259, 'Wayne Fischer', '08211003341', 'Jl. Agus Salim No. 58'),
(260, 'Jensen Gates', '08211013388', 'Jl. Tan Malaka No. 86'),
(261, 'Addison Griffith', '08211015287', 'Jl. K.H. Hasyim Asyari No. 89'),
(262, 'Rogelio Steele', '08211003072', 'Jl. Sisingamangaraja XII No. 77'),
(263, 'Jerimiah Bailey', '08211031665', 'Jl. Raden Ajeng Kartini No. 115'),
(264, 'Marlee Scott', '08211017752', 'Jl. Kapitan Pattimura No. 19'),
(265, 'Clayton Vaughn', '08211020212', 'Jl. Dr. Wahidin Soedirohoesodo No. 60'),
(266, 'Waylon Carlson', '08211016031', 'Jl. Mohammad Hatta No. 11'),
(267, 'Jenny Mckinney', '08211011097', 'Jl. Alexander Andries Maramis No. 108'),
(268, 'Brice Patrick', '08211019724', 'Jl. Cut Nyak Dhien No. 43'),
(269, 'Gideon Marks', '08211014305', 'Jl. K.H. Ahmad Dahlan No. 6'),
(270, 'John Sosa', '08211014550', 'Jl. Kapitan Pattimura No. 128'),
(271, 'Amber Werner', '08211018498', 'Jl. Dr. Soetomo No. 81'),
(272, 'Belinda Landry', '08211027071', 'Jl. Ki Bagus Hadikusumo No. 26'),
(273, 'Jair Bean', '08211021913', 'Jl. K.H. Agus Salim No. 102'),
(274, 'Brianna Gentry', '08211010794', 'Jl. Ki Bagus Hadikusumo No. 103'),
(275, 'Lana Lopez', '08211005262', 'Jl. Frans Kaisiepo No. 13'),
(276, 'Camren Solomon', '08211005267', 'Jl. Dr. Soetomo No. 114'),
(277, 'Sonny Herring', '08211019498', 'Jl. Raden Ajeng Kartini No. 13'),
(278, 'Ann Combs', '08211030123', 'Jl. R.A. Wiranatakusumah No. 100'),
(279, 'Denise Clayton', '08211015976', 'Jl. Dr. Wahidin Soedirohoesodo No. 3'),
(280, 'Rashad Solis', '08211002287', 'Jl. R.A. Kartini No. 129'),
(281, 'Ryder Davies', '08211006044', 'Jl. R.A. Wiranatakusumah No. 131'),
(282, 'Rene Yang', '08211029553', 'Jl. R.A. Lasminingrat No. 142'),
(283, 'Cayden Pineda', '08211010158', 'Jl. Agus Salim No. 116'),
(284, 'Shyann Lamb', '08211030424', 'Jl. Dewi Sartika No. 51'),
(285, 'Kendall Hendrix', '08211013548', 'Jl. Dewi Sartika No. 98'),
(286, 'Hayley Galvan', '08211023618', 'Jl. Johannes Leimena No. 130'),
(287, 'Guillermo Oconnell', '08211022374', 'Jl. Pangeran Diponegoro No. 18'),
(288, 'Kobe Little', '08211032385', 'Jl. Pangeran Diponegoro No. 15'),
(289, 'Ramon Gibson', '08211029915', 'Jl. Agus Salim No. 24'),
(290, 'Larry Bowers', '08211029774', 'Jl. Abdul Haris Nasution No. 134'),
(291, 'Agustin Woodard', '08211011911', 'Jl. Alexander Andries Maramis No. 137'),
(292, 'Jasmin Riggs', '08211007210', 'Jl. Ki Hajar Dewantara No. 65'),
(293, 'Phoenix Farmer', '08211002612', 'Jl. Jenderal Sudirman No. 91'),
(294, 'Jamya Burke', '08211027713', 'Jl. Mohammad Yamin No. 57'),
(295, 'Mathew Calderon', '08211027043', 'Jl. K.H. Zainul Arifin No. 87'),
(296, 'Wade Blackwell', '08211013150', 'Jl. Gajah Mada No. 115'),
(297, 'Catherine Armstrong', '08211030331', 'Jl. Tan Malaka No. 90'),
(298, 'Nola Medina', '08211015978', 'Jl. Cut Nyak Dhien No. 9'),
(299, 'Jennifer Landry', '08211000243', 'Jl. Bung Tomo No. 12'),
(300, 'Dax Hamilton', '08211016394', 'Jl. Mohammad Yamin No. 91'),
(301, 'Kenya Blair', '08211016932', 'Jl. Tjoet Nja Meutia No. 30'),
(302, 'Danika Neal', '08211021704', 'Jl. K.H. Zainul Arifin No. 92'),
(303, 'Bentley Burke', '08211017871', 'Jl. Kapitan Pattimura No. 113'),
(304, 'Pedro Salazar', '08211031192', 'Jl. R.M. Soerjopranoto No. 118'),
(305, 'Lindsey Fritz', '08211013543', 'Jl. Raden Dewi Sartika No. 63'),
(306, 'Ronan Vasquez', '08211008685', 'Jl. Imam Bonjol No. 4'),
(307, 'Allison Barrett', '08211012201', 'Jl. Teuku Umar No. 134'),
(308, 'Alexandra Dalton', '08211031084', 'Jl. Raden Dewi Sartika No. 38'),
(309, 'Roselyn Carrillo', '08211032137', 'Jl. Tjoet Nja Meutia No. 40'),
(310, 'Leila Montes', '08211002669', 'Jl. Idham Chalid No. 140'),
(311, 'Rylee Pugh', '08211020980', 'Jl. Kapitan Pattimura No. 110'),
(312, 'Brenda Jimenez', '08211005994', 'Jl. Dr. Wahidin Soedirohoesodo No. 3'),
(313, 'Leonidas Barajas', '08211000201', 'Jl. Jenderal Sudirman No. 49'),
(314, 'Abdiel Dawson', '08211004041', 'Jl. S.K. Trimurti No. 10'),
(315, 'Lane Harmon', '08211028993', 'Jl. K.H. Hasyim Asyari No. 149'),
(316, 'Marisol Fernandez', '08211004872', 'Jl. H.O.S. Tjokroaminoto No. 79'),
(317, 'Emmett Hunt', '08211021056', 'Jl. Gajah Mada No. 38'),
(318, 'Wade Robertson', '08211026768', 'Jl. Pangeran Diponegoro No. 122'),
(319, 'Diya Richards', '08211031549', 'Jl. R.A. Wiranatakusumah No. 104'),
(320, 'Jordyn Calderon', '08211010063', 'Jl. Sultan Hasanuddin No. 125'),
(321, 'Carley Santos', '08211031717', 'Jl. R.M. Soerjopranoto No. 145'),
(322, 'Paisley Sanford', '08211016604', 'Jl. Sisingamangaraja XII No. 136'),
(323, 'Ava Vance', '08211020495', 'Jl. Jenderal Sudirman No. 85'),
(324, 'Kailee Sanchez', '08211024263', 'Jl. Raden Inten II No. 39'),
(325, 'Shane Stevens', '08211017850', 'Jl. Tan Malaka No. 15'),
(326, 'Yair Craig', '08211012377', 'Jl. R.M. Soerjopranoto No. 84'),
(327, 'Michaela Perry', '08211003458', 'Jl. Kapitan Pattimura No. 72'),
(328, 'Rodrigo Chapman', '08211031171', 'Jl. Teuku Umar No. 22'),
(329, 'Sophie Spencer', '08211015371', 'Jl. Bung Tomo No. 87'),
(330, 'Gunnar Ramirez', '08211001431', 'Jl. K.H. Agus Salim No. 65'),
(331, 'Rory Park', '08211014948', 'Jl. Sutan Sjahrir No. 136'),
(332, 'Allen Hall', '08211006377', 'Jl. I Gusti Ngurah Rai No. 47'),
(333, 'Emery Larsen', '08211026066', 'Jl. K.H. Zainul Arifin No. 92'),
(334, 'Shayna Singh', '08211000433', 'Jl. Ki Hajar Dewantara No. 102'),
(335, 'William Hampton', '08211018951', 'Jl. Sultan Hasanuddin No. 106'),
(336, 'Michaela Woodard', '08211016948', 'Jl. Teuku Umar No. 77'),
(337, 'Elias Hale', '08211004874', 'Jl. Johannes Leimena No. 100'),
(338, 'Dorian Faulkner', '08211015549', 'Jl. Ki Hajar Dewantara No. 99'),
(339, 'Heather Higgins', '08211022873', 'Jl. I Gusti Ngurah Rai No. 49'),
(340, 'Johanna Dean', '08211015209', 'Jl. Idham Chalid No. 58'),
(341, 'Journey Atkinson', '08211008514', 'Jl. Otto Iskandardinata No. 64'),
(342, 'Celeste Wagner', '08211021127', 'Jl. Abdul Haris Nasution No. 99'),
(343, 'Kayden Hutchinson', '08211023925', 'Jl. R.A. Lasminingrat No. 137'),
(344, 'Willow Tyler', '08211003235', 'Jl. Gajah Mada No. 87'),
(345, 'Fletcher Mathews', '08211014693', 'Jl. Ki Hajar Dewantara No. 91'),
(346, 'Nolan Howe', '08211008606', 'Jl. Imam Bonjol No. 107'),
(347, 'Malik Donovan', '08211028054', 'Jl. Sultan Hasanuddin No. 117'),
(348, 'Ayden Vasquez', '08211029057', 'Jl. Abdul Muis No. 134'),
(349, 'Ashtyn Sellers', '08211031337', 'Jl. Mohammad Yamin No. 45'),
(350, 'Omar Holt', '08211004746', 'Jl. Teuku Umar No. 84'),
(351, 'Pierce Fry', '08211005050', 'Jl. Abdul Muis No. 139'),
(352, 'Bruno Costa', '08211022749', 'Jl. Abdul Haris Nasution No. 9'),
(353, 'Arturo Crane', '08211031429', 'Jl. Raden Ajeng Kartini No. 22'),
(354, 'Emery Wilson', '08211024471', 'Jl. Sutan Sjahrir No. 51'),
(355, 'Branson Aguirre', '08211001344', 'Jl. Soekarno No. 56'),
(356, 'Angela Johnston', '08211015440', 'Jl. S.K. Trimurti No. 113'),
(357, 'Tatum Mcmahon', '08211025942', 'Jl. Gajah Mada No. 32'),
(358, 'Kaydence Morales', '08211014936', 'Jl. Mohammad Hatta No. 1'),
(359, 'Jayleen Phelps', '08211010779', 'Jl. Pattimura No. 129'),
(360, 'Drake Reynolds', '08211015159', 'Jl. Bung Tomo No. 103'),
(361, 'Mark Arias', '08211032023', 'Jl. Jenderal Sudirman No. 57'),
(362, 'Nora Costa', '08211012427', 'Jl. Ki Bagus Hadikusumo No. 50'),
(363, 'Rose Owen', '08211021527', 'Jl. Sam Ratulangi No. 126'),
(364, 'Evie Flowers', '08211031026', 'Jl. Johannes Leimena No. 42'),
(365, 'Mackenzie Johnston', '08211013121', 'Jl. R.M. Soerjopranoto No. 73'),
(366, 'Darien Hancock', '08211003439', 'Jl. Wahidin Sudirohusodo No. 125'),
(367, 'Salma Whitaker', '08211020660', 'Jl. Raden Dewi Sartika No. 81'),
(368, 'Asia Finley', '08211021957', 'Jl. Sam Ratulangi No. 122'),
(369, 'Madeleine Brady', '08211005632', 'Jl. K.H. Hasyim Asyari No. 73'),
(370, 'Jazmyn Vaughan', '08211018365', 'Jl. K.H. Agus Salim No. 109'),
(371, 'Javion Castillo', '08211010739', 'Jl. Sultan Hasanuddin No. 88'),
(372, 'Gianna Booth', '08211023887', 'Jl. H.O.S. Tjokroaminoto No. 102'),
(373, 'Aimee Schaefer', '08211020112', 'Jl. K.H. Zainul Arifin No. 49'),
(374, 'Augustus Cain', '08211028872', 'Jl. Sutan Sjahrir No. 105'),
(375, 'Isaac Shah', '08211015301', 'Jl. Pattimura No. 51'),
(376, 'Franco Stanley', '08211029888', 'Jl. Mohammad Hatta No. 68'),
(377, 'Tania Deleon', '08211015769', 'Jl. Kapitan Pattimura No. 93'),
(378, 'Bryan Mcgee', '08211010054', 'Jl. K.H. Hasyim Asyari No. 91'),
(379, 'Gabriella Whitaker', '08211004060', 'Jl. Gajah Mada No. 7'),
(380, 'Carmen Sheppard', '08211013752', 'Jl. Wahidin Sudirohusodo No. 130'),
(381, 'Lucia Hubbard', '08211030828', 'Jl. Kapitan Pattimura No. 118'),
(382, 'Amara Lamb', '08211005361', 'Jl. Dr. Wahidin Soedirohoesodo No. 89'),
(383, 'Nehemiah Price', '08211006528', 'Jl. Alexander Andries Maramis No. 34'),
(384, 'Brogan Huerta', '08211002320', 'Jl. Abdul Haris Nasution No. 3'),
(385, 'Damien Abbott', '08211000118', 'Jl. I Gusti Ngurah Rai No. 99'),
(386, 'Fernanda Braun', '08211004901', 'Jl. Sultan Hasanuddin No. 59'),
(387, 'Kareem Adkins', '08211001325', 'Jl. Ki Hajar Dewantara No. 53'),
(388, 'Semaj Bender', '08211032113', 'Jl. Abdul Muis No. 43'),
(389, 'Sam Lamb', '08211031993', 'Jl. Cut Nyak Dhien No. 148'),
(390, 'Kael Booker', '08211030918', 'Jl. Dr. Soetomo No. 65'),
(391, 'Finley Burnett', '08211018393', 'Jl. Abdul Haris Nasution No. 21'),
(392, 'Stephen Delgado', '08211009942', 'Jl. Ki Bagus Hadikusumo No. 72'),
(393, 'Jeffery Sanford', '08211012814', 'Jl. Teuku Umar No. 57'),
(394, 'Camryn Larsen', '08211022712', 'Jl. R.A. Wiranatakusumah No. 100'),
(395, 'Todd Andersen', '08211022484', 'Jl. K.H. Agus Salim No. 9'),
(396, 'Trevon Conner', '08211007287', 'Jl. Gajah Mada No. 88'),
(397, 'Reed Poole', '08211007476', 'Jl. Otto Iskandardinata No. 136'),
(398, 'Carleigh Norris', '08211008382', 'Jl. K.H. Zainul Arifin No. 100'),
(399, 'Joselyn Huff', '08211016364', 'Jl. R.A. Kartini No. 139'),
(400, 'Bryant Klein', '08211024323', 'Jl. Ki Hajar Dewantara No. 45'),
(401, 'Ali Boyle', '08211006319', 'Jl. R.A. Wiranatakusumah No. 145'),
(402, 'Ciara Ballard', '08211012125', 'Jl. Dr. Soetomo No. 150'),
(403, 'Haley Lloyd', '08211028720', 'Jl. Agus Salim No. 53'),
(404, 'Julia Salas', '08211018772', 'Jl. Wahidin Sudirohusodo No. 81'),
(405, 'Haiden Bennett', '08211004781', 'Jl. Raden Inten II No. 74'),
(406, 'Teagan Preston', '08211002079', 'Jl. K.H. Ahmad Dahlan No. 16'),
(407, 'Jaelyn Hale', '08211000250', 'Jl. Idham Chalid No. 114'),
(408, 'Tyrone Schmidt', '08211015770', 'Jl. Imam Bonjol No. 29'),
(409, 'Derrick Jimenez', '08211005419', 'Jl. R.A. Lasminingrat No. 131'),
(410, 'Ximena Brock', '08211030603', 'Jl. Frans Kaisiepo No. 66'),
(411, 'Camren Collier', '08211018404', 'Jl. Agus Salim No. 131'),
(412, 'Kaylee Huang', '08211025331', 'Jl. Raden Ajeng Kartini No. 62'),
(413, 'Collin Mathis', '08211032644', 'Jl. K.H. Hasyim Asyari No. 88'),
(414, 'Eugene Avila', '08211032633', 'Jl. R.A. Wiranatakusumah No. 147'),
(415, 'Ann Davidson', '08211027739', 'Jl. Sisingamangaraja XII No. 52'),
(416, 'Alfred Dominguez', '08211022058', 'Jl. Wahidin Sudirohusodo No. 90'),
(417, 'Deon Kaufman', '08211018716', 'Jl. Sultan Hasanuddin No. 144'),
(418, 'Boston Horn', '08211002602', 'Jl. Pattimura No. 92'),
(419, 'Camren Lane', '08211021871', 'Jl. Djuanda Kartawidjaja No. 103'),
(420, 'Joseph Livingston', '08211007593', 'Jl. Raden Dewi Sartika No. 64'),
(421, 'Juliette Nixon', '08211030874', 'Jl. Dewi Sartika No. 17'),
(422, 'Serena Mcfarland', '08211015336', 'Jl. Frans Kaisiepo No. 15'),
(423, 'Alexandra Hudson', '08211032228', 'Jl. Imam Bonjol No. 82'),
(424, 'Dalton Rojas', '08211015360', 'Jl. Dr. Wahidin Soedirohoesodo No. 23'),
(425, 'Gina Estrada', '08211030237', 'Jl. Imam Bonjol No. 150'),
(426, 'Devan Fuller', '08211023289', 'Jl. Pattimura No. 68'),
(427, 'Case Warner', '08211004577', 'Jl. Cut Nyak Dhien No. 97'),
(428, 'Mario Herman', '08211010542', 'Jl. K.H. Zainul Arifin No. 31'),
(429, 'Luka Pineda', '08211018305', 'Jl. R.A. Wiranatakusumah No. 82'),
(430, 'Finnegan Malone', '08211031531', 'Jl. Pattimura No. 11'),
(431, 'Shirley James', '08211028552', 'Jl. H.O.S. Tjokroaminoto No. 130'),
(432, 'Eileen Beard', '08211024932', 'Jl. Otto Iskandardinata No. 7'),
(433, 'Felix Cooper', '08211012335', 'Jl. Agus Salim No. 86'),
(434, 'Nyasia Ramirez', '08211023510', 'Jl. Johannes Leimena No. 43'),
(435, 'Hadassah Steele', '08211023942', 'Jl. Jenderal Sudirman No. 49'),
(436, 'Beatrice Yu', '08211025041', 'Jl. Otto Iskandardinata No. 87'),
(437, 'Xiomara Campos', '08211014847', 'Jl. Sultan Hasanuddin No. 69'),
(438, 'Chaya Hardy', '08211014581', 'Jl. Sultan Hasanuddin No. 55'),
(439, 'Byron Phillips', '08211013272', 'Jl. Tan Malaka No. 33'),
(440, 'Alyssa Ochoa', '08211029052', 'Jl. Johannes Leimena No. 18'),
(441, 'Noemi Hobbs', '08211031369', 'Jl. Otto Iskandardinata No. 37'),
(442, 'Ismael Mccullough', '08211002967', 'Jl. Martha Christina Tiahahu No. 133'),
(443, 'Kyra Thornton', '08211007857', 'Jl. Pangeran Diponegoro No. 83'),
(444, 'Zachery Zuniga', '08211032711', 'Jl. Wahidin Sudirohusodo No. 17'),
(445, 'Nathan Kidd', '08211021723', 'Jl. Tjoet Nja Meutia No. 1'),
(446, 'Lilianna Caldwell', '08211027848', 'Jl. Sisingamangaraja XII No. 99'),
(447, 'Chase Glass', '08211011769', 'Jl. Abdul Haris Nasution No. 107'),
(448, 'Lyric Klein', '08211020773', 'Jl. K.H. Zainul Arifin No. 37'),
(449, 'Ezekiel Middleton', '08211009879', 'Jl. Cut Nyak Dhien No. 108'),
(450, 'Serena Donaldson', '08211004832', 'Jl. Tjipto Mangunkusumo No. 49'),
(451, 'Josue Curry', '08211024287', 'Jl. K.H. Agus Salim No. 114'),
(452, 'Malik Russell', '08211020672', 'Jl. Sam Ratulangi No. 48'),
(453, 'Kaelyn Collins', '08211003773', 'Jl. Abdul Haris Nasution No. 106'),
(454, 'Jayvion Mcmahon', '08211006911', 'Jl. Djuanda Kartawidjaja No. 22'),
(455, 'Lukas Koch', '08211029172', 'Jl. Agus Salim No. 147'),
(456, 'Jagger Patrick', '08211020108', 'Jl. Mohammad Hatta No. 145'),
(457, 'Zoe Heath', '08211032071', 'Jl. I Gusti Ngurah Rai No. 115'),
(458, 'Taylor Travis', '08211000407', 'Jl. Sam Ratulangi No. 118'),
(459, 'Hamza Bolton', '08211020514', 'Jl. Dr. Soetomo No. 64'),
(460, 'Miriam Oconnell', '08211026266', 'Jl. Raden Dewi Sartika No. 91'),
(461, 'Efrain Santos', '08211010181', 'Jl. Agus Salim No. 56'),
(462, 'Ray Ali', '08211011874', 'Jl. Imam Bonjol No. 28'),
(463, 'Annalise Glover', '08211032432', 'Jl. Kapitan Pattimura No. 140'),
(464, 'Gaven Cannon', '08211005969', 'Jl. Sutan Sjahrir No. 54'),
(465, 'Camren Gillespie', '08211021783', 'Jl. Sam Ratulangi No. 37'),
(466, 'Aubrie Welch', '08211005350', 'Jl. I Gusti Ngurah Rai No. 19'),
(467, 'Maverick Fox', '08211026277', 'Jl. Dewi Sartika No. 19'),
(468, 'River Knox', '08211006409', 'Jl. K.H. Ahmad Dahlan No. 143'),
(469, 'Jada Velasquez', '08211030749', 'Jl. Alexander Andries Maramis No. 37'),
(470, 'Aleah Howe', '08211027250', 'Jl. Raden Inten II No. 22'),
(471, 'Irvin Flores', '08211017585', 'Jl. H.O.S. Tjokroaminoto No. 42'),
(472, 'Terrance Mcconnell', '08211007697', 'Jl. Ki Bagus Hadikusumo No. 123'),
(473, 'Lyric Mercer', '08211019107', 'Jl. Teuku Umar No. 123'),
(474, 'Britney Wilcox', '08211017354', 'Jl. Tjoet Nja Meutia No. 95'),
(475, 'Jamya Murphy', '08211007520', 'Jl. Mohammad Yamin No. 86'),
(476, 'Zaire Calderon', '08211026927', 'Jl. Cut Nyak Dhien No. 29'),
(477, 'Jude Simpson', '08211013722', 'Jl. K.H. Zainul Arifin No. 65'),
(478, 'Augustus Olsen', '08211027814', 'Jl. Imam Bonjol No. 55'),
(479, 'Aniyah Cline', '08211003555', 'Jl. Sultan Hasanuddin No. 72'),
(480, 'Celeste Villa', '08211028666', 'Jl. Mohammad Yamin No. 3'),
(481, 'Aidyn Gomez', '08211005953', 'Jl. Teuku Umar No. 20'),
(482, 'Adan Fitzgerald', '08211023339', 'Jl. Raden Dewi Sartika No. 129'),
(483, 'Maximo Ortiz', '08211002688', 'Jl. Imam Bonjol No. 24'),
(484, 'Esmeralda Bond', '08211017973', 'Jl. Ki Hajar Dewantara No. 85'),
(485, 'Amari Patrick', '08211010228', 'Jl. Raden Ajeng Kartini No. 121'),
(486, 'Payten Sims', '08211020173', 'Jl. Teuku Umar No. 114'),
(487, 'Amir Ballard', '08211026320', 'Jl. K.H. Zainul Arifin No. 100'),
(488, 'Maci Baxter', '08211013475', 'Jl. Otto Iskandardinata No. 28'),
(489, 'Reed Hensley', '08211007358', 'Jl. Otto Iskandardinata No. 8'),
(490, 'Francesca Garner', '08211003838', 'Jl. Djuanda Kartawidjaja No. 19'),
(491, 'Muhammad Rivers', '08211028891', 'Jl. Tan Malaka No. 125'),
(492, 'Madyson Moss', '08211001471', 'Jl. K.H. Ahmad Dahlan No. 62'),
(493, 'Ally Hardy', '08211011709', 'Jl. Alexander Andries Maramis No. 17'),
(494, 'June Chase', '08211029346', 'Jl. Kapitan Pattimura No. 48'),
(495, 'Giancarlo Davenport', '08211026558', 'Jl. Tjipto Mangunkusumo No. 146'),
(496, 'Greyson Patel', '08211027290', 'Jl. K.H. Zainul Arifin No. 135'),
(497, 'Emmalee Frye', '08211010178', 'Jl. R.A. Wiranatakusumah No. 48'),
(498, 'Boston Bradley', '08211024914', 'Jl. R.A. Wiranatakusumah No. 89'),
(499, 'Alice Franklin', '08211028123', 'Jl. Cut Nyak Dhien No. 39'),
(500, 'Rafael Bray', '08211001041', 'Jl. Martha Christina Tiahahu No. 48'),
(501, 'Cale Sawyer', '08211010782', 'Jl. Sisingamangaraja XII No. 113'),
(502, 'Araceli Bruce', '08211020738', 'Jl. Raden Ajeng Kartini No. 124'),
(503, 'Evan Valenzuela', '08211032101', 'Jl. K.H. Hasyim Asyari No. 98'),
(504, 'Valentino Chang', '08211014667', 'Jl. Tjipto Mangunkusumo No. 59'),
(505, 'Kyler Brewer', '08211030586', 'Jl. Abdul Haris Nasution No. 115'),
(506, 'Lauren Roy', '08211010353', 'Jl. Tjoet Nja Meutia No. 114'),
(507, 'Coby Larsen', '08211008429', 'Jl. Ki Hajar Dewantara No. 94'),
(508, 'Hezekiah Marks', '08211022612', 'Jl. Pattimura No. 60'),
(509, 'Jovanni Mcintyre', '08211031868', 'Jl. Imam Bonjol No. 43'),
(510, 'Steve Richmond', '08211023593', 'Jl. Bung Tomo No. 86'),
(511, 'Lauren Rich', '08211030664', 'Jl. Imam Bonjol No. 64'),
(512, 'Emerson Hodge', '08211017953', 'Jl. Soekarno No. 39'),
(513, 'Allie Ortiz', '08211025272', 'Jl. Ki Hajar Dewantara No. 99'),
(514, 'Jordan Huang', '08211000590', 'Jl. Alexander Andries Maramis No. 25'),
(515, 'Misael Leonard', '08211013010', 'Jl. S.K. Trimurti No. 106'),
(516, 'Michael Thompson', '08211017332', 'Jl. Raden Ajeng Kartini No. 16'),
(517, 'Shania Lang', '08211007531', 'Jl. Martha Christina Tiahahu No. 20'),
(518, 'Damari Garrett', '08211026749', 'Jl. Soekarno No. 104'),
(519, 'Ibrahim Newman', '08211009699', 'Jl. Johannes Leimena No. 39'),
(520, 'Kenny Preston', '08211007516', 'Jl. Ki Hajar Dewantara No. 115'),
(521, 'Giana Espinoza', '08211006681', 'Jl. K.H. Zainul Arifin No. 87'),
(522, 'Yandel Costa', '08211025289', 'Jl. Ki Bagus Hadikusumo No. 88'),
(523, 'Zayne Cervantes', '08211023944', 'Jl. Dr. Wahidin Soedirohoesodo No. 110'),
(524, 'Elena Maxwell', '08211009895', 'Jl. Abdul Haris Nasution No. 37'),
(525, 'Timothy Pena', '08211006134', 'Jl. Pattimura No. 79'),
(526, 'Raven Anthony', '08211009768', 'Jl. Raden Inten II No. 123'),
(527, 'Colby King', '08211025325', 'Jl. R.A. Kartini No. 115'),
(528, 'Remington Shah', '08211030447', 'Jl. Mohammad Hatta No. 58'),
(529, 'Maximus Villarreal', '08211002016', 'Jl. Ki Hajar Dewantara No. 113'),
(530, 'Dominique Jennings', '08211014160', 'Jl. Gajah Mada No. 22'),
(531, 'Ansley Oconnell', '08211016941', 'Jl. Alexander Andries Maramis No. 5'),
(532, 'Kaiya Jacobson', '08211023950', 'Jl. K.H. Hasyim Asyari No. 19'),
(533, 'Gavin Browning', '08211022275', 'Jl. Mohammad Yamin No. 65'),
(534, 'Adison Acevedo', '08211005245', 'Jl. Sutan Sjahrir No. 26'),
(535, 'Nathalia Conrad', '08211009882', 'Jl. Bung Tomo No. 92'),
(536, 'Julianne Valdez', '08211011803', 'Jl. Abdul Haris Nasution No. 109'),
(537, 'Shaniya Hurst', '08211004226', 'Jl. R.A. Wiranatakusumah No. 47'),
(538, 'Briley Yang', '08211020956', 'Jl. R.A. Kartini No. 33'),
(539, 'Ella Blake', '08211022363', 'Jl. Sam Ratulangi No. 34'),
(540, 'River Smith', '08211017182', 'Jl. R.M. Soerjopranoto No. 76'),
(541, 'Jaylynn Reilly', '08211022142', 'Jl. Sultan Hasanuddin No. 78'),
(542, 'Maximus Acosta', '08211021763', 'Jl. K.H. Ahmad Dahlan No. 47'),
(543, 'Donna Nichols', '08211017898', 'Jl. Abdul Haris Nasution No. 28'),
(544, 'Jackson Shelton', '08211031200', 'Jl. Pattimura No. 130'),
(545, 'Gianna Zhang', '08211030418', 'Jl. Wahidin Sudirohusodo No. 37'),
(546, 'Alonzo Burns', '08211000360', 'Jl. R.M. Soerjopranoto No. 20'),
(547, 'Eliana Case', '08211005204', 'Jl. Dr. Soetomo No. 78'),
(548, 'Keaton Kemp', '08211023200', 'Jl. R.A. Lasminingrat No. 44'),
(549, 'Alondra Brown', '08211024933', 'Jl. K.H. Agus Salim No. 101'),
(550, 'Karsyn Fuller', '08211024505', 'Jl. Soekarno No. 84'),
(551, 'Lillianna Ochoa', '08211007050', 'Jl. I Gusti Ngurah Rai No. 125'),
(552, 'Perla Webster', '08211018468', 'Jl. S.K. Trimurti No. 26'),
(553, 'Rhett Mcbride', '08211016402', 'Jl. I Gusti Ngurah Rai No. 62'),
(554, 'Hailie Crane', '08211020187', 'Jl. Djuanda Kartawidjaja No. 122'),
(555, 'Kathy Drake', '08211026936', 'Jl. Tan Malaka No. 68'),
(556, 'Taryn Myers', '08211019259', 'Jl. Idham Chalid No. 40'),
(557, 'Yael Carey', '08211007505', 'Jl. Sutan Sjahrir No. 21'),
(558, 'Corey Barnett', '08211017757', 'Jl. Idham Chalid No. 130'),
(559, 'Jamal Massey', '08211018655', 'Jl. Kapitan Pattimura No. 118'),
(560, 'Nyla Stevens', '08211020755', 'Jl. Kapitan Pattimura No. 12'),
(561, 'Reginald Johnson', '08211002764', 'Jl. Teuku Umar No. 120'),
(562, 'Ernest Payne', '08211023171', 'Jl. Ki Bagus Hadikusumo No. 22'),
(563, 'Aniyah Nixon', '08211029314', 'Jl. Alexander Andries Maramis No. 81'),
(564, 'Brynlee Fischer', '08211002372', 'Jl. Dr. Soetomo No. 124'),
(565, 'Reid Molina', '08211023842', 'Jl. Kapitan Pattimura No. 60'),
(566, 'Jaycee Green', '08211000064', 'Jl. Wahidin Sudirohusodo No. 38'),
(567, 'Perla Lawrence', '08211015525', 'Jl. R.A. Lasminingrat No. 87'),
(568, 'Caitlin Harmon', '08211031522', 'Jl. Sisingamangaraja XII No. 141'),
(569, 'Brennan Horton', '08211014196', 'Jl. Martha Christina Tiahahu No. 6'),
(570, 'Vincent Clements', '08211003243', 'Jl. K.H. Zainul Arifin No. 128'),
(571, 'Livia Kirby', '08211013216', 'Jl. Imam Bonjol No. 115'),
(572, 'Kenley Wiley', '08211018782', 'Jl. Soekarno No. 84'),
(573, 'Aspen Shah', '08211001126', 'Jl. Ki Bagus Hadikusumo No. 109'),
(574, 'Alberto Fry', '08211000900', 'Jl. Gajah Mada No. 47'),
(575, 'Gregory Ramos', '08211014343', 'Jl. Dewi Sartika No. 129'),
(576, 'Alejandra Cherry', '08211029443', 'Jl. H.O.S. Tjokroaminoto No. 75'),
(577, 'Kenna Schwartz', '08211016136', 'Jl. Martha Christina Tiahahu No. 92'),
(578, 'Annabella Fuentes', '08211003864', 'Jl. Agus Salim No. 136'),
(579, 'Kenneth Lambert', '08211015647', 'Jl. S.K. Trimurti No. 112'),
(580, 'Elena Gomez', '08211004501', 'Jl. K.H. Ahmad Dahlan No. 67'),
(581, 'Enzo Vega', '08211031468', 'Jl. Raden Dewi Sartika No. 94'),
(582, 'Seamus Williams', '08211024671', 'Jl. K.H. Agus Salim No. 141'),
(583, 'Jamie Harvey', '08211018801', 'Jl. Frans Kaisiepo No. 64'),
(584, 'Ryann Hull', '08211030442', 'Jl. R.A. Lasminingrat No. 56'),
(585, 'Malia Johnston', '08211008621', 'Jl. Agus Salim No. 147'),
(586, 'Conor Anthony', '08211006390', 'Jl. Abdul Muis No. 138'),
(587, 'Caden Singleton', '08211025954', 'Jl. Tjipto Mangunkusumo No. 102'),
(588, 'Alessandro Compton', '08211008838', 'Jl. Pangeran Diponegoro No. 108'),
(589, 'Baron Banks', '08211011853', 'Jl. R.A. Wiranatakusumah No. 47'),
(590, 'Phoenix Ho', '08211031271', 'Jl. Mohammad Husni Thamrin No. 148'),
(591, 'Humberto Petersen', '08211015716', 'Jl. Tjipto Mangunkusumo No. 53'),
(592, 'Moises Cantu', '08211025311', 'Jl. Sisingamangaraja XII No. 41'),
(593, 'Noel Camacho', '08211016117', 'Jl. Wahidin Sudirohusodo No. 17'),
(594, 'Dustin Estrada', '08211031143', 'Jl. Frans Kaisiepo No. 132'),
(595, 'Rishi Carter', '08211014190', 'Jl. Johannes Leimena No. 5'),
(596, 'Rodney Bullock', '08211025443', 'Jl. Tan Malaka No. 75'),
(597, 'Valentino Park', '08211003931', 'Jl. Alexander Andries Maramis No. 128'),
(598, 'Aaden Lawrence', '08211027360', 'Jl. Raden Inten II No. 131'),
(599, 'Jazlyn Odom', '08211032460', 'Jl. Jenderal Sudirman No. 13'),
(600, 'Scott Macias', '08211016682', 'Jl. Teuku Umar No. 10'),
(601, 'Wyatt Parker', '08211021306', 'Jl. Tjoet Nja Meutia No. 96'),
(602, 'Liliana Orr', '08211016586', 'Jl. Pangeran Diponegoro No. 28'),
(603, 'Jerry Bridges', '08211008721', 'Jl. H.O.S. Tjokroaminoto No. 54'),
(604, 'Gideon Harper', '08211010818', 'Jl. Djuanda Kartawidjaja No. 97'),
(605, 'Tia Watkins', '08211013438', 'Jl. Abdul Haris Nasution No. 24'),
(606, 'Beckett Carter', '08211005775', 'Jl. Ki Hajar Dewantara No. 35'),
(607, 'Elaine Shea', '08211026076', 'Jl. Mohammad Husni Thamrin No. 28'),
(608, 'Ainsley Herman', '08211029444', 'Jl. Martha Christina Tiahahu No. 69'),
(609, 'Marco Soto', '08211002384', 'Jl. Abdul Muis No. 40'),
(610, 'Rylie Blackwell', '08211007371', 'Jl. Raden Ajeng Kartini No. 131'),
(611, 'Peyton Mayer', '08211025912', 'Jl. R.A. Wiranatakusumah No. 60'),
(612, 'Gabriella Mathews', '08211003593', 'Jl. Mohammad Yamin No. 20'),
(613, 'Lucia Hatfield', '08211025045', 'Jl. Gajah Mada No. 49'),
(614, 'Nash Zhang', '08211024332', 'Jl. Mohammad Husni Thamrin No. 7'),
(615, 'Madelyn Randolph', '08211032534', 'Jl. Bung Tomo No. 35'),
(616, 'Misael Castro', '08211017532', 'Jl. S.K. Trimurti No. 142'),
(617, 'Maximillian Schneider', '08211024049', 'Jl. Sisingamangaraja XII No. 20'),
(618, 'Gavyn Lucero', '08211019344', 'Jl. R.A. Lasminingrat No. 55'),
(619, 'Courtney Kerr', '08211014673', 'Jl. K.H. Hasyim Asyari No. 57'),
(620, 'Julianna Acosta', '08211032713', 'Jl. Martha Christina Tiahahu No. 148'),
(621, 'Talia Norris', '08211031128', 'Jl. Otto Iskandardinata No. 5'),
(622, 'Ryker Bryant', '08211032080', 'Jl. Tan Malaka No. 45'),
(623, 'Jayvon Martin', '08211006237', 'Jl. Wahidin Sudirohusodo No. 105'),
(624, 'Wayne Randolph', '08211007809', 'Jl. Tjoet Nja Meutia No. 86'),
(625, 'Brennan Tyler', '08211004309', 'Jl. S.K. Trimurti No. 123'),
(626, 'Serenity Howell', '08211020497', 'Jl. Ki Hajar Dewantara No. 77'),
(627, 'Maia Allison', '08211022769', 'Jl. Tan Malaka No. 13'),
(628, 'Elyse Simmons', '08211022295', 'Jl. Raden Ajeng Kartini No. 76'),
(629, 'Paulina Shea', '08211023961', 'Jl. R.A. Kartini No. 96'),
(630, 'Adriana Rubio', '08211002138', 'Jl. Jenderal Sudirman No. 53'),
(631, 'Byron Rios', '08211011027', 'Jl. Soekarno No. 89'),
(632, 'Shaniya Davidson', '08211002303', 'Jl. Imam Bonjol No. 47'),
(633, 'Rachael Harrell', '08211003833', 'Jl. Pattimura No. 88'),
(634, 'Jakob Snyder', '08211024520', 'Jl. Ki Bagus Hadikusumo No. 62'),
(635, 'Terrell Buchanan', '08211018928', 'Jl. H.O.S. Tjokroaminoto No. 100'),
(636, 'Mariah Scott', '08211031660', 'Jl. Alexander Andries Maramis No. 69'),
(637, 'Haylee Frederick', '08211012993', 'Jl. H.O.S. Tjokroaminoto No. 63'),
(638, 'Houston Mcintosh', '08211027212', 'Jl. Wahidin Sudirohusodo No. 20'),
(639, 'Daniela Conner', '08211004717', 'Jl. Wahidin Sudirohusodo No. 86'),
(640, 'Zaid Obrien', '08211004373', 'Jl. Pangeran Diponegoro No. 96'),
(641, 'Ryan Santos', '08211007253', 'Jl. Pattimura No. 144'),
(642, 'Cale Carpenter', '08211000556', 'Jl. Sisingamangaraja XII No. 21'),
(643, 'Claudia Perkins', '08211029922', 'Jl. K.H. Ahmad Dahlan No. 113'),
(644, 'Kaia Rodgers', '08211017192', 'Jl. Raden Inten II No. 75'),
(645, 'Annalise Wells', '08211009203', 'Jl. Bung Tomo No. 75'),
(646, 'Deja Buckley', '08211021895', 'Jl. Pangeran Diponegoro No. 37'),
(647, 'Meadow Dawson', '08211009192', 'Jl. Bung Tomo No. 95'),
(648, 'Claudia Vaughan', '08211014093', 'Jl. Gajah Mada No. 89'),
(649, 'Reynaldo Burgess', '08211016083', 'Jl. K.H. Ahmad Dahlan No. 127'),
(650, 'Santino Bullock', '08211027554', 'Jl. Ki Bagus Hadikusumo No. 19'),
(651, 'Kaila Steele', '08211031694', 'Jl. Raden Inten II No. 61'),
(652, 'Mariela Mccarthy', '08211011220', 'Jl. K.H. Zainul Arifin No. 48'),
(653, 'Jonah Bond', '08211014167', 'Jl. Abdul Muis No. 140'),
(654, 'Giuliana Hart', '08211003984', 'Jl. Johannes Leimena No. 16'),
(655, 'Summer Hopkins', '08211027232', 'Jl. Mohammad Husni Thamrin No. 39'),
(656, 'Lilian Winters', '08211031303', 'Jl. Sutan Sjahrir No. 14'),
(657, 'Caleb Campos', '08211003595', 'Jl. I Gusti Ngurah Rai No. 63'),
(658, 'Paulina Duffy', '08211022409', 'Jl. Raden Ajeng Kartini No. 92'),
(659, 'Jasmine Mcfarland', '08211013275', 'Jl. K.H. Ahmad Dahlan No. 123'),
(660, 'Elliott Mckay', '08211011578', 'Jl. Alexander Andries Maramis No. 2'),
(661, 'Bernard Alvarez', '08211009400', 'Jl. Dr. Wahidin Soedirohoesodo No. 141'),
(662, 'Cortez Jacobson', '08211030604', 'Jl. K.H. Hasyim Asyari No. 114'),
(663, 'Chace Dennis', '08211026536', 'Jl. Tjipto Mangunkusumo No. 19'),
(664, 'Jayvion Leblanc', '08211018578', 'Jl. Sultan Hasanuddin No. 106'),
(665, 'Edgar Mcdaniel', '08211005583', 'Jl. Abdul Haris Nasution No. 63'),
(666, 'Reese Reed', '08211016259', 'Jl. H.O.S. Tjokroaminoto No. 33'),
(667, 'Uriah Tanner', '08211010540', 'Jl. Raden Ajeng Kartini No. 68'),
(668, 'Isla Deleon', '08211025799', 'Jl. Cut Nyak Dhien No. 97'),
(669, 'Grace Wise', '08211007734', 'Jl. K.H. Zainul Arifin No. 142'),
(670, 'Nicholas Clark', '08211008272', 'Jl. Imam Bonjol No. 125'),
(671, 'Remington Preston', '08211012469', 'Jl. Bung Tomo No. 148'),
(672, 'Yadiel Rangel', '08211000939', 'Jl. Dr. Wahidin Soedirohoesodo No. 92'),
(673, 'Finley Aguilar', '08211019798', 'Jl. Imam Bonjol No. 33'),
(674, 'Sydnee Leblanc', '08211032511', 'Jl. Agus Salim No. 4'),
(675, 'Annabel Aguirre', '08211014740', 'Jl. Cut Nyak Dhien No. 150'),
(676, 'Jarrett Dougherty', '08211028899', 'Jl. K.H. Ahmad Dahlan No. 96'),
(677, 'Mia Obrien', '08211009766', 'Jl. S.K. Trimurti No. 149'),
(678, 'Samara Thomas', '08211007282', 'Jl. R.M. Soerjopranoto No. 44'),
(679, 'Alisha Ward', '08211021388', 'Jl. Sisingamangaraja XII No. 104'),
(680, 'Jovanny Todd', '08211000584', 'Jl. Dr. Wahidin Soedirohoesodo No. 106'),
(681, 'Cindy Joseph', '08211029843', 'Jl. Tjipto Mangunkusumo No. 146'),
(682, 'Will Faulkner', '08211022533', 'Jl. Johannes Leimena No. 114'),
(683, 'Devan Roberts', '08211012818', 'Jl. K.H. Hasyim Asyari No. 23'),
(684, 'Daniel Calhoun', '08211027628', 'Jl. Dr. Wahidin Soedirohoesodo No. 98'),
(685, 'Lane Donaldson', '08211021234', 'Jl. Sam Ratulangi No. 72'),
(686, 'Giuliana Drake', '08211023347', 'Jl. Teuku Umar No. 74'),
(687, 'Dante Novak', '08211000906', 'Jl. Kapitan Pattimura No. 104'),
(688, 'Kolten Brady', '08211013286', 'Jl. Wahidin Sudirohusodo No. 32'),
(689, 'Ezra Porter', '08211030654', 'Jl. Bung Tomo No. 22'),
(690, 'Tabitha Robbins', '08211024062', 'Jl. Ki Hajar Dewantara No. 80'),
(691, 'Ellen Juarez', '08211016587', 'Jl. Sultan Hasanuddin No. 135'),
(692, 'Miles Vincent', '08211010993', 'Jl. Raden Dewi Sartika No. 14'),
(693, 'Dahlia Harding', '08211011113', 'Jl. Imam Bonjol No. 98'),
(694, 'Rudy Reed', '08211003630', 'Jl. Alexander Andries Maramis No. 105'),
(695, 'Sammy Mcknight', '08211018180', 'Jl. Otto Iskandardinata No. 126'),
(696, 'Anastasia Walls', '08211016623', 'Jl. R.A. Kartini No. 96'),
(697, 'Kinsley Wade', '08211030843', 'Jl. Sam Ratulangi No. 44'),
(698, 'Xiomara Daniel', '08211000856', 'Jl. I Gusti Ngurah Rai No. 80'),
(699, 'Haven Rasmussen', '08211022331', 'Jl. H.O.S. Tjokroaminoto No. 122'),
(700, 'Lennon Walter', '08211013045', 'Jl. Raden Inten II No. 146'),
(701, 'Milo Spencer', '08211006192', 'Jl. Mohammad Hatta No. 83'),
(702, 'Connor Willis', '08211011205', 'Jl. Imam Bonjol No. 31'),
(703, 'Angelina Hines', '08211002353', 'Jl. Sultan Hasanuddin No. 57'),
(704, 'Eileen Franklin', '08211004907', 'Jl. Tan Malaka No. 83'),
(705, 'Jordan Mosley', '08211017403', 'Jl. Bung Tomo No. 16'),
(706, 'Barbara Benton', '08211015165', 'Jl. Gajah Mada No. 18'),
(707, 'Leslie Todd', '08211013947', 'Jl. K.H. Ahmad Dahlan No. 116'),
(708, 'Ellis Esparza', '08211004128', 'Jl. R.A. Wiranatakusumah No. 125'),
(709, 'Paige Murphy', '08211018532', 'Jl. Soekarno No. 43'),
(710, 'Zara Gentry', '08211008053', 'Jl. Sultan Hasanuddin No. 82'),
(711, 'Darrell Vasquez', '08211007338', 'Jl. Frans Kaisiepo No. 48'),
(712, 'Evan Cardenas', '08211015406', 'Jl. Gajah Mada No. 103'),
(713, 'Rylan Benson', '08211000992', 'Jl. Cut Nyak Dhien No. 149'),
(714, 'Adalyn Herman', '08211018610', 'Jl. Djuanda Kartawidjaja No. 75'),
(715, 'Henry Mack', '08211022629', 'Jl. Kapitan Pattimura No. 16'),
(716, 'Adeline Costa', '08211018849', 'Jl. Pattimura No. 113'),
(717, 'Zain Sosa', '08211024328', 'Jl. K.H. Zainul Arifin No. 117'),
(718, 'Grady Carlson', '08211011185', 'Jl. Otto Iskandardinata No. 36'),
(719, 'Autumn Ford', '08211002710', 'Jl. Alexander Andries Maramis No. 109'),
(720, 'Luz Hendricks', '08211001744', 'Jl. Sam Ratulangi No. 27'),
(721, 'Ashanti Mendoza', '08211032620', 'Jl. Soekarno No. 44'),
(722, 'Renee Zhang', '08211006916', 'Jl. Tjoet Nja Meutia No. 92'),
(723, 'Quinten Blake', '08211025662', 'Jl. Soekarno No. 2'),
(724, 'Jaydan Mason', '08211017629', 'Jl. Dewi Sartika No. 138'),
(725, 'Maurice Delgado', '08211003487', 'Jl. Sutan Sjahrir No. 37'),
(726, 'Alexander Banks', '08211004816', 'Jl. Pattimura No. 119'),
(727, 'Brittany Hickman', '08211016875', 'Jl. Sam Ratulangi No. 119'),
(728, 'Eliana Cross', '08211008681', 'Jl. Wahidin Sudirohusodo No. 3'),
(729, 'Bridger Rice', '08211012040', 'Jl. Pangeran Diponegoro No. 121'),
(730, 'Keira Heath', '08211002497', 'Jl. Raden Inten II No. 15'),
(731, 'Lacey Schwartz', '08211029064', 'Jl. Raden Ajeng Kartini No. 52'),
(732, 'Cameron Zimmerman', '08211031541', 'Jl. Otto Iskandardinata No. 124'),
(733, 'Freddy Knox', '08211000640', 'Jl. K.H. Zainul Arifin No. 129'),
(734, 'Jabari Hanna', '08211000389', 'Jl. K.H. Ahmad Dahlan No. 60'),
(735, 'Vance Zhang', '08211016814', 'Jl. Pangeran Diponegoro No. 26'),
(736, 'Carley Clayton', '08211006666', 'Jl. K.H. Zainul Arifin No. 44'),
(737, 'Brett Green', '08211025064', 'Jl. Jenderal Sudirman No. 104'),
(738, 'Zachary Kent', '08211022458', 'Jl. Tjoet Nja Meutia No. 88'),
(739, 'Reuben Bartlett', '08211021523', 'Jl. Gajah Mada No. 64'),
(740, 'Drake Becker', '08211031442', 'Jl. Kapitan Pattimura No. 33'),
(741, 'Abraham Mack', '08211011537', 'Jl. Otto Iskandardinata No. 102'),
(742, 'Heaven Hart', '08211028739', 'Jl. Ki Bagus Hadikusumo No. 107'),
(743, 'Anastasia Shaffer', '08211028616', 'Jl. K.H. Ahmad Dahlan No. 40'),
(744, 'Ronin Patton', '08211001650', 'Jl. R.A. Lasminingrat No. 28'),
(745, 'Siena Wang', '08211020163', 'Jl. Jenderal Sudirman No. 6'),
(746, 'Misael Roberts', '08211032205', 'Jl. Sam Ratulangi No. 127'),
(747, 'Logan Mckee', '08211012972', 'Jl. Djuanda Kartawidjaja No. 115'),
(748, 'Shamar Hahn', '08211016101', 'Jl. Djuanda Kartawidjaja No. 139'),
(749, 'Jax Allison', '08211018120', 'Jl. Raden Ajeng Kartini No. 18'),
(750, 'Camren Hudson', '08211001724', 'Jl. R.A. Kartini No. 47'),
(751, 'Koen Mcconnell', '08211032379', 'Jl. Tan Malaka No. 139'),
(752, 'Tommy Ayers', '08211022526', 'Jl. Pangeran Diponegoro No. 121'),
(753, 'Alina Rios', '08211029534', 'Jl. Raden Inten II No. 57'),
(754, 'Felicity Rosario', '08211012448', 'Jl. Alexander Andries Maramis No. 125'),
(755, 'Audrina Miranda', '08211014791', 'Jl. R.A. Wiranatakusumah No. 107'),
(756, 'Whitney Bradley', '08211016685', 'Jl. I Gusti Ngurah Rai No. 110'),
(757, 'Leyla Adkins', '08211030422', 'Jl. Raden Inten II No. 68'),
(758, 'Mina Downs', '08211004408', 'Jl. K.H. Hasyim Asyari No. 114'),
(759, 'Damarion Brown', '08211030950', 'Jl. I Gusti Ngurah Rai No. 40'),
(760, 'Kathy Skinner', '08211016308', 'Jl. Pattimura No. 48'),
(761, 'Brodie Snyder', '08211017355', 'Jl. Gajah Mada No. 53'),
(762, 'Nathanael Brandt', '08211016603', 'Jl. Dr. Wahidin Soedirohoesodo No. 27'),
(763, 'Adalyn Clay', '08211012008', 'Jl. Kapitan Pattimura No. 76'),
(764, 'Yesenia Todd', '08211023050', 'Jl. Alexander Andries Maramis No. 43'),
(765, 'Monserrat Hogan', '08211031132', 'Jl. H.O.S. Tjokroaminoto No. 136'),
(766, 'Sherlyn Shields', '08211028016', 'Jl. K.H. Agus Salim No. 131'),
(767, 'Deja Jennings', '08211014770', 'Jl. Tan Malaka No. 146'),
(768, 'Immanuel Suarez', '08211004864', 'Jl. H.O.S. Tjokroaminoto No. 65'),
(769, 'Jaden Newman', '08211027149', 'Jl. H.O.S. Tjokroaminoto No. 18'),
(770, 'Kale Zuniga', '08211032668', 'Jl. Gajah Mada No. 32'),
(771, 'Sterling Pruitt', '08211032237', 'Jl. Abdul Haris Nasution No. 68'),
(772, 'Hector Shah', '08211020852', 'Jl. K.H. Hasyim Asyari No. 71'),
(773, 'Laylah Perkins', '08211014075', 'Jl. Abdul Haris Nasution No. 43'),
(774, 'Julissa Burke', '08211004343', 'Jl. Martha Christina Tiahahu No. 24'),
(775, 'Karlie Andrade', '08211022823', 'Jl. Sisingamangaraja XII No. 56'),
(776, 'Maxim Zamora', '08211013009', 'Jl. Tjoet Nja Meutia No. 50'),
(777, 'Clarence Gillespie', '08211012571', 'Jl. Wahidin Sudirohusodo No. 124'),
(778, 'Jayleen Crawford', '08211000999', 'Jl. Raden Ajeng Kartini No. 94'),
(779, 'Essence Nicholson', '08211018762', 'Jl. Tjipto Mangunkusumo No. 10'),
(780, 'Ross Ashley', '08211032423', 'Jl. Soekarno No. 46'),
(781, 'Myla Bright', '08211003309', 'Jl. H.O.S. Tjokroaminoto No. 137'),
(782, 'Isis Guerra', '08211013541', 'Jl. Idham Chalid No. 118'),
(783, 'Reuben Trevino', '08211014420', 'Jl. Sam Ratulangi No. 5'),
(784, 'Kaila Stokes', '08211018240', 'Jl. K.H. Zainul Arifin No. 133'),
(785, 'Kole Perry', '08211003693', 'Jl. Raden Dewi Sartika No. 122'),
(786, 'Trevon Copeland', '08211028341', 'Jl. Tan Malaka No. 47'),
(787, 'Kenny Montoya', '08211023362', 'Jl. Kapitan Pattimura No. 23'),
(788, 'Jose Lamb', '08211021092', 'Jl. Kapitan Pattimura No. 69'),
(789, 'Valentino Stephens', '08211029483', 'Jl. R.A. Kartini No. 7'),
(790, 'Adelaide Bright', '08211015947', 'Jl. Mohammad Hatta No. 75'),
(791, 'Raiden Leach', '08211002002', 'Jl. K.H. Ahmad Dahlan No. 32'),
(792, 'Jacquelyn Riggs', '08211003723', 'Jl. K.H. Agus Salim No. 114'),
(793, 'Denzel Barry', '08211013954', 'Jl. Sultan Hasanuddin No. 95'),
(794, 'Thalia Li', '08211013561', 'Jl. Wahidin Sudirohusodo No. 62'),
(795, 'Sarah Murillo', '08211014270', 'Jl. Sutan Sjahrir No. 41'),
(796, 'Kason May', '08211021688', 'Jl. Pangeran Diponegoro No. 13'),
(797, 'Kelton Beard', '08211010463', 'Jl. Raden Inten II No. 81'),
(798, 'Sloane Christensen', '08211005032', 'Jl. R.M. Soerjopranoto No. 43'),
(799, 'Reginald Franco', '08211012828', 'Jl. Soekarno No. 75'),
(800, 'Seth Glenn', '08211016088', 'Jl. Dewi Sartika No. 138'),
(801, 'Dalton Greene', '08211011813', 'Jl. Ki Hajar Dewantara No. 60'),
(802, 'Kenyon Kirby', '08211015203', 'Jl. Gajah Mada No. 119'),
(803, 'Salvatore Boone', '08211003601', 'Jl. K.H. Hasyim Asyari No. 120'),
(804, 'Molly Powell', '08211012462', 'Jl. Djuanda Kartawidjaja No. 2'),
(805, 'Giuliana Singh', '08211011166', 'Jl. R.A. Lasminingrat No. 42'),
(806, 'Lucia Beard', '08211001076', 'Jl. Mohammad Hatta No. 122'),
(807, 'Lucas Nicholson', '08211013223', 'Jl. R.A. Lasminingrat No. 33'),
(808, 'Caroline Lester', '08211024405', 'Jl. Frans Kaisiepo No. 148'),
(809, 'Logan Williams', '08211021814', 'Jl. Wahidin Sudirohusodo No. 47'),
(810, 'Jayda Neal', '08211013391', 'Jl. Sutan Sjahrir No. 70'),
(811, 'Dulce Mahoney', '08211027599', 'Jl. Raden Ajeng Kartini No. 107'),
(812, 'Sean Shepherd', '08211030232', 'Jl. Tjipto Mangunkusumo No. 40'),
(813, 'Maci Knox', '08211000068', 'Jl. Mohammad Yamin No. 136'),
(814, 'Cadence Montgomery', '08211019739', 'Jl. K.H. Ahmad Dahlan No. 113'),
(815, 'Itzel Kramer', '08211001492', 'Jl. Djuanda Kartawidjaja No. 125'),
(816, 'Jayleen Daniels', '08211015355', 'Jl. Raden Ajeng Kartini No. 3'),
(817, 'Joselyn Koch', '08211026737', 'Jl. Dr. Soetomo No. 92'),
(818, 'Savannah Watts', '08211002197', 'Jl. S.K. Trimurti No. 124'),
(819, 'Abbigail Estrada', '08211021082', 'Jl. Pangeran Diponegoro No. 36'),
(820, 'Sandra Atkinson', '08211009466', 'Jl. Sutan Sjahrir No. 39'),
(821, 'Essence Kaufman', '08211007119', 'Jl. R.M. Soerjopranoto No. 103'),
(822, 'Davon Bell', '08211025115', 'Jl. Jenderal Sudirman No. 69'),
(823, 'Erin Merritt', '08211010699', 'Jl. Abdul Muis No. 135'),
(824, 'Solomon Nash', '08211024149', 'Jl. Raden Inten II No. 148'),
(825, 'Todd Reeves', '08211013631', 'Jl. Otto Iskandardinata No. 69'),
(826, 'Yesenia Wall', '08211010324', 'Jl. Gajah Mada No. 68'),
(827, 'Slade Vaughan', '08211007233', 'Jl. I Gusti Ngurah Rai No. 12'),
(828, 'Rachel Bentley', '08211021626', 'Jl. Kapitan Pattimura No. 40'),
(829, 'Teresa Patel', '08211032345', 'Jl. Bung Tomo No. 105'),
(830, 'Madilynn Atkins', '08211014087', 'Jl. Jenderal Sudirman No. 90'),
(831, 'Cesar Larsen', '08211032413', 'Jl. Idham Chalid No. 87'),
(832, 'Jaylin Stewart', '08211027160', 'Jl. Tjoet Nja Meutia No. 65'),
(833, 'Steve Todd', '08211014231', 'Jl. Soekarno No. 3'),
(834, 'Cristian Harrison', '08211018071', 'Jl. Djuanda Kartawidjaja No. 54'),
(835, 'German Thompson', '08211013812', 'Jl. Abdul Haris Nasution No. 27'),
(836, 'Braelyn Russell', '08211000400', 'Jl. Raden Ajeng Kartini No. 38'),
(837, 'Cortez Ramos', '08211031687', 'Jl. R.A. Lasminingrat No. 118'),
(838, 'Jadyn Holmes', '08211008527', 'Jl. Agus Salim No. 107'),
(839, 'Stacy Greer', '08211022955', 'Jl. Teuku Umar No. 4'),
(840, 'Marcelo Bruce', '08211017502', 'Jl. Raden Ajeng Kartini No. 57'),
(841, 'Jermaine Torres', '08211009838', 'Jl. Johannes Leimena No. 110'),
(842, 'Ivan Wood', '08211001619', 'Jl. Martha Christina Tiahahu No. 27'),
(843, 'Omari Smith', '08211018935', 'Jl. H.O.S. Tjokroaminoto No. 16'),
(844, 'Regina Manning', '08211018082', 'Jl. Johannes Leimena No. 24'),
(845, 'Logan Jackson', '08211006856', 'Jl. Ki Hajar Dewantara No. 123'),
(846, 'Saniya Walters', '08211013252', 'Jl. Sultan Hasanuddin No. 51'),
(847, 'Turner Fox', '08211005705', 'Jl. Sutan Sjahrir No. 82'),
(848, 'Kali Woods', '08211005147', 'Jl. Johannes Leimena No. 139'),
(849, 'David Hensley', '08211006101', 'Jl. K.H. Ahmad Dahlan No. 124'),
(850, 'Julien Koch', '08211026093', 'Jl. Johannes Leimena No. 63'),
(851, 'Cristofer Dickson', '08211020094', 'Jl. Sutan Sjahrir No. 106'),
(852, 'Trey Zavala', '08211001308', 'Jl. Sisingamangaraja XII No. 71'),
(853, 'Elliott Glenn', '08211031605', 'Jl. K.H. Zainul Arifin No. 63'),
(854, 'Gabrielle Beck', '08211022968', 'Jl. Sutan Sjahrir No. 33'),
(855, 'Addison Colon', '08211022479', 'Jl. K.H. Ahmad Dahlan No. 86'),
(856, 'Stephany Armstrong', '08211021677', 'Jl. Pattimura No. 65'),
(857, 'Jaelyn Cook', '08211009538', 'Jl. Teuku Umar No. 22'),
(858, 'Arthur Payne', '08211029355', 'Jl. Ki Hajar Dewantara No. 83'),
(859, 'Kaden Lutz', '08211007533', 'Jl. Raden Ajeng Kartini No. 91'),
(860, 'Dean Hart', '08211015543', 'Jl. Teuku Umar No. 139'),
(861, 'Salvatore Cummings', '08211030678', 'Jl. Raden Inten II No. 92'),
(862, 'Eve Norris', '08211001636', 'Jl. Mohammad Yamin No. 101'),
(863, 'Talon Stafford', '08211005367', 'Jl. S.K. Trimurti No. 3'),
(864, 'Clarissa Horton', '08211030658', 'Jl. Otto Iskandardinata No. 25'),
(865, 'Lee Griffin', '08211029358', 'Jl. Ki Hajar Dewantara No. 54'),
(866, 'Cassandra Rojas', '08211018181', 'Jl. Raden Inten II No. 52'),
(867, 'Destiney Thornton', '08211006614', 'Jl. Djuanda Kartawidjaja No. 145'),
(868, 'Kaylen Gates', '08211014352', 'Jl. R.A. Wiranatakusumah No. 130'),
(869, 'Aria Oliver', '08211002766', 'Jl. Djuanda Kartawidjaja No. 56'),
(870, 'Kyle Ware', '08211008683', 'Jl. Soekarno No. 26'),
(871, 'Ryan Day', '08211026188', 'Jl. Abdul Haris Nasution No. 80'),
(872, 'Talia Schwartz', '08211003102', 'Jl. K.H. Ahmad Dahlan No. 37'),
(873, 'Monica English', '08211029427', 'Jl. Abdul Muis No. 18'),
(874, 'Jude Travis', '08211029404', 'Jl. Idham Chalid No. 93'),
(875, 'Danica Burgess', '08211001723', 'Jl. Soekarno No. 140'),
(876, 'Kendall Klein', '08211031245', 'Jl. Otto Iskandardinata No. 60'),
(877, 'Nathalie Gates', '08211031118', 'Jl. Tjipto Mangunkusumo No. 129'),
(878, 'Taryn Levine', '08211032338', 'Jl. Djuanda Kartawidjaja No. 36'),
(879, 'Augustus Velazquez', '08211018219', 'Jl. K.H. Ahmad Dahlan No. 21'),
(880, 'Valeria Price', '08211025804', 'Jl. H.O.S. Tjokroaminoto No. 1'),
(881, 'Viviana Weeks', '08211007164', 'Jl. R.A. Lasminingrat No. 118'),
(882, 'Annabelle Cox', '08211029106', 'Jl. Ki Hajar Dewantara No. 102'),
(883, 'Alisson Robertson', '08211008945', 'Jl. Pattimura No. 131'),
(884, 'Dana Joyce', '08211020518', 'Jl. Sisingamangaraja XII No. 54'),
(885, 'Jeffrey Williams', '08211011393', 'Jl. R.A. Wiranatakusumah No. 48'),
(886, 'Aryan Whitaker', '08211010601', 'Jl. K.H. Hasyim Asyari No. 73'),
(887, 'Trevon Bryan', '08211026424', 'Jl. Mohammad Hatta No. 49'),
(888, 'Lucian Ramos', '08211010904', 'Jl. Dr. Soetomo No. 87'),
(889, 'Walker Shannon', '08211024152', 'Jl. Ki Hajar Dewantara No. 100'),
(890, 'Teresa Rowe', '08211021409', 'Jl. Otto Iskandardinata No. 64'),
(891, 'Victor Nunez', '08211021463', 'Jl. Raden Inten II No. 39'),
(892, 'Angelo Torres', '08211014985', 'Jl. Sam Ratulangi No. 131'),
(893, 'Kailyn Holmes', '08211018515', 'Jl. Raden Ajeng Kartini No. 83'),
(894, 'Aubrie Dyer', '08211021903', 'Jl. Tjoet Nja Meutia No. 146'),
(895, 'Amari Solomon', '08211009804', 'Jl. R.A. Kartini No. 139'),
(896, 'Warren Gibbs', '08211026094', 'Jl. I Gusti Ngurah Rai No. 68'),
(897, 'Evan Mcmahon', '08211009715', 'Jl. Johannes Leimena No. 50'),
(898, 'Selah Cohen', '08211026332', 'Jl. R.A. Lasminingrat No. 116'),
(899, 'Molly Montoya', '08211009866', 'Jl. Tan Malaka No. 97'),
(900, 'Malia Rhodes', '08211020666', 'Jl. Imam Bonjol No. 90'),
(901, 'Aydin Love', '08211028548', 'Jl. Imam Bonjol No. 40'),
(902, 'Giselle Mccann', '08211010831', 'Jl. Tjipto Mangunkusumo No. 128'),
(903, 'Kyra Levine', '08211028577', 'Jl. Sultan Hasanuddin No. 131'),
(904, 'Kallie Palmer', '08211030969', 'Jl. Tan Malaka No. 107'),
(905, 'Delaney Ochoa', '08211025452', 'Jl. Raden Ajeng Kartini No. 20'),
(906, 'Laila Collier', '08211011420', 'Jl. Sam Ratulangi No. 146'),
(907, 'Trace Jarvis', '08211029088', 'Jl. K.H. Ahmad Dahlan No. 40'),
(908, 'Landen Mcdonald', '08211009487', 'Jl. I Gusti Ngurah Rai No. 98'),
(909, 'Landin Ellis', '08211032712', 'Jl. Soekarno No. 3'),
(910, 'Madelyn Gilmore', '08211027332', 'Jl. Dewi Sartika No. 94'),
(911, 'Donovan Fields', '08211010578', 'Jl. R.A. Lasminingrat No. 148'),
(912, 'Kathy Owen', '08211000452', 'Jl. Martha Christina Tiahahu No. 124'),
(913, 'Kimberly Cross', '08211010379', 'Jl. Kapitan Pattimura No. 12'),
(914, 'Carla Tanner', '08211032056', 'Jl. Idham Chalid No. 123'),
(915, 'Alfred Zuniga', '08211026256', 'Jl. Ki Bagus Hadikusumo No. 63'),
(916, 'Dayton Stewart', '08211007723', 'Jl. Alexander Andries Maramis No. 100'),
(917, 'Cortez Cowan', '08211002918', 'Jl. Abdul Muis No. 147'),
(918, 'Chad Leonard', '08211018388', 'Jl. Frans Kaisiepo No. 108'),
(919, 'Carson Lam', '08211008418', 'Jl. Tjipto Mangunkusumo No. 69'),
(920, 'Nehemiah Avila', '08211002583', 'Jl. Bung Tomo No. 48'),
(921, 'Shelby Shaffer', '08211013902', 'Jl. H.O.S. Tjokroaminoto No. 145'),
(922, 'Bethany Ballard', '08211005572', 'Jl. R.A. Lasminingrat No. 135'),
(923, 'Allen George', '08211031002', 'Jl. K.H. Agus Salim No. 72'),
(924, 'London Hines', '08211032206', 'Jl. S.K. Trimurti No. 109'),
(925, 'Beatrice Mcintosh', '08211026157', 'Jl. Johannes Leimena No. 26'),
(926, 'Gaige Ritter', '08211011511', 'Jl. Kapitan Pattimura No. 22'),
(927, 'Denisse Lane', '08211016087', 'Jl. Soekarno No. 65'),
(928, 'Joshua Rubio', '08211016807', 'Jl. K.H. Ahmad Dahlan No. 4'),
(929, 'Gunnar Robinson', '08211013957', 'Jl. H.O.S. Tjokroaminoto No. 10'),
(930, 'Allison Lyons', '08211021493', 'Jl. Gajah Mada No. 19'),
(931, 'Jenna Russo', '08211005470', 'Jl. Tan Malaka No. 33'),
(932, 'Melissa Bryant', '08211032610', 'Jl. Gajah Mada No. 93'),
(933, 'Salma Mora', '08211007589', 'Jl. I Gusti Ngurah Rai No. 28'),
(934, 'Lailah Paul', '08211016713', 'Jl. Soekarno No. 121'),
(935, 'Ace Chapman', '08211015846', 'Jl. Pangeran Diponegoro No. 49'),
(936, 'Megan Jones', '08211011123', 'Jl. R.A. Kartini No. 78'),
(937, 'Henry Travis', '08211003105', 'Jl. Tjipto Mangunkusumo No. 87'),
(938, 'Julianne Lester', '08211005817', 'Jl. Gajah Mada No. 86'),
(939, 'Charlie Woodward', '08211023134', 'Jl. K.H. Agus Salim No. 17'),
(940, 'Uriah Macdonald', '08211017431', 'Jl. Raden Ajeng Kartini No. 29'),
(941, 'Drew Li', '08211002969', 'Jl. Johannes Leimena No. 98'),
(942, 'Alisha Gardner', '08211002214', 'Jl. Raden Dewi Sartika No. 42'),
(943, 'Ashton Merritt', '08211028562', 'Jl. R.M. Soerjopranoto No. 149'),
(944, 'Kaitlin Lozano', '08211031208', 'Jl. Abdul Haris Nasution No. 26'),
(945, 'Dennis Proctor', '08211008932', 'Jl. Dr. Soetomo No. 141'),
(946, 'Aubrey Mcfarland', '08211004736', 'Jl. R.A. Wiranatakusumah No. 132'),
(947, 'Kareem Mathis', '08211018382', 'Jl. Dr. Soetomo No. 82'),
(948, 'Efrain Warren', '08211017317', 'Jl. Agus Salim No. 133'),
(949, 'Michaela Holmes', '08211011953', 'Jl. Teuku Umar No. 50'),
(950, 'Triston Mueller', '08211011627', 'Jl. Martha Christina Tiahahu No. 82'),
(951, 'Kason Mayer', '08211004842', 'Jl. I Gusti Ngurah Rai No. 14'),
(952, 'Kailey Rich', '08211026745', 'Jl. S.K. Trimurti No. 52'),
(953, 'Preston Rocha', '08211027424', 'Jl. R.A. Kartini No. 138'),
(954, 'Alani Solomon', '08211010406', 'Jl. K.H. Hasyim Asyari No. 136'),
(955, 'Dahlia Powell', '08211007181', 'Jl. Imam Bonjol No. 101'),
(956, 'Kathy Flynn', '08211000193', 'Jl. Johannes Leimena No. 120'),
(957, 'Harley Madden', '08211007015', 'Jl. Raden Dewi Sartika No. 30'),
(958, 'Jaylen Mejia', '08211015476', 'Jl. Pattimura No. 6'),
(959, 'Cortez Booker', '08211024572', 'Jl. K.H. Hasyim Asyari No. 43'),
(960, 'Layton Wilkerson', '08211023240', 'Jl. Teuku Umar No. 54'),
(961, 'Aidan Schultz', '08211007529', 'Jl. Otto Iskandardinata No. 89'),
(962, 'Lola Chang', '08211028098', 'Jl. R.A. Wiranatakusumah No. 127'),
(963, 'Maximilian Walter', '08211017046', 'Jl. R.M. Soerjopranoto No. 96'),
(964, 'Eliana Clarke', '08211007029', 'Jl. K.H. Hasyim Asyari No. 68'),
(965, 'Thalia Young', '08211004826', 'Jl. Tan Malaka No. 115'),
(966, 'Geovanni Kirby', '08211007261', 'Jl. Ki Bagus Hadikusumo No. 112'),
(967, 'Cristian Gates', '08211022989', 'Jl. R.A. Kartini No. 102'),
(968, 'Jamari Morris', '08211029578', 'Jl. Sultan Hasanuddin No. 127'),
(969, 'Aldo Stone', '08211013562', 'Jl. Dewi Sartika No. 31'),
(970, 'Cali Butler', '08211023806', 'Jl. Mohammad Hatta No. 99'),
(971, 'Elliot Walsh', '08211014321', 'Jl. Raden Inten II No. 30'),
(972, 'Joslyn Moody', '08211013743', 'Jl. Abdul Haris Nasution No. 73'),
(973, 'Harley Klein', '08211013711', 'Jl. Mohammad Hatta No. 128'),
(974, 'Jerry Perry', '08211031856', 'Jl. Djuanda Kartawidjaja No. 108'),
(975, 'Aaron Munoz', '08211024188', 'Jl. Dewi Sartika No. 128'),
(976, 'Gavin Fischer', '08211016636', 'Jl. Bung Tomo No. 37'),
(977, 'Kinsley Good', '08211016353', 'Jl. H.O.S. Tjokroaminoto No. 30'),
(978, 'Keegan Rice', '08211014703', 'Jl. S.K. Trimurti No. 45'),
(979, 'Zachary Booth', '08211020654', 'Jl. S.K. Trimurti No. 25'),
(980, 'Skyler Boone', '08211011302', 'Jl. Sultan Hasanuddin No. 47'),
(981, 'Zaire Nash', '08211026272', 'Jl. Wahidin Sudirohusodo No. 44'),
(982, 'Lyla Finley', '08211025769', 'Jl. Idham Chalid No. 112'),
(983, 'Jamir Vance', '08211014966', 'Jl. R.A. Lasminingrat No. 96'),
(984, 'Callum Nunez', '08211031939', 'Jl. Mohammad Yamin No. 63'),
(985, 'Abby Odonnell', '08211008117', 'Jl. Abdul Muis No. 71'),
(986, 'Lea Peters', '08211018456', 'Jl. Frans Kaisiepo No. 124'),
(987, 'Karley Stevens', '08211027780', 'Jl. Idham Chalid No. 1'),
(988, 'Eva King', '08211016815', 'Jl. K.H. Zainul Arifin No. 120'),
(989, 'Damaris Page', '08211010190', 'Jl. R.A. Lasminingrat No. 12'),
(990, 'Cullen Wagner', '08211021529', 'Jl. Dr. Soetomo No. 56'),
(991, 'Brylee Miller', '08211020192', 'Jl. Sam Ratulangi No. 42'),
(992, 'Yurem Sharp', '08211009908', 'Jl. K.H. Ahmad Dahlan No. 30'),
(993, 'Anabella Carlson', '08211018939', 'Jl. Gajah Mada No. 113'),
(994, 'Anahi Woodard', '08211011832', 'Jl. R.A. Kartini No. 112'),
(995, 'Kailee Ortiz', '08211012192', 'Jl. Tjoet Nja Meutia No. 69'),
(996, 'Carter Adkins', '08211000723', 'Jl. Ki Bagus Hadikusumo No. 23'),
(997, 'Alexandra Huynh', '08211007941', 'Jl. Raden Inten II No. 23'),
(998, 'Tamara Peck', '08211028482', 'Jl. Imam Bonjol No. 115'),
(999, 'Ellen Nolan', '08211021609', 'Jl. Idham Chalid No. 111'),
(1000, 'Ezekiel Haynes', '08211020073', 'Jl. Mohammad Hatta No. 80'),
(1001, 'Cecelia Cunningham', '08211022287', 'Jl. Ki Bagus Hadikusumo No. 90'),
(1002, 'Elena Hayes', '08211018319', 'Jl. Pangeran Diponegoro No. 91'),
(1003, 'Dashawn Galvan', '08211001490', 'Jl. Kapitan Pattimura No. 120'),
(1004, 'Jamya Mays', '08211022990', 'Jl. Mohammad Yamin No. 58'),
(1005, 'Mariah Pruitt', '08211022652', 'Jl. Tjoet Nja Meutia No. 136'),
(1006, 'Jaylon Lozano', '08211019144', 'Jl. I Gusti Ngurah Rai No. 46'),
(1007, 'Patience Erickson', '08211005352', 'Jl. R.A. Kartini No. 132'),
(1008, 'Miranda Aguilar', '08211005291', 'Jl. Martha Christina Tiahahu No. 81'),
(1009, 'Jeffery Arnold', '08211006026', 'Jl. Dr. Soetomo No. 37'),
(1010, 'Braedon Riddle', '08211010059', 'Jl. Mohammad Yamin No. 75'),
(1011, 'Christopher Moss', '08211015068', 'Jl. Pangeran Diponegoro No. 33'),
(1012, 'Kimora Ortega', '08211028121', 'Jl. Frans Kaisiepo No. 126'),
(1013, 'Maritza Mejia', '08211030445', 'Jl. R.A. Kartini No. 86'),
(1014, 'Zachery Gamble', '08211000888', 'Jl. Mohammad Yamin No. 20'),
(1015, 'Gabriella Tyler', '08211023344', 'Jl. I Gusti Ngurah Rai No. 35'),
(1016, 'Skylar Delacruz', '08211007404', 'Jl. Wahidin Sudirohusodo No. 28'),
(1017, 'Phoebe Vasquez', '08211030597', 'Jl. H.O.S. Tjokroaminoto No. 44'),
(1018, 'Valery Guzman', '08211008522', 'Jl. Imam Bonjol No. 30'),
(1019, 'Payton Simpson', '08211030710', 'Jl. R.A. Wiranatakusumah No. 37'),
(1020, 'Dawson Gamble', '08211021104', 'Jl. Sultan Hasanuddin No. 123'),
(1021, 'London Glover', '08211009824', 'Jl. K.H. Hasyim Asyari No. 110'),
(1022, 'Juliana Weber', '08211007420', 'Jl. Idham Chalid No. 105'),
(1023, 'Darwin Donovan', '08211001869', 'Jl. Raden Dewi Sartika No. 93'),
(1024, 'Lyric Kelley', '08211008845', 'Jl. Martha Christina Tiahahu No. 2'),
(1025, 'Jaidyn Wood', '08211011526', 'Jl. K.H. Agus Salim No. 6'),
(1026, 'Roberto Gross', '08211003800', 'Jl. Ki Bagus Hadikusumo No. 112'),
(1027, 'Daisy Hart', '08211026013', 'Jl. Dr. Soetomo No. 72'),
(1028, 'Adelyn Collier', '08211003267', 'Jl. Wahidin Sudirohusodo No. 6'),
(1029, 'Reuben Wilkinson', '08211012333', 'Jl. Dr. Soetomo No. 120'),
(1030, 'Johnathan Valencia', '08211003162', 'Jl. Tjoet Nja Meutia No. 10'),
(1031, 'Angel Rojas', '08211026421', 'Jl. Teuku Umar No. 65'),
(1032, 'Kylan Oconnell', '08211019422', 'Jl. Sultan Hasanuddin No. 43'),
(1033, 'Jocelyn Barber', '08211009274', 'Jl. Dewi Sartika No. 75'),
(1034, 'Riya Humphrey', '08211021621', 'Jl. Mohammad Yamin No. 113'),
(1035, 'Alexis Hansen', '08211005232', 'Jl. Raden Ajeng Kartini No. 53'),
(1036, 'Derick Chandler', '08211020723', 'Jl. Idham Chalid No. 42'),
(1037, 'Robert Simmons', '08211028688', 'Jl. Agus Salim No. 25'),
(1038, 'Addison Stark', '08211002911', 'Jl. K.H. Agus Salim No. 90'),
(1039, 'Toby Luna', '08211011708', 'Jl. Bung Tomo No. 122'),
(1040, 'Gavyn Sexton', '08211006689', 'Jl. Alexander Andries Maramis No. 53'),
(1041, 'Breanna Patrick', '08211008638', 'Jl. K.H. Zainul Arifin No. 86'),
(1042, 'Grant Montes', '08211026835', 'Jl. Idham Chalid No. 24'),
(1043, 'Everett Barrett', '08211003872', 'Jl. Ki Hajar Dewantara No. 126'),
(1044, 'Cristian Eaton', '08211009383', 'Jl. R.M. Soerjopranoto No. 57'),
(1045, 'Susan Hester', '08211007595', 'Jl. Imam Bonjol No. 17'),
(1046, 'Joselyn Levine', '08211008818', 'Jl. Ki Hajar Dewantara No. 56'),
(1047, 'Angelina Escobar', '08211031953', 'Jl. Tan Malaka No. 135'),
(1048, 'Zara Guzman', '08211007956', 'Jl. Tjipto Mangunkusumo No. 45'),
(1049, 'Landen Montes', '08211019850', 'Jl. R.A. Kartini No. 139'),
(1050, 'Kailey Contreras', '08211009217', 'Jl. Tjipto Mangunkusumo No. 103'),
(1051, 'Jakayla Lynn', '08211029494', 'Jl. Dr. Wahidin Soedirohoesodo No. 30'),
(1052, 'Justin Hatfield', '08211027942', 'Jl. Mohammad Husni Thamrin No. 107'),
(1053, 'Samuel Walls', '08211025950', 'Jl. Teuku Umar No. 119'),
(1054, 'Jovan Perry', '08211011724', 'Jl. Idham Chalid No. 94'),
(1055, 'Leila Tapia', '08211024300', 'Jl. K.H. Ahmad Dahlan No. 36'),
(1056, 'Hudson Krause', '08211003903', 'Jl. Agus Salim No. 83'),
(1057, 'Miles Acevedo', '08211010590', 'Jl. Dr. Wahidin Soedirohoesodo No. 108'),
(1058, 'Reina Walter', '08211013705', 'Jl. Sam Ratulangi No. 65'),
(1059, 'Amari Booth', '08211025035', 'Jl. Tjipto Mangunkusumo No. 18'),
(1060, 'Bridger Daniels', '08211022720', 'Jl. R.A. Lasminingrat No. 11'),
(1061, 'Jason Kerr', '08211027141', 'Jl. H.O.S. Tjokroaminoto No. 6'),
(1062, 'Sheldon Chambers', '08211017639', 'Jl. R.A. Lasminingrat No. 62'),
(1063, 'Roselyn Gillespie', '08211007574', 'Jl. Jenderal Sudirman No. 59'),
(1064, 'Veronica Nelson', '08211008671', 'Jl. Gajah Mada No. 18'),
(1065, 'Mara Bonilla', '08211027917', 'Jl. Mohammad Yamin No. 98'),
(1066, 'Aryana Choi', '08211026911', 'Jl. I Gusti Ngurah Rai No. 133'),
(1067, 'Duncan Ellis', '08211020547', 'Jl. R.A. Wiranatakusumah No. 37'),
(1068, 'Andreas Fleming', '08211026664', 'Jl. Teuku Umar No. 21'),
(1069, 'Shaniya Cooley', '08211007480', 'Jl. Martha Christina Tiahahu No. 88'),
(1070, 'Rylee Robles', '08211027030', 'Jl. K.H. Hasyim Asyari No. 42'),
(1071, 'Chaya Gross', '08211005316', 'Jl. Tjoet Nja Meutia No. 6'),
(1072, 'Milagros Dominguez', '08211001833', 'Jl. Tjipto Mangunkusumo No. 103'),
(1073, 'Lucille Chase', '08211015156', 'Jl. I Gusti Ngurah Rai No. 38'),
(1074, 'Paris Wheeler', '08211009916', 'Jl. Alexander Andries Maramis No. 44'),
(1075, 'Ava Webb', '08211017423', 'Jl. Bung Tomo No. 36'),
(1076, 'Raven Larson', '08211027542', 'Jl. Pangeran Diponegoro No. 123'),
(1077, 'Darrell Boyer', '08211007011', 'Jl. Agus Salim No. 55'),
(1078, 'Piper Espinoza', '08211004641', 'Jl. Frans Kaisiepo No. 92'),
(1079, 'Kaitlyn Bright', '08211025278', 'Jl. Raden Ajeng Kartini No. 141'),
(1080, 'Zachery Zavala', '08211011624', 'Jl. Mohammad Hatta No. 48'),
(1081, 'Raiden Newton', '08211027925', 'Jl. K.H. Agus Salim No. 24'),
(1082, 'Dereon Flores', '08211020029', 'Jl. Imam Bonjol No. 116'),
(1083, 'Ashleigh Fischer', '08211031702', 'Jl. Idham Chalid No. 43'),
(1084, 'Lacey Berger', '08211029777', 'Jl. Soekarno No. 68'),
(1085, 'Mallory Maxwell', '08211026423', 'Jl. Imam Bonjol No. 143'),
(1086, 'Harper Gilbert', '08211027238', 'Jl. Dr. Wahidin Soedirohoesodo No. 53'),
(1087, 'Charity Miranda', '08211019115', 'Jl. Abdul Muis No. 89'),
(1088, 'Yasmine Mayer', '08211002424', 'Jl. Pangeran Diponegoro No. 47'),
(1089, 'Emiliano Walters', '08211008740', 'Jl. Agus Salim No. 113'),
(1090, 'Bruce Bryan', '08211026544', 'Jl. Soekarno No. 33'),
(1091, 'Lillie Crawford', '08211005756', 'Jl. Tjoet Nja Meutia No. 144'),
(1092, 'Justice Moss', '08211029279', 'Jl. R.M. Soerjopranoto No. 69'),
(1093, 'Kale Hardin', '08211013500', 'Jl. Cut Nyak Dhien No. 103'),
(1094, 'Andrew Kent', '08211003379', 'Jl. K.H. Zainul Arifin No. 64'),
(1095, 'Jillian Douglas', '08211021557', 'Jl. Agus Salim No. 101'),
(1096, 'Jamir Eaton', '08211004475', 'Jl. Soekarno No. 18'),
(1097, 'Maximilian Stone', '08211017664', 'Jl. Ki Hajar Dewantara No. 43'),
(1098, 'Cara Scott', '08211026284', 'Jl. Dr. Wahidin Soedirohoesodo No. 9'),
(1099, 'Destiney Harrison', '08211005102', 'Jl. Gajah Mada No. 7'),
(1100, 'Daphne Proctor', '08211017005', 'Jl. Otto Iskandardinata No. 146'),
(1101, 'Dario Cuevas', '08211025076', 'Jl. Raden Dewi Sartika No. 120'),
(1102, 'Uriah Luna', '08211026199', 'Jl. Dr. Soetomo No. 114'),
(1103, 'Myah Ware', '08211028665', 'Jl. Raden Ajeng Kartini No. 71'),
(1104, 'Celia Aguilar', '08211028225', 'Jl. Teuku Umar No. 73'),
(1105, 'Jack Porter', '08211003479', 'Jl. Agus Salim No. 42'),
(1106, 'Caroline Morrow', '08211016693', 'Jl. Frans Kaisiepo No. 61'),
(1107, 'Esteban Carpenter', '08211000735', 'Jl. Imam Bonjol No. 105'),
(1108, 'Ayana Moon', '08211008095', 'Jl. Mohammad Hatta No. 26'),
(1109, 'Grant Galvan', '08211023081', 'Jl. K.H. Ahmad Dahlan No. 45'),
(1110, 'Deanna Hayes', '08211012598', 'Jl. Cut Nyak Dhien No. 98'),
(1111, 'Peyton Powell', '08211024327', 'Jl. Bung Tomo No. 21'),
(1112, 'Carley Leblanc', '08211004333', 'Jl. Dr. Wahidin Soedirohoesodo No. 45'),
(1113, 'Amira Johnston', '08211030948', 'Jl. Raden Ajeng Kartini No. 7'),
(1114, 'Sonia Hopkins', '08211001767', 'Jl. Raden Inten II No. 122'),
(1115, 'Clay Romero', '08211028116', 'Jl. Pattimura No. 57'),
(1116, 'Brooks Marks', '08211008548', 'Jl. Mohammad Yamin No. 3'),
(1117, 'Nathalie Mcdowell', '08211015258', 'Jl. Idham Chalid No. 37'),
(1118, 'Diego Graham', '08211005435', 'Jl. Djuanda Kartawidjaja No. 140'),
(1119, 'Rebekah Boone', '08211022482', 'Jl. Ki Hajar Dewantara No. 74'),
(1120, 'Jadyn Hahn', '08211019723', 'Jl. Agus Salim No. 35'),
(1121, 'Lyric Snyder', '08211032528', 'Jl. Gajah Mada No. 134'),
(1122, 'Maeve Sanford', '08211016901', 'Jl. Raden Dewi Sartika No. 8'),
(1123, 'Mireya Cannon', '08211030753', 'Jl. Soekarno No. 5'),
(1124, 'Adison Wong', '08211016681', 'Jl. Pangeran Diponegoro No. 121'),
(1125, 'Grayson Mosley', '08211028226', 'Jl. Raden Inten II No. 146'),
(1126, 'Chace Travis', '08211030021', 'Jl. Mohammad Hatta No. 109'),
(1127, 'Glenn Spears', '08211016395', 'Jl. Dewi Sartika No. 83'),
(1128, 'Gaige Gibbs', '08211009032', 'Jl. Agus Salim No. 117'),
(1129, 'Ryland Watson', '08211020001', 'Jl. Raden Ajeng Kartini No. 138'),
(1130, 'Marlene Cabrera', '08211002935', 'Jl. Raden Inten II No. 65'),
(1131, 'Kaylynn Gonzales', '08211029931', 'Jl. Sultan Hasanuddin No. 134'),
(1132, 'Tatiana Hayes', '08211023234', 'Jl. S.K. Trimurti No. 45'),
(1133, 'Rayne Pacheco', '08211026059', 'Jl. R.M. Soerjopranoto No. 14'),
(1134, 'Cael Woods', '08211031343', 'Jl. I Gusti Ngurah Rai No. 129'),
(1135, 'Zariah Berg', '08211020671', 'Jl. Sutan Sjahrir No. 70'),
(1136, 'Kenna Hull', '08211023033', 'Jl. I Gusti Ngurah Rai No. 40'),
(1137, 'Anne Craig', '08211021888', 'Jl. Dr. Wahidin Soedirohoesodo No. 42'),
(1138, 'Jorden Mccullough', '08211027875', 'Jl. R.M. Soerjopranoto No. 43'),
(1139, 'Clinton Levy', '08211024032', 'Jl. Dr. Wahidin Soedirohoesodo No. 141'),
(1140, 'Yamilet Newman', '08211029666', 'Jl. Bung Tomo No. 8'),
(1141, 'Leah Lindsey', '08211031290', 'Jl. Dr. Wahidin Soedirohoesodo No. 144'),
(1142, 'Monique Franco', '08211012803', 'Jl. Abdul Haris Nasution No. 14'),
(1143, 'Carissa Mays', '08211017404', 'Jl. Tjipto Mangunkusumo No. 21'),
(1144, 'Alfred Graham', '08211010642', 'Jl. Ki Hajar Dewantara No. 8'),
(1145, 'Nelson Weiss', '08211016472', 'Jl. Gajah Mada No. 143'),
(1146, 'Ashton Lang', '08211007883', 'Jl. Raden Ajeng Kartini No. 16'),
(1147, 'Gael Day', '08211026755', 'Jl. Dr. Wahidin Soedirohoesodo No. 147'),
(1148, 'Jensen Eaton', '08211027443', 'Jl. Abdul Haris Nasution No. 137'),
(1149, 'Alice Schmitt', '08211022821', 'Jl. Frans Kaisiepo No. 72'),
(1150, 'Zayden Atkinson', '08211003599', 'Jl. K.H. Hasyim Asyari No. 132'),
(1151, 'Nico Buck', '08211004792', 'Jl. K.H. Zainul Arifin No. 24'),
(1152, 'Eddie Hancock', '08211007933', 'Jl. Sutan Sjahrir No. 137'),
(1153, 'Gemma Mays', '08211017572', 'Jl. Djuanda Kartawidjaja No. 47'),
(1154, 'Roland Guzman', '08211031747', 'Jl. Frans Kaisiepo No. 36'),
(1155, 'Hazel Torres', '08211018724', 'Jl. Dr. Soetomo No. 86'),
(1156, 'Jairo Mack', '08211011468', 'Jl. Gajah Mada No. 95'),
(1157, 'Nevaeh Hodges', '08211022362', 'Jl. Johannes Leimena No. 6'),
(1158, 'Zain Harmon', '08211008319', 'Jl. Cut Nyak Dhien No. 91'),
(1159, 'Davon Hudson', '08211025989', 'Jl. Raden Dewi Sartika No. 103'),
(1160, 'Khloe Briggs', '08211010543', 'Jl. Raden Ajeng Kartini No. 44'),
(1161, 'Nora Mata', '08211032323', 'Jl. Tan Malaka No. 81'),
(1162, 'Nick Barrera', '08211006297', 'Jl. Imam Bonjol No. 129'),
(1163, 'Bentley Choi', '08211022185', 'Jl. Mohammad Yamin No. 98'),
(1164, 'Landen Howell', '08211003627', 'Jl. Alexander Andries Maramis No. 125'),
(1165, 'Reagan Murray', '08211011723', 'Jl. Teuku Umar No. 62'),
(1166, 'Andrew Osborn', '08211017451', 'Jl. K.H. Zainul Arifin No. 42'),
(1167, 'Maggie Richards', '08211009299', 'Jl. K.H. Hasyim Asyari No. 148'),
(1168, 'Brock Ho', '08211002890', 'Jl. Ki Bagus Hadikusumo No. 82'),
(1169, 'Zoey Knox', '08211013025', 'Jl. Alexander Andries Maramis No. 48'),
(1170, 'Rodrigo Mckinney', '08211013444', 'Jl. Dr. Wahidin Soedirohoesodo No. 89'),
(1171, 'Karen Wang', '08211017007', 'Jl. Sultan Hasanuddin No. 22'),
(1172, 'Adalynn Cordova', '08211028430', 'Jl. Kapitan Pattimura No. 16'),
(1173, 'Jonathan Cobb', '08211025033', 'Jl. K.H. Hasyim Asyari No. 6'),
(1174, 'Bronson Potter', '08211030662', 'Jl. Abdul Haris Nasution No. 81'),
(1175, 'Cyrus Nunez', '08211015735', 'Jl. Dewi Sartika No. 61'),
(1176, 'Salma Campbell', '08211016077', 'Jl. K.H. Hasyim Asyari No. 66'),
(1177, 'Kianna Farmer', '08211031808', 'Jl. Mohammad Hatta No. 10'),
(1178, 'Rosemary Garner', '08211009605', 'Jl. Sultan Hasanuddin No. 114'),
(1179, 'Kyla Lowe', '08211029637', 'Jl. R.M. Soerjopranoto No. 11'),
(1180, 'Gaige Spears', '08211002871', 'Jl. K.H. Zainul Arifin No. 22'),
(1181, 'Gretchen Woodward', '08211000365', 'Jl. Frans Kaisiepo No. 53'),
(1182, 'Dayami Valdez', '08211009672', 'Jl. Tjoet Nja Meutia No. 123'),
(1183, 'Tessa Hammond', '08211016888', 'Jl. Wahidin Sudirohusodo No. 2'),
(1184, 'Ellie Turner', '08211030711', 'Jl. Raden Dewi Sartika No. 133'),
(1185, 'Wendy Wagner', '08211004591', 'Jl. Abdul Muis No. 63'),
(1186, 'Alannah Gould', '08211016018', 'Jl. K.H. Agus Salim No. 58'),
(1187, 'Makenzie Dorsey', '08211026209', 'Jl. I Gusti Ngurah Rai No. 64'),
(1188, 'Randall Suarez', '08211015463', 'Jl. Abdul Haris Nasution No. 104'),
(1189, 'Bradyn Li', '08211009622', 'Jl. Sultan Hasanuddin No. 139'),
(1190, 'London Howell', '08211011161', 'Jl. Mohammad Yamin No. 103'),
(1191, 'Mya Burnett', '08211008246', 'Jl. Tjipto Mangunkusumo No. 91'),
(1192, 'Tatiana Ward', '08211024952', 'Jl. Mohammad Yamin No. 119'),
(1193, 'Kaitlynn Miles', '08211022037', 'Jl. R.A. Kartini No. 32'),
(1194, 'Alyssa Leblanc', '08211027798', 'Jl. Sisingamangaraja XII No. 85'),
(1195, 'Lance Fox', '08211023878', 'Jl. Dewi Sartika No. 63'),
(1196, 'Judah Delgado', '08211010962', 'Jl. Idham Chalid No. 66'),
(1197, 'Ryker Brooks', '08211024093', 'Jl. Otto Iskandardinata No. 142'),
(1198, 'Genesis Branch', '08211023237', 'Jl. Raden Inten II No. 3'),
(1199, 'Barbara Fuller', '08211003594', 'Jl. H.O.S. Tjokroaminoto No. 62'),
(1200, 'Jacob Colon', '08211026539', 'Jl. Frans Kaisiepo No. 99'),
(1201, 'Londyn Sanford', '08211020196', 'Jl. Djuanda Kartawidjaja No. 48'),
(1202, 'Oliver Hess', '08211027861', 'Jl. Abdul Muis No. 77'),
(1203, 'Aydan Brewer', '08211027014', 'Jl. R.A. Lasminingrat No. 90'),
(1204, 'Juliet Cantrell', '08211002128', 'Jl. Tan Malaka No. 143'),
(1205, 'Ricky Serrano', '08211022411', 'Jl. Kapitan Pattimura No. 132'),
(1206, 'Maritza Boone', '08211016827', 'Jl. K.H. Zainul Arifin No. 110'),
(1207, 'Zoe Dawson', '08211032088', 'Jl. R.M. Soerjopranoto No. 2'),
(1208, 'Beckham Floyd', '08211030345', 'Jl. Pattimura No. 36'),
(1209, 'Laney Acevedo', '08211003423', 'Jl. Sisingamangaraja XII No. 133'),
(1210, 'Maci Brandt', '08211005987', 'Jl. K.H. Agus Salim No. 13'),
(1211, 'Deborah Dyer', '08211028514', 'Jl. Agus Salim No. 1'),
(1212, 'Wayne Powers', '08211009864', 'Jl. Raden Dewi Sartika No. 84'),
(1213, 'Abbey Williamson', '08211005434', 'Jl. K.H. Hasyim Asyari No. 24'),
(1214, 'Tucker King', '08211015741', 'Jl. Bung Tomo No. 38'),
(1215, 'Tiffany Butler', '08211016482', 'Jl. R.A. Kartini No. 62'),
(1216, 'Shaun Ball', '08211029790', 'Jl. Johannes Leimena No. 25'),
(1217, 'Nancy Patrick', '08211021385', 'Jl. Tjoet Nja Meutia No. 143'),
(1218, 'Eva Hawkins', '08211028063', 'Jl. K.H. Zainul Arifin No. 56'),
(1219, 'Willow Singh', '08211001499', 'Jl. Sutan Sjahrir No. 13'),
(1220, 'Megan Henson', '08211016753', 'Jl. Sam Ratulangi No. 37'),
(1221, 'Kassandra Hodge', '08211015791', 'Jl. Soekarno No. 62'),
(1222, 'Deven Christensen', '08211012232', 'Jl. Idham Chalid No. 59'),
(1223, 'Yair Copeland', '08211019548', 'Jl. Ki Bagus Hadikusumo No. 66'),
(1224, 'Jasmin Wilkerson', '08211003905', 'Jl. Tjipto Mangunkusumo No. 62'),
(1225, 'Kelsey Snow', '08211004555', 'Jl. R.A. Kartini No. 30'),
(1226, 'Conrad Fleming', '08211018119', 'Jl. Sultan Hasanuddin No. 135'),
(1227, 'Esmeralda Rush', '08211013085', 'Jl. K.H. Zainul Arifin No. 13'),
(1228, 'Brooklyn Hawkins', '08211017894', 'Jl. Dewi Sartika No. 11'),
(1229, 'Emanuel Colon', '08211022975', 'Jl. Otto Iskandardinata No. 92'),
(1230, 'Maverick Pierce', '08211009688', 'Jl. Jenderal Sudirman No. 14'),
(1231, 'Hailie Berger', '08211015837', 'Jl. Dewi Sartika No. 31'),
(1232, 'Reed Zuniga', '08211013406', 'Jl. Dewi Sartika No. 20'),
(1233, 'Krystal Rivera', '08211012589', 'Jl. Dr. Soetomo No. 72'),
(1234, 'Diya Lloyd', '08211013881', 'Jl. K.H. Hasyim Asyari No. 77'),
(1235, 'Abigayle Wilson', '08211027744', 'Jl. Jenderal Sudirman No. 41'),
(1236, 'Rey Ballard', '08211015004', 'Jl. Raden Dewi Sartika No. 59'),
(1237, 'Cash Delgado', '08211027452', 'Jl. Teuku Umar No. 11'),
(1238, 'Blake Wallace', '08211015903', 'Jl. R.A. Wiranatakusumah No. 14'),
(1239, 'Tanner Barrett', '08211026923', 'Jl. Jenderal Sudirman No. 105'),
(1240, 'Lilliana Gamble', '08211010622', 'Jl. K.H. Zainul Arifin No. 44'),
(1241, 'Sariah Watkins', '08211028791', 'Jl. Otto Iskandardinata No. 65'),
(1242, 'Alisson Schwartz', '08211002415', 'Jl. Agus Salim No. 57'),
(1243, 'Sidney Harrell', '08211003551', 'Jl. Raden Ajeng Kartini No. 150'),
(1244, 'June White', '08211011788', 'Jl. Martha Christina Tiahahu No. 27'),
(1245, 'Jewel Lynch', '08211025341', 'Jl. Dewi Sartika No. 20'),
(1246, 'Yandel Mckinney', '08211014909', 'Jl. Pangeran Diponegoro No. 73'),
(1247, 'Rhett Villarreal', '08211018137', 'Jl. Wahidin Sudirohusodo No. 97'),
(1248, 'Marvin Best', '08211026815', 'Jl. Gajah Mada No. 12'),
(1249, 'Darian Atkins', '08211024999', 'Jl. K.H. Ahmad Dahlan No. 70'),
(1250, 'Ethan Weaver', '08211018408', 'Jl. I Gusti Ngurah Rai No. 117'),
(1251, 'Ahmad Perry', '08211021072', 'Jl. R.M. Soerjopranoto No. 126'),
(1252, 'Kyler Nolan', '08211024274', 'Jl. Raden Ajeng Kartini No. 6'),
(1253, 'Damian Graves', '08211011325', 'Jl. Gajah Mada No. 12'),
(1254, 'Dayami Khan', '08211024077', 'Jl. Djuanda Kartawidjaja No. 2'),
(1255, 'Zoe Freeman', '08211019465', 'Jl. Abdul Muis No. 19'),
(1256, 'Leonardo Leblanc', '08211010321', 'Jl. R.A. Kartini No. 113'),
(1257, 'Macy Miles', '08211000620', 'Jl. K.H. Ahmad Dahlan No. 19'),
(1258, 'Anabelle Sawyer', '08211013860', 'Jl. Sutan Sjahrir No. 121'),
(1259, 'Misael Barajas', '08211024925', 'Jl. Sultan Hasanuddin No. 42'),
(1260, 'Ray Wall', '08211022089', 'Jl. Dr. Soetomo No. 133'),
(1261, 'Deshawn Rivera', '08211018395', 'Jl. K.H. Ahmad Dahlan No. 138'),
(1262, 'Donovan Brady', '08211004865', 'Jl. Bung Tomo No. 141'),
(1263, 'Maya Gross', '08211007332', 'Jl. Djuanda Kartawidjaja No. 107'),
(1264, 'Gael Stephenson', '08211021853', 'Jl. Mohammad Hatta No. 12'),
(1265, 'Jamar Middleton', '08211014490', 'Jl. Frans Kaisiepo No. 19'),
(1266, 'Raul Burns', '08211014618', 'Jl. Djuanda Kartawidjaja No. 52'),
(1267, 'Paul Mason', '08211000239', 'Jl. Abdul Haris Nasution No. 65'),
(1268, 'Sherlyn Webster', '08211030167', 'Jl. Mohammad Yamin No. 43'),
(1269, 'India Jacobson', '08211014666', 'Jl. Raden Inten II No. 101'),
(1270, 'Annie Trevino', '08211019963', 'Jl. Abdul Haris Nasution No. 105'),
(1271, 'Ashleigh Mack', '08211029283', 'Jl. Tjipto Mangunkusumo No. 147'),
(1272, 'Jamarion Holder', '08211004159', 'Jl. Gajah Mada No. 41'),
(1273, 'Alexa Gibson', '08211014828', 'Jl. S.K. Trimurti No. 101'),
(1274, 'Breanna Mcdaniel', '08211025047', 'Jl. Pattimura No. 100'),
(1275, 'Ben Flowers', '08211016560', 'Jl. Raden Dewi Sartika No. 105'),
(1276, 'Rolando Grimes', '08211003570', 'Jl. Ki Hajar Dewantara No. 149'),
(1277, 'Kirsten Bradford', '08211005531', 'Jl. Pangeran Diponegoro No. 127'),
(1278, 'Kamryn Garrett', '08211004530', 'Jl. Tan Malaka No. 58'),
(1279, 'Tristian Bautista', '08211022067', 'Jl. Otto Iskandardinata No. 54'),
(1280, 'Kelsie Mccann', '08211002443', 'Jl. Alexander Andries Maramis No. 84'),
(1281, 'Adalyn Conrad', '08211016908', 'Jl. Mohammad Husni Thamrin No. 120'),
(1282, 'Jerry Conway', '08211019297', 'Jl. Raden Dewi Sartika No. 83'),
(1283, 'Cherish Garrison', '08211023014', 'Jl. K.H. Hasyim Asyari No. 145'),
(1284, 'Kaitlin Branch', '08211000478', 'Jl. K.H. Zainul Arifin No. 110'),
(1285, 'Amber Castillo', '08211024669', 'Jl. Wahidin Sudirohusodo No. 49'),
(1286, 'Kamron Rowe', '08211016532', 'Jl. Dr. Soetomo No. 135'),
(1287, 'Adalyn Hammond', '08211008048', 'Jl. R.A. Kartini No. 48'),
(1288, 'Shea Knox', '08211028741', 'Jl. Alexander Andries Maramis No. 63'),
(1289, 'Kamren Hart', '08211018663', 'Jl. Sutan Sjahrir No. 48'),
(1290, 'Bridget Dennis', '08211018734', 'Jl. K.H. Ahmad Dahlan No. 108'),
(1291, 'Gerald Frank', '08211019691', 'Jl. Soekarno No. 140'),
(1292, 'Cooper Montes', '08211020559', 'Jl. K.H. Zainul Arifin No. 36'),
(1293, 'Alexus Strickland', '08211025962', 'Jl. Frans Kaisiepo No. 133'),
(1294, 'Ruby Cabrera', '08211011757', 'Jl. Tan Malaka No. 130'),
(1295, 'Charlotte Mcbride', '08211032090', 'Jl. Pangeran Diponegoro No. 42'),
(1296, 'Savion Jefferson', '08211029987', 'Jl. Frans Kaisiepo No. 113'),
(1297, 'Parker Moran', '08211001395', 'Jl. Mohammad Husni Thamrin No. 122'),
(1298, 'Lana Cunningham', '08211026885', 'Jl. I Gusti Ngurah Rai No. 53'),
(1299, 'Alessandro Booth', '08211010069', 'Jl. Raden Dewi Sartika No. 59'),
(1300, 'Bryson Prince', '08211010013', 'Jl. Mohammad Yamin No. 99'),
(1301, 'Lilly Rivera', '08211026831', 'Jl. Mohammad Husni Thamrin No. 29'),
(1302, 'Barrett Mendoza', '08211001305', 'Jl. Tan Malaka No. 85'),
(1303, 'Jacquelyn Blake', '08211017271', 'Jl. Ki Hajar Dewantara No. 13'),
(1304, 'Laylah Tyler', '08211018512', 'Jl. K.H. Agus Salim No. 92'),
(1305, 'Nola Palmer', '08211014711', 'Jl. I Gusti Ngurah Rai No. 123'),
(1306, 'Chase Fox', '08211007411', 'Jl. Soekarno No. 66'),
(1307, 'Kendrick Harvey', '08211011781', 'Jl. Mohammad Hatta No. 64'),
(1308, 'Jamari Espinoza', '08211011098', 'Jl. Wahidin Sudirohusodo No. 18'),
(1309, 'Kylan Hubbard', '08211002364', 'Jl. Raden Ajeng Kartini No. 65'),
(1310, 'Geovanni Sampson', '08211004505', 'Jl. Bung Tomo No. 86'),
(1311, 'Karter Small', '08211026746', 'Jl. Dr. Soetomo No. 49'),
(1312, 'Ian Brooks', '08211009631', 'Jl. Mohammad Yamin No. 122'),
(1313, 'Miah Mcdaniel', '08211020657', 'Jl. Teuku Umar No. 134'),
(1314, 'Tyshawn Lane', '08211003442', 'Jl. Tjipto Mangunkusumo No. 61'),
(1315, 'Krish Weber', '08211013560', 'Jl. Mohammad Husni Thamrin No. 115'),
(1316, 'Allyson Vargas', '08211015426', 'Jl. Dr. Wahidin Soedirohoesodo No. 1'),
(1317, 'Trenton Rivas', '08211020833', 'Jl. Djuanda Kartawidjaja No. 121'),
(1318, 'Karlie Strong', '08211025515', 'Jl. Dewi Sartika No. 27'),
(1319, 'Leo Brennan', '08211027015', 'Jl. Ki Hajar Dewantara No. 21'),
(1320, 'Alison Arnold', '08211028492', 'Jl. Tan Malaka No. 31'),
(1321, 'Isabell Parker', '08211007401', 'Jl. Tjoet Nja Meutia No. 23'),
(1322, 'Briley Marks', '08211008550', 'Jl. Tan Malaka No. 89'),
(1323, 'Giovanna Hood', '08211019269', 'Jl. K.H. Ahmad Dahlan No. 94'),
(1324, 'Mariam Porter', '08211019968', 'Jl. Pattimura No. 8'),
(1325, 'Aisha Morrow', '08211020894', 'Jl. Djuanda Kartawidjaja No. 128'),
(1326, 'Naomi Hughes', '08211025971', 'Jl. Raden Ajeng Kartini No. 1'),
(1327, 'Gia Ramirez', '08211007916', 'Jl. Dewi Sartika No. 45'),
(1328, 'Hassan Rasmussen', '08211001585', 'Jl. Djuanda Kartawidjaja No. 144'),
(1329, 'Ben Galloway', '08211002080', 'Jl. Sisingamangaraja XII No. 55'),
(1330, 'Madilyn Murray', '08211024843', 'Jl. S.K. Trimurti No. 112'),
(1331, 'Belen Kent', '08211009580', 'Jl. Frans Kaisiepo No. 54'),
(1332, 'Aniya Mejia', '08211025323', 'Jl. Abdul Haris Nasution No. 130'),
(1333, 'Deegan Mayer', '08211009117', 'Jl. Sutan Sjahrir No. 63'),
(1334, 'Kristen Michael', '08211016433', 'Jl. Dr. Wahidin Soedirohoesodo No. 26'),
(1335, 'Shyla Hanna', '08211006977', 'Jl. Teuku Umar No. 141'),
(1336, 'Shiloh Underwood', '08211006124', 'Jl. Mohammad Husni Thamrin No. 81'),
(1337, 'Bria Novak', '08211007162', 'Jl. Sisingamangaraja XII No. 31'),
(1338, 'Cora Ramirez', '08211029081', 'Jl. Kapitan Pattimura No. 34'),
(1339, 'Salvatore Chandler', '08211027929', 'Jl. Abdul Haris Nasution No. 104'),
(1340, 'Miracle Miller', '08211021060', 'Jl. Bung Tomo No. 67'),
(1341, 'Nora Woods', '08211023021', 'Jl. R.M. Soerjopranoto No. 125'),
(1342, 'Kyan Mcmillan', '08211013431', 'Jl. Kapitan Pattimura No. 27'),
(1343, 'Jovany Marks', '08211017126', 'Jl. Martha Christina Tiahahu No. 141'),
(1344, 'Alessandra Durham', '08211027159', 'Jl. Sisingamangaraja XII No. 141'),
(1345, 'Finley Obrien', '08211009390', 'Jl. H.O.S. Tjokroaminoto No. 79'),
(1346, 'Rhett Vance', '08211028481', 'Jl. Tan Malaka No. 7'),
(1347, 'Ciara Eaton', '08211000745', 'Jl. S.K. Trimurti No. 39'),
(1348, 'Ariel Barnett', '08211032618', 'Jl. Wahidin Sudirohusodo No. 40'),
(1349, 'Jeffrey Bradley', '08211023324', 'Jl. Mohammad Husni Thamrin No. 44'),
(1350, 'Jacey Benjamin', '08211024883', 'Jl. Johannes Leimena No. 39'),
(1351, 'Anika Steele', '08211001277', 'Jl. H.O.S. Tjokroaminoto No. 50'),
(1352, 'Hailee Nelson', '08211004860', 'Jl. Teuku Umar No. 7'),
(1353, 'Savion Graves', '08211021180', 'Jl. Sisingamangaraja XII No. 27'),
(1354, 'Joselyn Durham', '08211025034', 'Jl. Djuanda Kartawidjaja No. 20'),
(1355, 'Noemi Bartlett', '08211028178', 'Jl. Idham Chalid No. 148'),
(1356, 'Coby Barry', '08211011715', 'Jl. Teuku Umar No. 48'),
(1357, 'Bennett Hodges', '08211024203', 'Jl. Bung Tomo No. 12'),
(1358, 'Roland Compton', '08211020965', 'Jl. Sutan Sjahrir No. 39'),
(1359, 'Ace Orozco', '08211031719', 'Jl. K.H. Ahmad Dahlan No. 18'),
(1360, 'Jaxson Bartlett', '08211027115', 'Jl. S.K. Trimurti No. 49'),
(1361, 'Brenna Stevens', '08211023947', 'Jl. Tjoet Nja Meutia No. 72'),
(1362, 'Mauricio Lozano', '08211020074', 'Jl. Raden Ajeng Kartini No. 11'),
(1363, 'Kimberly Robbins', '08211021648', 'Jl. Martha Christina Tiahahu No. 61'),
(1364, 'Remington Farrell', '08211002100', 'Jl. K.H. Agus Salim No. 35'),
(1365, 'Russell Mcclure', '08211008218', 'Jl. K.H. Agus Salim No. 20'),
(1366, 'Lillian Hoffman', '08211026537', 'Jl. Sam Ratulangi No. 8'),
(1367, 'Atticus Hudson', '08211026995', 'Jl. Gajah Mada No. 130'),
(1368, 'Tristin Carrillo', '08211012313', 'Jl. R.A. Wiranatakusumah No. 38'),
(1369, 'Maritza Terrell', '08211013460', 'Jl. Mohammad Yamin No. 24'),
(1370, 'Karly Atkins', '08211006738', 'Jl. Sam Ratulangi No. 137'),
(1371, 'Kelsey Frazier', '08211003455', 'Jl. Otto Iskandardinata No. 144'),
(1372, 'Gideon Castaneda', '08211013031', 'Jl. Sultan Hasanuddin No. 54'),
(1373, 'Ingrid Jordan', '08211032067', 'Jl. Martha Christina Tiahahu No. 116'),
(1374, 'Darryl Dunn', '08211024680', 'Jl. Sultan Hasanuddin No. 51'),
(1375, 'Kolton Acevedo', '08211028288', 'Jl. Raden Ajeng Kartini No. 137'),
(1376, 'Denisse Roman', '08211032122', 'Jl. Mohammad Husni Thamrin No. 32'),
(1377, 'Corbin Padilla', '08211026529', 'Jl. Abdul Haris Nasution No. 116'),
(1378, 'Simon Mullen', '08211005515', 'Jl. I Gusti Ngurah Rai No. 5'),
(1379, 'Lennon Suarez', '08211019488', 'Jl. Ki Hajar Dewantara No. 128'),
(1380, 'Lana Morrison', '08211018412', 'Jl. Dr. Wahidin Soedirohoesodo No. 60'),
(1381, 'Damian Franklin', '08211013416', 'Jl. Bung Tomo No. 129'),
(1382, 'Ibrahim Burke', '08211000144', 'Jl. Sam Ratulangi No. 18'),
(1383, 'Jaxson Berg', '08211016384', 'Jl. K.H. Zainul Arifin No. 125'),
(1384, 'Amir Mcdaniel', '08211017851', 'Jl. Ki Bagus Hadikusumo No. 108'),
(1385, 'Lucy Mcclain', '08211027091', 'Jl. Abdul Haris Nasution No. 80'),
(1386, 'Izaiah Wilson', '08211007693', 'Jl. Tjoet Nja Meutia No. 32'),
(1387, 'Jimmy Nguyen', '08211000765', 'Jl. Cut Nyak Dhien No. 20'),
(1388, 'Maximus Morales', '08211026373', 'Jl. I Gusti Ngurah Rai No. 82'),
(1389, 'Yaretzi Cobb', '08211009518', 'Jl. Dewi Sartika No. 120'),
(1390, 'Maya Roy', '08211007973', 'Jl. Martha Christina Tiahahu No. 53'),
(1391, 'Gage Taylor', '08211018161', 'Jl. Frans Kaisiepo No. 34'),
(1392, 'Marlie Hutchinson', '08211017121', 'Jl. Otto Iskandardinata No. 50'),
(1393, 'Rayan Rivas', '08211025448', 'Jl. Martha Christina Tiahahu No. 136'),
(1394, 'Marianna Barton', '08211008214', 'Jl. Abdul Haris Nasution No. 144'),
(1395, 'Charlee Bray', '08211013772', 'Jl. Idham Chalid No. 39'),
(1396, 'Ayla Barber', '08211026532', 'Jl. Teuku Umar No. 13'),
(1397, 'Lillie Huber', '08211022214', 'Jl. Tjoet Nja Meutia No. 58'),
(1398, 'Bryan Donaldson', '08211019357', 'Jl. S.K. Trimurti No. 138'),
(1399, 'Maximo Sharp', '08211024427', 'Jl. Johannes Leimena No. 43'),
(1400, 'Sherlyn Schaefer', '08211009811', 'Jl. Agus Salim No. 75'),
(1401, 'Ayanna Boone', '08211001629', 'Jl. Johannes Leimena No. 38'),
(1402, 'Demarion Knight', '08211016464', 'Jl. Sam Ratulangi No. 76'),
(1403, 'Autumn Hobbs', '08211019730', 'Jl. Tjoet Nja Meutia No. 66'),
(1404, 'Killian Suarez', '08211005947', 'Jl. Dr. Soetomo No. 96'),
(1405, 'Craig Krause', '08211005505', 'Jl. Dr. Wahidin Soedirohoesodo No. 120'),
(1406, 'Holden Schultz', '08211026324', 'Jl. Wahidin Sudirohusodo No. 40'),
(1407, 'Matteo Alexander', '08211006426', 'Jl. Raden Inten II No. 5'),
(1408, 'Hope Gilmore', '08211029832', 'Jl. Kapitan Pattimura No. 49'),
(1409, 'Danielle Clarke', '08211016498', 'Jl. Mohammad Husni Thamrin No. 70'),
(1410, 'Luz Sutton', '08211020867', 'Jl. I Gusti Ngurah Rai No. 123'),
(1411, 'Yusuf Burton', '08211005082', 'Jl. Soekarno No. 103'),
(1412, 'Cody Wyatt', '08211000088', 'Jl. Ki Hajar Dewantara No. 110'),
(1413, 'Annalise Vincent', '08211007347', 'Jl. Djuanda Kartawidjaja No. 37'),
(1414, 'Alfred Huffman', '08211007797', 'Jl. R.M. Soerjopranoto No. 35'),
(1415, 'Jerimiah Hoover', '08211008495', 'Jl. R.A. Lasminingrat No. 87'),
(1416, 'Charity Howard', '08211006702', 'Jl. Sutan Sjahrir No. 24'),
(1417, 'Nathan Boyer', '08211024745', 'Jl. K.H. Hasyim Asyari No. 7'),
(1418, 'Curtis Simpson', '08211029357', 'Jl. Tan Malaka No. 67'),
(1419, 'Karla Oneill', '08211010314', 'Jl. Imam Bonjol No. 24'),
(1420, 'Averie Warner', '08211002249', 'Jl. Pattimura No. 96'),
(1421, 'August Parker', '08211016539', 'Jl. Sisingamangaraja XII No. 124'),
(1422, 'Haiden Aguirre', '08211014832', 'Jl. R.A. Lasminingrat No. 45'),
(1423, 'Emmy Garner', '08211024071', 'Jl. Tan Malaka No. 82'),
(1424, 'Van Carey', '08211029203', 'Jl. Idham Chalid No. 11'),
(1425, 'Cole Mcgee', '08211002705', 'Jl. Mohammad Husni Thamrin No. 131'),
(1426, 'Zane Lane', '08211031258', 'Jl. Pattimura No. 139'),
(1427, 'Judith Larson', '08211006980', 'Jl. Gajah Mada No. 77'),
(1428, 'Rey Wood', '08211004982', 'Jl. R.A. Lasminingrat No. 70'),
(1429, 'Nikolas Hooper', '08211012011', 'Jl. K.H. Ahmad Dahlan No. 35'),
(1430, 'Briana Wiggins', '08211021356', 'Jl. Martha Christina Tiahahu No. 128'),
(1431, 'Alex Sharp', '08211011157', 'Jl. Johannes Leimena No. 137'),
(1432, 'Elliot Randall', '08211010689', 'Jl. I Gusti Ngurah Rai No. 109'),
(1433, 'Keegan Bell', '08211025150', 'Jl. Sisingamangaraja XII No. 91'),
(1434, 'Stacy Lynn', '08211019300', 'Jl. Djuanda Kartawidjaja No. 29'),
(1435, 'Lilianna Harrison', '08211024076', 'Jl. Otto Iskandardinata No. 70'),
(1436, 'Julia Gentry', '08211028335', 'Jl. R.A. Kartini No. 3'),
(1437, 'Cadence Li', '08211010889', 'Jl. Soekarno No. 61'),
(1438, 'Michelle Hubbard', '08211007917', 'Jl. K.H. Zainul Arifin No. 108'),
(1439, 'Alia Sparks', '08211013941', 'Jl. Idham Chalid No. 150'),
(1440, 'Nathaniel Barber', '08211020305', 'Jl. H.O.S. Tjokroaminoto No. 10'),
(1441, 'Paris Deleon', '08211013130', 'Jl. Sutan Sjahrir No. 111'),
(1442, 'Braden Murillo', '08211000945', 'Jl. Dr. Soetomo No. 85'),
(1443, 'Troy Beard', '08211005028', 'Jl. Raden Ajeng Kartini No. 4'),
(1444, 'Noemi Gibson', '08211026224', 'Jl. Abdul Haris Nasution No. 4'),
(1445, 'Heaven Willis', '08211007696', 'Jl. Kapitan Pattimura No. 81'),
(1446, 'Rylee Hodges', '08211017751', 'Jl. Alexander Andries Maramis No. 105'),
(1447, 'Daniel Lawrence', '08211024588', 'Jl. Alexander Andries Maramis No. 60'),
(1448, 'Jaidyn Sanford', '08211031149', 'Jl. Kapitan Pattimura No. 114'),
(1449, 'Dixie Mason', '08211026853', 'Jl. Pangeran Diponegoro No. 32'),
(1450, 'Rose Colon', '08211015771', 'Jl. Ki Hajar Dewantara No. 33'),
(1451, 'Alyson Williamson', '08211016829', 'Jl. R.A. Wiranatakusumah No. 58'),
(1452, 'Arielle Mcdonald', '08211029719', 'Jl. Tjoet Nja Meutia No. 61'),
(1453, 'Leonardo Peters', '08211014670', 'Jl. Tan Malaka No. 122'),
(1454, 'Madden Maldonado', '08211017966', 'Jl. Cut Nyak Dhien No. 46'),
(1455, 'Keaton Hardy', '08211023502', 'Jl. K.H. Zainul Arifin No. 20'),
(1456, 'Kaylee Bartlett', '08211016541', 'Jl. Teuku Umar No. 45'),
(1457, 'Ashton Leach', '08211008477', 'Jl. Dr. Soetomo No. 142'),
(1458, 'Macey Sanford', '08211004105', 'Jl. Pattimura No. 108'),
(1459, 'Heidy Harding', '08211017692', 'Jl. Dewi Sartika No. 54'),
(1460, 'Noe Brady', '08211022570', 'Jl. Tan Malaka No. 86'),
(1461, 'Sonny Salas', '08211007698', 'Jl. R.A. Wiranatakusumah No. 13'),
(1462, 'Regan Rodgers', '08211032012', 'Jl. Bung Tomo No. 112'),
(1463, 'Nora Suarez', '08211010541', 'Jl. Abdul Muis No. 23'),
(1464, 'Danny Dickerson', '08211016708', 'Jl. Ki Hajar Dewantara No. 126'),
(1465, 'Carlee Haynes', '08211023767', 'Jl. Dr. Wahidin Soedirohoesodo No. 14'),
(1466, 'Nathaniel Hicks', '08211023265', 'Jl. Pattimura No. 49'),
(1467, 'Ava Salas', '08211006127', 'Jl. Tjoet Nja Meutia No. 43'),
(1468, 'Kaylyn Carson', '08211012231', 'Jl. Pattimura No. 75'),
(1469, 'Greta Bryant', '08211030809', 'Jl. S.K. Trimurti No. 94'),
(1470, 'Skyler Martinez', '08211011316', 'Jl. Dr. Soetomo No. 147'),
(1471, 'London Conway', '08211008629', 'Jl. Jenderal Sudirman No. 95'),
(1472, 'Antony Wood', '08211010594', 'Jl. H.O.S. Tjokroaminoto No. 7'),
(1473, 'Aliana Gardner', '08211002434', 'Jl. Sutan Sjahrir No. 59'),
(1474, 'Payton Mcgee', '08211016153', 'Jl. Idham Chalid No. 114'),
(1475, 'Beatrice Vincent', '08211016367', 'Jl. S.K. Trimurti No. 14'),
(1476, 'Dayanara Flynn', '08211011917', 'Jl. Teuku Umar No. 139'),
(1477, 'Larissa Vega', '08211023124', 'Jl. Raden Ajeng Kartini No. 148'),
(1478, 'Bailee Mays', '08211032374', 'Jl. R.A. Wiranatakusumah No. 103'),
(1479, 'Kaiden Ramsey', '08211030110', 'Jl. Dewi Sartika No. 51'),
(1480, 'Keenan Jarvis', '08211020360', 'Jl. Bung Tomo No. 50'),
(1481, 'Messiah Campos', '08211028203', 'Jl. Johannes Leimena No. 95'),
(1482, 'Boston Copeland', '08211011433', 'Jl. Pangeran Diponegoro No. 56'),
(1483, 'Mikaela Randolph', '08211006468', 'Jl. K.H. Ahmad Dahlan No. 102'),
(1484, 'Marisa Hoover', '08211001927', 'Jl. K.H. Ahmad Dahlan No. 40'),
(1485, 'Leon Bradford', '08211030780', 'Jl. Otto Iskandardinata No. 3'),
(1486, 'Alexa Reyes', '08211026739', 'Jl. Alexander Andries Maramis No. 109'),
(1487, 'Derrick Bullock', '08211012358', 'Jl. R.A. Lasminingrat No. 107'),
(1488, 'Tony Wolf', '08211016781', 'Jl. Sisingamangaraja XII No. 145'),
(1489, 'Yaritza Harvey', '08211000115', 'Jl. R.A. Lasminingrat No. 38'),
(1490, 'Kaia Harrison', '08211000003', 'Jl. Mohammad Yamin No. 13'),
(1491, 'Itzel Joyce', '08211014306', 'Jl. Otto Iskandardinata No. 62'),
(1492, 'Karina Palmer', '08211002305', 'Jl. Sam Ratulangi No. 84'),
(1493, 'Devyn Park', '08211014413', 'Jl. Mohammad Hatta No. 8'),
(1494, 'Adeline Carpenter', '08211001240', 'Jl. Sam Ratulangi No. 51'),
(1495, 'Pablo Kerr', '08211004097', 'Jl. R.A. Kartini No. 27'),
(1496, 'Shelby Trujillo', '08211027048', 'Jl. I Gusti Ngurah Rai No. 24'),
(1497, 'Cash Shannon', '08211004903', 'Jl. R.A. Lasminingrat No. 133'),
(1498, 'Jaliyah Bass', '08211011673', 'Jl. Djuanda Kartawidjaja No. 122'),
(1499, 'Hassan Gonzales', '08211024013', 'Jl. Tjipto Mangunkusumo No. 29'),
(1500, 'Ashly Horn', '08211016904', 'Jl. K.H. Ahmad Dahlan No. 115'),
(1501, 'Alonzo Vaughn', '08211015456', 'Jl. I Gusti Ngurah Rai No. 3'),
(1502, 'Gideon Conley', '08211014274', 'Jl. R.A. Lasminingrat No. 94'),
(1503, 'Isai Brennan', '08211006201', 'Jl. I Gusti Ngurah Rai No. 88'),
(1504, 'Elliana Yoder', '08211007493', 'Jl. Johannes Leimena No. 41'),
(1505, 'Tucker Ritter', '08211014856', 'Jl. Cut Nyak Dhien No. 139'),
(1506, 'Jaylynn Marshall', '08211001178', 'Jl. Djuanda Kartawidjaja No. 21'),
(1507, 'Kiersten Skinner', '08211004228', 'Jl. Bung Tomo No. 122'),
(1508, 'Anastasia Gallegos', '08211014141', 'Jl. Imam Bonjol No. 120'),
(1509, 'Colton Sanford', '08211023387', 'Jl. Pangeran Diponegoro No. 13'),
(1510, 'Emilio Hancock', '08211016147', 'Jl. Teuku Umar No. 116'),
(1511, 'Olivia Schwartz', '08211008587', 'Jl. Sam Ratulangi No. 30'),
(1512, 'Eileen Lara', '08211013263', 'Jl. Ki Bagus Hadikusumo No. 16'),
(1513, 'Cesar Salas', '08211007216', 'Jl. K.H. Hasyim Asyari No. 126'),
(1514, 'Leandro Villa', '08211030509', 'Jl. Raden Ajeng Kartini No. 10'),
(1515, 'Paxton Cantrell', '08211032034', 'Jl. Bung Tomo No. 57'),
(1516, 'Dalton Hardin', '08211012521', 'Jl. Tan Malaka No. 86'),
(1517, 'Mercedes Ewing', '08211012487', 'Jl. Soekarno No. 133'),
(1518, 'Jalen Bean', '08211021329', 'Jl. R.A. Kartini No. 100'),
(1519, 'Michelle Rosales', '08211004219', 'Jl. I Gusti Ngurah Rai No. 145'),
(1520, 'Abdullah Vazquez', '08211008022', 'Jl. Frans Kaisiepo No. 27'),
(1521, 'Kinley Beard', '08211013823', 'Jl. Pangeran Diponegoro No. 89'),
(1522, 'Elle Zhang', '08211022754', 'Jl. Cut Nyak Dhien No. 74'),
(1523, 'Terry Woodward', '08211025201', 'Jl. Bung Tomo No. 27'),
(1524, 'Branson Mcfarland', '08211011292', 'Jl. Gajah Mada No. 117'),
(1525, 'Nolan Cross', '08211010226', 'Jl. R.A. Wiranatakusumah No. 92'),
(1526, 'Mollie Henry', '08211014630', 'Jl. Otto Iskandardinata No. 110'),
(1527, 'Chandler Pham', '08211009901', 'Jl. Pangeran Diponegoro No. 29'),
(1528, 'Cristian Wolfe', '08211026752', 'Jl. Sam Ratulangi No. 1'),
(1529, 'Celia Walton', '08211012039', 'Jl. Raden Inten II No. 49'),
(1530, 'Jaslyn Williamson', '08211021410', 'Jl. Ki Hajar Dewantara No. 139'),
(1531, 'Nataly Tyler', '08211011367', 'Jl. Djuanda Kartawidjaja No. 21'),
(1532, 'Alexus Ferguson', '08211030216', 'Jl. Martha Christina Tiahahu No. 146'),
(1533, 'Trystan Horne', '08211003283', 'Jl. Wahidin Sudirohusodo No. 33'),
(1534, 'Jaylin Weber', '08211018735', 'Jl. Sutan Sjahrir No. 36'),
(1535, 'Karly Dudley', '08211020565', 'Jl. Mohammad Yamin No. 15'),
(1536, 'Billy Merritt', '08211022684', 'Jl. Martha Christina Tiahahu No. 95'),
(1537, 'Annika Buck', '08211015398', 'Jl. Abdul Muis No. 136'),
(1538, 'Caiden Ortega', '08211010214', 'Jl. Tjipto Mangunkusumo No. 65'),
(1539, 'Spencer Gallegos', '08211032100', 'Jl. K.H. Agus Salim No. 71'),
(1540, 'Lorelei Hester', '08211009825', 'Jl. Martha Christina Tiahahu No. 147'),
(1541, 'Aedan Mckee', '08211001100', 'Jl. I Gusti Ngurah Rai No. 114'),
(1542, 'Makenzie Thornton', '08211023696', 'Jl. Soekarno No. 11'),
(1543, 'Esther Fischer', '08211017424', 'Jl. Abdul Haris Nasution No. 92'),
(1544, 'Donald Hayes', '08211008954', 'Jl. Pangeran Diponegoro No. 63'),
(1545, 'June Ponce', '08211030376', 'Jl. I Gusti Ngurah Rai No. 55'),
(1546, 'Dario David', '08211005318', 'Jl. Sam Ratulangi No. 38'),
(1547, 'Jean Conley', '08211020295', 'Jl. Sultan Hasanuddin No. 132'),
(1548, 'Skylar Fitzpatrick', '08211028883', 'Jl. Pattimura No. 149'),
(1549, 'Paloma Walters', '08211011640', 'Jl. Pattimura No. 10'),
(1550, 'Abram Leonard', '08211016403', 'Jl. Sam Ratulangi No. 18'),
(1551, 'Callum Berger', '08211027505', 'Jl. Ki Bagus Hadikusumo No. 15'),
(1552, 'Nathanael Lyons', '08211011726', 'Jl. Soekarno No. 50'),
(1553, 'Aracely Greene', '08211001690', 'Jl. Pattimura No. 45'),
(1554, 'Maeve Kent', '08211023031', 'Jl. Ki Bagus Hadikusumo No. 88'),
(1555, 'Frankie Keith', '08211009233', 'Jl. Pangeran Diponegoro No. 140'),
(1556, 'Barrett Ochoa', '08211007453', 'Jl. Pangeran Diponegoro No. 79'),
(1557, 'Cameron Lin', '08211029135', 'Jl. S.K. Trimurti No. 130'),
(1558, 'Gisselle Scott', '08211004993', 'Jl. Mohammad Husni Thamrin No. 108'),
(1559, 'Maddox Cortez', '08211005034', 'Jl. Pattimura No. 73'),
(1560, 'Jovani Branch', '08211012152', 'Jl. Ki Bagus Hadikusumo No. 28'),
(1561, 'Karly Callahan', '08211019199', 'Jl. Mohammad Hatta No. 30'),
(1562, 'Howard Rose', '08211029651', 'Jl. K.H. Zainul Arifin No. 138'),
(1563, 'Joslyn Carrillo', '08211031881', 'Jl. Raden Inten II No. 123'),
(1564, 'Zackary Key', '08211001906', 'Jl. Tan Malaka No. 30'),
(1565, 'Ellie Arroyo', '08211001536', 'Jl. R.A. Wiranatakusumah No. 146'),
(1566, 'Julio Shields', '08211012251', 'Jl. Alexander Andries Maramis No. 121'),
(1567, 'Evan Lynch', '08211002086', 'Jl. Imam Bonjol No. 39'),
(1568, 'Mohamed Humphrey', '08211014734', 'Jl. Tjipto Mangunkusumo No. 28'),
(1569, 'Tanner Dickerson', '08211004074', 'Jl. Sutan Sjahrir No. 24'),
(1570, 'Marin Thomas', '08211004053', 'Jl. Raden Dewi Sartika No. 104'),
(1571, 'Alyson Galvan', '08211006922', 'Jl. K.H. Ahmad Dahlan No. 118'),
(1572, 'Dylan Pacheco', '08211016123', 'Jl. Teuku Umar No. 53'),
(1573, 'Yael Best', '08211025081', 'Jl. Otto Iskandardinata No. 112'),
(1574, 'Elisa Griffith', '08211002012', 'Jl. Wahidin Sudirohusodo No. 112'),
(1575, 'Molly Braun', '08211003963', 'Jl. I Gusti Ngurah Rai No. 135'),
(1576, 'Braedon Browning', '08211025503', 'Jl. Martha Christina Tiahahu No. 145'),
(1577, 'Sanai Shea', '08211005724', 'Jl. Otto Iskandardinata No. 137'),
(1578, 'Eden Webb', '08211002008', 'Jl. Otto Iskandardinata No. 39'),
(1579, 'Rory Valentine', '08211020468', 'Jl. K.H. Hasyim Asyari No. 124'),
(1580, 'Braiden Dunlap', '08211024590', 'Jl. Abdul Muis No. 34'),
(1581, 'Aden Luna', '08211023830', 'Jl. Sisingamangaraja XII No. 44'),
(1582, 'Allie Ferrell', '08211011262', 'Jl. Ki Bagus Hadikusumo No. 133'),
(1583, 'Albert Dougherty', '08211010249', 'Jl. Mohammad Yamin No. 40'),
(1584, 'Jaime Santiago', '08211029587', 'Jl. I Gusti Ngurah Rai No. 129'),
(1585, 'Elliott Rush', '08211028817', 'Jl. Soekarno No. 135'),
(1586, 'Vivian Krueger', '08211017624', 'Jl. Johannes Leimena No. 40'),
(1587, 'Eleanor Parsons', '08211029535', 'Jl. Agus Salim No. 92'),
(1588, 'Micah Mcintosh', '08211013300', 'Jl. I Gusti Ngurah Rai No. 72'),
(1589, 'Harper Dawson', '08211012842', 'Jl. Gajah Mada No. 139'),
(1590, 'Jon Duran', '08211014874', 'Jl. Frans Kaisiepo No. 132'),
(1591, 'Allisson Buck', '08211010726', 'Jl. Tjoet Nja Meutia No. 110'),
(1592, 'Dexter Summers', '08211017669', 'Jl. Wahidin Sudirohusodo No. 120'),
(1593, 'Fisher Orozco', '08211026686', 'Jl. Dr. Wahidin Soedirohoesodo No. 80'),
(1594, 'Nelson Rosales', '08211024698', 'Jl. Wahidin Sudirohusodo No. 56'),
(1595, 'Kyle Powell', '08211006476', 'Jl. Idham Chalid No. 117'),
(1596, 'Jaylene Meadows', '08211002316', 'Jl. Pangeran Diponegoro No. 18'),
(1597, 'Hayden Ortiz', '08211019858', 'Jl. Cut Nyak Dhien No. 17'),
(1598, 'Taylor Mcconnell', '08211029297', 'Jl. Abdul Haris Nasution No. 113'),
(1599, 'Anne Mason', '08211009802', 'Jl. K.H. Ahmad Dahlan No. 98'),
(1600, 'Xander Bentley', '08211023264', 'Jl. Mohammad Yamin No. 52'),
(1601, 'Noel Hensley', '08211030365', 'Jl. Pattimura No. 134'),
(1602, 'Hugo Esparza', '08211021254', 'Jl. S.K. Trimurti No. 128'),
(1603, 'Perla Hancock', '08211029500', 'Jl. Wahidin Sudirohusodo No. 103'),
(1604, 'Trace Klein', '08211018708', 'Jl. Johannes Leimena No. 147'),
(1605, 'Krystal Gonzales', '08211016310', 'Jl. S.K. Trimurti No. 121'),
(1606, 'Tyshawn Molina', '08211030880', 'Jl. R.M. Soerjopranoto No. 76'),
(1607, 'Kinsley Rosario', '08211008649', 'Jl. Mohammad Yamin No. 58'),
(1608, 'Brady Stanton', '08211003094', 'Jl. Dewi Sartika No. 148'),
(1609, 'Ean Silva', '08211027116', 'Jl. Tan Malaka No. 112'),
(1610, 'Seamus Grimes', '08211022018', 'Jl. Dewi Sartika No. 119'),
(1611, 'Destiney Moses', '08211008250', 'Jl. Wahidin Sudirohusodo No. 108'),
(1612, 'Emma Leon', '08211024375', 'Jl. Sam Ratulangi No. 140'),
(1613, 'Kamila Hinton', '08211006715', 'Jl. R.A. Kartini No. 57'),
(1614, 'Cody Smith', '08211017721', 'Jl. Alexander Andries Maramis No. 135'),
(1615, 'Cheyanne Grant', '08211012909', 'Jl. Dewi Sartika No. 143'),
(1616, 'Roman Hendricks', '08211028290', 'Jl. Abdul Haris Nasution No. 22'),
(1617, 'Krystal Wang', '08211004752', 'Jl. Raden Dewi Sartika No. 86'),
(1618, 'Peyton Williams', '08211008409', 'Jl. I Gusti Ngurah Rai No. 81'),
(1619, 'Elle Conley', '08211018805', 'Jl. Tjipto Mangunkusumo No. 112'),
(1620, 'Christopher Bauer', '08211010657', 'Jl. R.A. Lasminingrat No. 84'),
(1621, 'Marie Conway', '08211009860', 'Jl. Kapitan Pattimura No. 112'),
(1622, 'Keyon Evans', '08211024372', 'Jl. Mohammad Yamin No. 69'),
(1623, 'Lydia Russell', '08211024629', 'Jl. Otto Iskandardinata No. 83'),
(1624, 'Raiden Orozco', '08211003583', 'Jl. Teuku Umar No. 113'),
(1625, 'Lance Cain', '08211000817', 'Jl. Tjipto Mangunkusumo No. 118'),
(1626, 'Jaxon Briggs', '08211004814', 'Jl. K.H. Ahmad Dahlan No. 32'),
(1627, 'Diamond Arnold', '08211015883', 'Jl. Tjoet Nja Meutia No. 67'),
(1628, 'Corbin Phelps', '08211027776', 'Jl. Idham Chalid No. 9'),
(1629, 'Alison Conley', '08211021319', 'Jl. Jenderal Sudirman No. 69'),
(1630, 'Aaron Greene', '08211006795', 'Jl. S.K. Trimurti No. 138'),
(1631, 'Kenzie Choi', '08211004626', 'Jl. K.H. Hasyim Asyari No. 72'),
(1632, 'Mauricio Nunez', '08211012158', 'Jl. Kapitan Pattimura No. 130'),
(1633, 'Jasper Goodman', '08211014383', 'Jl. Mohammad Hatta No. 36'),
(1634, 'Lily Fritz', '08211000778', 'Jl. Jenderal Sudirman No. 20'),
(1635, 'Harper Hunter', '08211027263', 'Jl. Idham Chalid No. 94'),
(1636, 'Terry King', '08211010044', 'Jl. Wahidin Sudirohusodo No. 5'),
(1637, 'Mercedes Edwards', '08211007536', 'Jl. Sam Ratulangi No. 75'),
(1638, 'Eric Bates', '08211025038', 'Jl. Martha Christina Tiahahu No. 87'),
(1639, 'Cruz Cantu', '08211015482', 'Jl. K.H. Ahmad Dahlan No. 82'),
(1640, 'Emerson Hudson', '08211006492', 'Jl. Sutan Sjahrir No. 131'),
(1641, 'Simeon Ferrell', '08211021002', 'Jl. Tjipto Mangunkusumo No. 36'),
(1642, 'Joel Pratt', '08211028183', 'Jl. Djuanda Kartawidjaja No. 1'),
(1643, 'Yuliana Hancock', '08211012173', 'Jl. Frans Kaisiepo No. 5'),
(1644, 'Talon Rollins', '08211017381', 'Jl. Imam Bonjol No. 20'),
(1645, 'Diamond Foster', '08211030707', 'Jl. Dewi Sartika No. 92'),
(1646, 'Roger Reeves', '08211015663', 'Jl. Mohammad Hatta No. 66'),
(1647, 'Pedro Gray', '08211011800', 'Jl. Djuanda Kartawidjaja No. 96'),
(1648, 'Veronica Moody', '08211015692', 'Jl. Ki Hajar Dewantara No. 84'),
(1649, 'Emelia Hebert', '08211002063', 'Jl. Raden Ajeng Kartini No. 62'),
(1650, 'Dakota Mckenzie', '08211005971', 'Jl. Mohammad Husni Thamrin No. 135'),
(1651, 'Mila Reed', '08211007374', 'Jl. Pattimura No. 78'),
(1652, 'Jaylen Webb', '08211022491', 'Jl. H.O.S. Tjokroaminoto No. 59'),
(1653, 'Meghan Rivers', '08211028303', 'Jl. R.A. Kartini No. 28'),
(1654, 'Shyanne Pena', '08211016869', 'Jl. Gajah Mada No. 36'),
(1655, 'Brendon Flowers', '08211004204', 'Jl. Gajah Mada No. 13'),
(1656, 'Avah Joyce', '08211006479', 'Jl. Kapitan Pattimura No. 10'),
(1657, 'Chana Sandoval', '08211020942', 'Jl. Abdul Muis No. 141'),
(1658, 'Gregory Nelson', '08211018495', 'Jl. Mohammad Hatta No. 3'),
(1659, 'Ryleigh Chambers', '08211022194', 'Jl. Pattimura No. 130'),
(1660, 'Breanna Everett', '08211019840', 'Jl. Sutan Sjahrir No. 111'),
(1661, 'Sabrina Shaffer', '08211024212', 'Jl. Frans Kaisiepo No. 23'),
(1662, 'Landen Mcintosh', '08211030999', 'Jl. Bung Tomo No. 102'),
(1663, 'Quintin Fleming', '08211015178', 'Jl. K.H. Hasyim Asyari No. 99'),
(1664, 'Lily Gordon', '08211001849', 'Jl. R.M. Soerjopranoto No. 50'),
(1665, 'Cora Cantu', '08211025859', 'Jl. Bung Tomo No. 88'),
(1666, 'Sydnee Orr', '08211018718', 'Jl. R.A. Kartini No. 7'),
(1667, 'Luca Trujillo', '08211013857', 'Jl. Pangeran Diponegoro No. 148'),
(1668, 'Julianna Bautista', '08211026193', 'Jl. Djuanda Kartawidjaja No. 94'),
(1669, 'Devon Vang', '08211025250', 'Jl. Pattimura No. 81'),
(1670, 'Adrian Gross', '08211029232', 'Jl. Dr. Soetomo No. 66'),
(1671, 'Kenna Richard', '08211000481', 'Jl. Pattimura No. 45'),
(1672, 'Iris Burch', '08211030155', 'Jl. Idham Chalid No. 33'),
(1673, 'Jagger Jacobson', '08211014140', 'Jl. Pattimura No. 128'),
(1674, 'Demarion Wells', '08211009564', 'Jl. K.H. Zainul Arifin No. 137'),
(1675, 'Bryanna Joyce', '08211029083', 'Jl. Pattimura No. 24'),
(1676, 'Kara Terry', '08211003533', 'Jl. Mohammad Husni Thamrin No. 79'),
(1677, 'Zaniyah Velasquez', '08211001070', 'Jl. Raden Ajeng Kartini No. 85'),
(1678, 'Tate Morales', '08211020878', 'Jl. K.H. Zainul Arifin No. 15'),
(1679, 'Carmen Lindsey', '08211019218', 'Jl. Kapitan Pattimura No. 13'),
(1680, 'Konnor Pope', '08211007935', 'Jl. Sultan Hasanuddin No. 40'),
(1681, 'Kaliyah Ortega', '08211031450', 'Jl. Dr. Soetomo No. 36'),
(1682, 'Dawson Marshall', '08211013481', 'Jl. R.A. Lasminingrat No. 126'),
(1683, 'Drew Lutz', '08211032654', 'Jl. S.K. Trimurti No. 29'),
(1684, 'Dominique Friedman', '08211026273', 'Jl. Ki Bagus Hadikusumo No. 100'),
(1685, 'Jaidyn Gates', '08211009270', 'Jl. R.A. Kartini No. 86'),
(1686, 'Jackson Jacobs', '08211003459', 'Jl. S.K. Trimurti No. 6'),
(1687, 'Leia Mejia', '08211012306', 'Jl. Agus Salim No. 17'),
(1688, 'Madalynn Chung', '08211021345', 'Jl. Idham Chalid No. 150'),
(1689, 'Beckham Buchanan', '08211006957', 'Jl. R.A. Lasminingrat No. 9'),
(1690, 'Catalina Hayden', '08211026898', 'Jl. Teuku Umar No. 128'),
(1691, 'Eduardo Merritt', '08211009190', 'Jl. Kapitan Pattimura No. 137'),
(1692, 'Payten Cobb', '08211018075', 'Jl. K.H. Agus Salim No. 79'),
(1693, 'Keyla Stuart', '08211015291', 'Jl. Abdul Haris Nasution No. 94'),
(1694, 'Iliana Mcfarland', '08211023215', 'Jl. Gajah Mada No. 111'),
(1695, 'Phoebe Wilkinson', '08211003193', 'Jl. Raden Ajeng Kartini No. 67'),
(1696, 'Kareem Archer', '08211029645', 'Jl. Martha Christina Tiahahu No. 118'),
(1697, 'Kamryn Webster', '08211015167', 'Jl. Sutan Sjahrir No. 26'),
(1698, 'Zavier Grimes', '08211003932', 'Jl. K.H. Zainul Arifin No. 6'),
(1699, 'Dixie Bowen', '08211005911', 'Jl. R.A. Lasminingrat No. 6'),
(1700, 'Emiliano Grant', '08211026155', 'Jl. Sutan Sjahrir No. 42'),
(1701, 'Carl Maynard', '08211019974', 'Jl. Raden Dewi Sartika No. 36'),
(1702, 'Zaire Spencer', '08211017365', 'Jl. Tan Malaka No. 43'),
(1703, 'Braiden Beard', '08211018518', 'Jl. Raden Inten II No. 99'),
(1704, 'Eric Olsen', '08211014061', 'Jl. Abdul Haris Nasution No. 133'),
(1705, 'Lina Serrano', '08211029762', 'Jl. Martha Christina Tiahahu No. 135'),
(1706, 'Frank Christensen', '08211027471', 'Jl. K.H. Zainul Arifin No. 93'),
(1707, 'Gloria Gibson', '08211001647', 'Jl. Mohammad Hatta No. 119'),
(1708, 'America Sparks', '08211020342', 'Jl. Sultan Hasanuddin No. 97'),
(1709, 'Augustus Cuevas', '08211020821', 'Jl. Tjoet Nja Meutia No. 30'),
(1710, 'Ramiro Dudley', '08211005858', 'Jl. Johannes Leimena No. 24'),
(1711, 'Kinley Neal', '08211028028', 'Jl. R.A. Kartini No. 53'),
(1712, 'Harley Davidson', '08211015860', 'Jl. Sutan Sjahrir No. 50'),
(1713, 'Yandel Lambert', '08211022269', 'Jl. Dr. Wahidin Soedirohoesodo No. 86'),
(1714, 'Rosemary Key', '08211022717', 'Jl. Tjoet Nja Meutia No. 5'),
(1715, 'Kayla Warren', '08211016201', 'Jl. K.H. Hasyim Asyari No. 28'),
(1716, 'Dallas Kelley', '08211012051', 'Jl. Pattimura No. 82'),
(1717, 'Melanie Foster', '08211015326', 'Jl. R.A. Wiranatakusumah No. 34'),
(1718, 'Jenny Mullins', '08211000608', 'Jl. K.H. Hasyim Asyari No. 74'),
(1719, 'Jermaine Stein', '08211027761', 'Jl. Sisingamangaraja XII No. 103'),
(1720, 'Lola Bradford', '08211002829', 'Jl. Sisingamangaraja XII No. 133'),
(1721, 'Sydney Robinson', '08211021882', 'Jl. Mohammad Hatta No. 60'),
(1722, 'Raul Snow', '08211029367', 'Jl. Soekarno No. 64'),
(1723, 'Eden Curtis', '08211031324', 'Jl. Mohammad Yamin No. 83'),
(1724, 'Jade Huang', '08211004820', 'Jl. Sutan Sjahrir No. 127'),
(1725, 'Jaelynn Anthony', '08211032327', 'Jl. Bung Tomo No. 84'),
(1726, 'Evelin Alexander', '08211018551', 'Jl. Raden Inten II No. 21'),
(1727, 'Gage Rangel', '08211024430', 'Jl. Pattimura No. 54'),
(1728, 'Fabian Tate', '08211027924', 'Jl. Ki Bagus Hadikusumo No. 43'),
(1729, 'Kaia Velasquez', '08211012798', 'Jl. Mohammad Yamin No. 6'),
(1730, 'Lara Chavez', '08211026704', 'Jl. Alexander Andries Maramis No. 5'),
(1731, 'Eric Baker', '08211016241', 'Jl. Soekarno No. 127'),
(1732, 'Allisson Banks', '08211028012', 'Jl. Frans Kaisiepo No. 140'),
(1733, 'Kaylee Mullins', '08211013195', 'Jl. Mohammad Yamin No. 92'),
(1734, 'Kael Downs', '08211023889', 'Jl. Pattimura No. 42'),
(1735, 'Kimberly Young', '08211021898', 'Jl. Sutan Sjahrir No. 150'),
(1736, 'Brayan Russell', '08211007057', 'Jl. Dewi Sartika No. 124'),
(1737, 'Ali Rich', '08211010322', 'Jl. Ki Bagus Hadikusumo No. 140'),
(1738, 'Timothy Ramos', '08211009171', 'Jl. R.A. Lasminingrat No. 33'),
(1739, 'Alani Stuart', '08211007250', 'Jl. K.H. Zainul Arifin No. 56'),
(1740, 'Gabriel Marsh', '08211022043', 'Jl. R.A. Wiranatakusumah No. 99'),
(1741, 'Jessie Vaughn', '08211015815', 'Jl. K.H. Hasyim Asyari No. 48'),
(1742, 'Sariah Mitchell', '08211000240', 'Jl. Mohammad Yamin No. 52'),
(1743, 'Bruce Maxwell', '08211030153', 'Jl. Johannes Leimena No. 36'),
(1744, 'Sarai Deleon', '08211013839', 'Jl. H.O.S. Tjokroaminoto No. 12'),
(1745, 'Mckayla Baker', '08211029551', 'Jl. Dr. Wahidin Soedirohoesodo No. 137'),
(1746, 'Brodie Cherry', '08211007525', 'Jl. Raden Dewi Sartika No. 137'),
(1747, 'Rishi Daugherty', '08211013501', 'Jl. Jenderal Sudirman No. 133'),
(1748, 'Alberto Frank', '08211025256', 'Jl. Tjoet Nja Meutia No. 86'),
(1749, 'Ashly Anthony', '08211018703', 'Jl. Gajah Mada No. 80'),
(1750, 'Kale Winters', '08211010414', 'Jl. Tan Malaka No. 1'),
(1751, 'Juliet Bass', '08211008389', 'Jl. Dewi Sartika No. 119'),
(1752, 'Holly Hull', '08211006983', 'Jl. S.K. Trimurti No. 36'),
(1753, 'Karli Odom', '08211030146', 'Jl. Dr. Wahidin Soedirohoesodo No. 125'),
(1754, 'Gretchen Rose', '08211000841', 'Jl. Jenderal Sudirman No. 94'),
(1755, 'Owen Parker', '08211032119', 'Jl. Raden Ajeng Kartini No. 5'),
(1756, 'Angelique Krause', '08211016545', 'Jl. Mohammad Hatta No. 94'),
(1757, 'Bo Jarvis', '08211001584', 'Jl. Agus Salim No. 74'),
(1758, 'Glenn Werner', '08211021162', 'Jl. Pangeran Diponegoro No. 72'),
(1759, 'Marilyn Williams', '08211023417', 'Jl. H.O.S. Tjokroaminoto No. 58'),
(1760, 'Martha Wallace', '08211022985', 'Jl. K.H. Agus Salim No. 31'),
(1761, 'Kailee Prince', '08211028698', 'Jl. Tjipto Mangunkusumo No. 48'),
(1762, 'Kennedy Marsh', '08211022945', 'Jl. Sutan Sjahrir No. 67'),
(1763, 'Francisco Kelley', '08211029214', 'Jl. Mohammad Husni Thamrin No. 104'),
(1764, 'Emilee Duke', '08211017161', 'Jl. Mohammad Husni Thamrin No. 93'),
(1765, 'Alia Durham', '08211006760', 'Jl. Sam Ratulangi No. 27'),
(1766, 'Brynn Copeland', '08211019381', 'Jl. K.H. Hasyim Asyari No. 140'),
(1767, 'Sarah Tyler', '08211022625', 'Jl. Tjoet Nja Meutia No. 73'),
(1768, 'Sarah Ortiz', '08211023670', 'Jl. Teuku Umar No. 133'),
(1769, 'Gaige Nash', '08211017689', 'Jl. Mohammad Hatta No. 118'),
(1770, 'Mckenna Trevino', '08211021852', 'Jl. Idham Chalid No. 66'),
(1771, 'Carly Kaufman', '08211030410', 'Jl. Dewi Sartika No. 127'),
(1772, 'Marshall Frederick', '08211015199', 'Jl. R.A. Lasminingrat No. 116'),
(1773, 'Colin Dominguez', '08211019793', 'Jl. S.K. Trimurti No. 100'),
(1774, 'Marissa Walker', '08211017352', 'Jl. Ki Bagus Hadikusumo No. 28'),
(1775, 'Luca Marks', '08211009946', 'Jl. Tjipto Mangunkusumo No. 121'),
(1776, 'Ashtyn Cummings', '08211014142', 'Jl. Teuku Umar No. 32'),
(1777, 'Rex Stuart', '08211011402', 'Jl. Sam Ratulangi No. 94'),
(1778, 'Elsa Gordon', '08211027085', 'Jl. Djuanda Kartawidjaja No. 24'),
(1779, 'Lana Cantrell', '08211011564', 'Jl. Ki Bagus Hadikusumo No. 143'),
(1780, 'Clay Campos', '08211032087', 'Jl. Raden Inten II No. 71'),
(1781, 'Nataly Calhoun', '08211009686', 'Jl. Ki Hajar Dewantara No. 92'),
(1782, 'Dillon Jordan', '08211003453', 'Jl. Mohammad Husni Thamrin No. 86'),
(1783, 'Shawn Shelton', '08211021033', 'Jl. Djuanda Kartawidjaja No. 67'),
(1784, 'Jayce Davila', '08211031792', 'Jl. Mohammad Hatta No. 109'),
(1785, 'Isis Fry', '08211000783', 'Jl. Otto Iskandardinata No. 141'),
(1786, 'Darnell Mullen', '08211030408', 'Jl. Pangeran Diponegoro No. 104'),
(1787, 'Raegan Horne', '08211031545', 'Jl. Mohammad Husni Thamrin No. 148'),
(1788, 'Wendy Cole', '08211025365', 'Jl. K.H. Hasyim Asyari No. 81'),
(1789, 'Armani Potter', '08211001974', 'Jl. I Gusti Ngurah Rai No. 132'),
(1790, 'Karlee Baxter', '08211009234', 'Jl. Sam Ratulangi No. 132'),
(1791, 'Gaven Johnson', '08211020598', 'Jl. K.H. Agus Salim No. 131'),
(1792, 'Amir Rocha', '08211023284', 'Jl. Dr. Wahidin Soedirohoesodo No. 14'),
(1793, 'Noel Hooper', '08211009787', 'Jl. Raden Ajeng Kartini No. 150'),
(1794, 'Haley Hatfield', '08211002060', 'Jl. Agus Salim No. 69'),
(1795, 'Hugh Coleman', '08211021771', 'Jl. I Gusti Ngurah Rai No. 93'),
(1796, 'Derick Stafford', '08211001291', 'Jl. Tjoet Nja Meutia No. 141'),
(1797, 'Lily Leon', '08211005136', 'Jl. R.A. Lasminingrat No. 107'),
(1798, 'Viviana Peters', '08211028943', 'Jl. Raden Inten II No. 19'),
(1799, 'Paul Lester', '08211004794', 'Jl. Abdul Muis No. 69'),
(1800, 'Cody Leonard', '08211015746', 'Jl. H.O.S. Tjokroaminoto No. 68'),
(1801, 'Milo Holmes', '08211028215', 'Jl. Kapitan Pattimura No. 54'),
(1802, 'Jayla Gillespie', '08211019174', 'Jl. Mohammad Yamin No. 19'),
(1803, 'Devan Nielsen', '08211030040', 'Jl. Jenderal Sudirman No. 43'),
(1804, 'Elise Gallagher', '08211000300', 'Jl. Tjipto Mangunkusumo No. 66'),
(1805, 'Destiny George', '08211001079', 'Jl. Dewi Sartika No. 96'),
(1806, 'Kathryn Miles', '08211000153', 'Jl. Ki Bagus Hadikusumo No. 89'),
(1807, 'Aliya Hodge', '08211023067', 'Jl. Teuku Umar No. 84'),
(1808, 'Gloria Allison', '08211007631', 'Jl. Mohammad Hatta No. 19'),
(1809, 'Jamal Edwards', '08211014487', 'Jl. Agus Salim No. 126'),
(1810, 'Melany Grant', '08211012362', 'Jl. Raden Inten II No. 130'),
(1811, 'Maliyah Hinton', '08211002786', 'Jl. S.K. Trimurti No. 51'),
(1812, 'Edward Morrison', '08211007056', 'Jl. Wahidin Sudirohusodo No. 16'),
(1813, 'Matias Perry', '08211010778', 'Jl. Dr. Soetomo No. 115'),
(1814, 'Davion Lynch', '08211027602', 'Jl. R.A. Kartini No. 102'),
(1815, 'Elijah Roberson', '08211023190', 'Jl. I Gusti Ngurah Rai No. 108'),
(1816, 'Leland Knight', '08211000200', 'Jl. H.O.S. Tjokroaminoto No. 88'),
(1817, 'Fletcher Gibbs', '08211032354', 'Jl. Tjoet Nja Meutia No. 86'),
(1818, 'Ellie Davila', '08211015689', 'Jl. R.M. Soerjopranoto No. 146'),
(1819, 'Kaylin Farley', '08211018341', 'Jl. Djuanda Kartawidjaja No. 140'),
(1820, 'Winston Conway', '08211023145', 'Jl. Ki Hajar Dewantara No. 13'),
(1821, 'Sarahi Day', '08211001714', 'Jl. Dewi Sartika No. 6'),
(1822, 'Brendon Palmer', '08211005941', 'Jl. Dr. Soetomo No. 103'),
(1823, 'Ireland Maxwell', '08211022788', 'Jl. Sam Ratulangi No. 140'),
(1824, 'Lillie Davis', '08211014726', 'Jl. Soekarno No. 100'),
(1825, 'Andrew Walton', '08211009517', 'Jl. Sam Ratulangi No. 10'),
(1826, 'Elliot Stein', '08211011587', 'Jl. K.H. Hasyim Asyari No. 33'),
(1827, 'Jordan Oliver', '08211018058', 'Jl. Sisingamangaraja XII No. 101'),
(1828, 'Dominique Stafford', '08211018816', 'Jl. K.H. Hasyim Asyari No. 59'),
(1829, 'Valerie Beasley', '08211008089', 'Jl. Ki Bagus Hadikusumo No. 69'),
(1830, 'Kiara Wall', '08211018639', 'Jl. Agus Salim No. 121'),
(1831, 'Savanna Trevino', '08211020501', 'Jl. Tan Malaka No. 3'),
(1832, 'Dustin Mccoy', '08211025189', 'Jl. Ki Hajar Dewantara No. 11'),
(1833, 'Viviana Stone', '08211019392', 'Jl. Teuku Umar No. 142'),
(1834, 'Reina Riggs', '08211008207', 'Jl. Sisingamangaraja XII No. 120'),
(1835, 'Amiah Cole', '08211008426', 'Jl. K.H. Ahmad Dahlan No. 122'),
(1836, 'Hailee Hicks', '08211030644', 'Jl. Soekarno No. 93'),
(1837, 'Camren Clayton', '08211004286', 'Jl. R.A. Kartini No. 116'),
(1838, 'Anabelle Franco', '08211022776', 'Jl. R.A. Lasminingrat No. 10'),
(1839, 'Zavier Hendrix', '08211015147', 'Jl. R.M. Soerjopranoto No. 50'),
(1840, 'Trey Mccarthy', '08211031409', 'Jl. Dr. Soetomo No. 76'),
(1841, 'Lorelai Kane', '08211000005', 'Jl. Sultan Hasanuddin No. 139'),
(1842, 'Lola Henson', '08211013135', 'Jl. Tan Malaka No. 134'),
(1843, 'Nehemiah Frank', '08211021268', 'Jl. Sultan Hasanuddin No. 43'),
(1844, 'Quinton Khan', '08211023673', 'Jl. Sultan Hasanuddin No. 134'),
(1845, 'Dwayne French', '08211011872', 'Jl. K.H. Hasyim Asyari No. 70'),
(1846, 'Kayla Robinson', '08211028652', 'Jl. Idham Chalid No. 147'),
(1847, 'Diana Oneill', '08211028530', 'Jl. S.K. Trimurti No. 123'),
(1848, 'Amelie Bryant', '08211003755', 'Jl. Dr. Wahidin Soedirohoesodo No. 114'),
(1849, 'Kelton Tanner', '08211013683', 'Jl. Mohammad Hatta No. 88'),
(1850, 'Kaiya Mcintosh', '08211009261', 'Jl. Djuanda Kartawidjaja No. 41'),
(1851, 'Reece Orozco', '08211019565', 'Jl. K.H. Zainul Arifin No. 67'),
(1852, 'Leanna Hoffman', '08211005195', 'Jl. Wahidin Sudirohusodo No. 14'),
(1853, 'Van Huff', '08211022783', 'Jl. Mohammad Hatta No. 11'),
(1854, 'Deven Mcdowell', '08211019855', 'Jl. R.M. Soerjopranoto No. 32'),
(1855, 'Carissa Hernandez', '08211008059', 'Jl. Raden Inten II No. 95'),
(1856, 'Jean Compton', '08211031355', 'Jl. Sultan Hasanuddin No. 147'),
(1857, 'Amira Hensley', '08211027294', 'Jl. K.H. Hasyim Asyari No. 60'),
(1858, 'Brycen Mclaughlin', '08211026109', 'Jl. Teuku Umar No. 101'),
(1859, 'Dexter Carroll', '08211024627', 'Jl. K.H. Ahmad Dahlan No. 40'),
(1860, 'Marquise Glass', '08211014708', 'Jl. Kapitan Pattimura No. 36'),
(1861, 'Karina Evans', '08211014773', 'Jl. Martha Christina Tiahahu No. 22'),
(1862, 'Summer Roach', '08211024464', 'Jl. K.H. Hasyim Asyari No. 89'),
(1863, 'Lilyana Moyer', '08211013294', 'Jl. Alexander Andries Maramis No. 120'),
(1864, 'Tatiana Clarke', '08211025841', 'Jl. R.A. Kartini No. 86'),
(1865, 'Rebecca Mckay', '08211012913', 'Jl. Gajah Mada No. 67'),
(1866, 'Ashtyn Murray', '08211030668', 'Jl. Dr. Soetomo No. 19'),
(1867, 'Catherine Barrett', '08211018387', 'Jl. Pangeran Diponegoro No. 8'),
(1868, 'Kelsey Gray', '08211026113', 'Jl. Cut Nyak Dhien No. 33'),
(1869, 'Audrina Lara', '08211007069', 'Jl. I Gusti Ngurah Rai No. 90'),
(1870, 'Kallie Peterson', '08211008735', 'Jl. Imam Bonjol No. 112'),
(1871, 'Cristian Bryan', '08211004526', 'Jl. Teuku Umar No. 40'),
(1872, 'Alijah Mayer', '08211029818', 'Jl. Cut Nyak Dhien No. 96'),
(1873, 'Yair Yang', '08211008193', 'Jl. Sutan Sjahrir No. 90'),
(1874, 'Scarlet Huynh', '08211002666', 'Jl. Raden Dewi Sartika No. 121'),
(1875, 'Hugh Leblanc', '08211021568', 'Jl. K.H. Ahmad Dahlan No. 115'),
(1876, 'Preston Macias', '08211025419', 'Jl. Dewi Sartika No. 34'),
(1877, 'Justine Ramsey', '08211021336', 'Jl. Kapitan Pattimura No. 134'),
(1878, 'Roland Acevedo', '08211023426', 'Jl. Imam Bonjol No. 132'),
(1879, 'Keith Price', '08211004365', 'Jl. Dr. Wahidin Soedirohoesodo No. 91'),
(1880, 'Jacquelyn Page', '08211012596', 'Jl. Dr. Wahidin Soedirohoesodo No. 71'),
(1881, 'Mateo Burnett', '08211012269', 'Jl. Abdul Haris Nasution No. 40'),
(1882, 'Mercedes Barber', '08211019567', 'Jl. R.M. Soerjopranoto No. 138'),
(1883, 'Angie Harmon', '08211017026', 'Jl. Ki Bagus Hadikusumo No. 53'),
(1884, 'Sullivan Mccoy', '08211026643', 'Jl. Raden Ajeng Kartini No. 26'),
(1885, 'Jose Rose', '08211014524', 'Jl. Dewi Sartika No. 92'),
(1886, 'Marcel Hess', '08211003915', 'Jl. R.A. Lasminingrat No. 78'),
(1887, 'Reid Cooley', '08211011167', 'Jl. Mohammad Yamin No. 22'),
(1888, 'Corey Reeves', '08211014999', 'Jl. S.K. Trimurti No. 140'),
(1889, 'Lizeth Kidd', '08211018850', 'Jl. Ki Bagus Hadikusumo No. 71'),
(1890, 'Aurora Morrison', '08211007351', 'Jl. Alexander Andries Maramis No. 107'),
(1891, 'Tianna Bailey', '08211009168', 'Jl. Tjipto Mangunkusumo No. 79'),
(1892, 'Phoenix Copeland', '08211012424', 'Jl. Bung Tomo No. 74'),
(1893, 'Alana Nguyen', '08211025968', 'Jl. K.H. Ahmad Dahlan No. 2'),
(1894, 'Elliott Cantu', '08211028802', 'Jl. K.H. Zainul Arifin No. 147'),
(1895, 'Dane Hoover', '08211021902', 'Jl. Raden Ajeng Kartini No. 13'),
(1896, 'Maya Howell', '08211020891', 'Jl. Abdul Haris Nasution No. 44'),
(1897, 'Seamus Cobb', '08211008377', 'Jl. Sisingamangaraja XII No. 129'),
(1898, 'Kiara Gardner', '08211012701', 'Jl. Abdul Muis No. 74'),
(1899, 'Marley Valentine', '08211020123', 'Jl. Ki Hajar Dewantara No. 96'),
(1900, 'Azaria Mckay', '08211021736', 'Jl. Martha Christina Tiahahu No. 60'),
(1901, 'Camden Liu', '08211001936', 'Jl. R.M. Soerjopranoto No. 74'),
(1902, 'Nyasia Hooper', '08211010555', 'Jl. S.K. Trimurti No. 146'),
(1903, 'Iris Bullock', '08211013476', 'Jl. Abdul Haris Nasution No. 81'),
(1904, 'Julissa Logan', '08211009998', 'Jl. Tjipto Mangunkusumo No. 66'),
(1905, 'Nathanael Sanford', '08211025631', 'Jl. Otto Iskandardinata No. 134'),
(1906, 'Hailee Maxwell', '08211024544', 'Jl. Dewi Sartika No. 21'),
(1907, 'Miah Osborne', '08211002880', 'Jl. K.H. Ahmad Dahlan No. 136'),
(1908, 'Athena Ross', '08211002785', 'Jl. Gajah Mada No. 25'),
(1909, 'Danika Mejia', '08211022592', 'Jl. Tjipto Mangunkusumo No. 16'),
(1910, 'Jacoby Nielsen', '08211004692', 'Jl. Pattimura No. 149'),
(1911, 'Freddy Gordon', '08211025240', 'Jl. R.A. Lasminingrat No. 131'),
(1912, 'Jakayla Guzman', '08211028625', 'Jl. Alexander Andries Maramis No. 55'),
(1913, 'Santiago Dawson', '08211003174', 'Jl. Pattimura No. 81'),
(1914, 'Hector Villanueva', '08211027534', 'Jl. Mohammad Hatta No. 126'),
(1915, 'Will Roberson', '08211021762', 'Jl. Sutan Sjahrir No. 85'),
(1916, 'Jesus Calhoun', '08211026210', 'Jl. Mohammad Hatta No. 54'),
(1917, 'Humberto Park', '08211032739', 'Jl. Tjipto Mangunkusumo No. 83'),
(1918, 'Aaron Chandler', '08211031972', 'Jl. Mohammad Husni Thamrin No. 147'),
(1919, 'Conrad Mitchell', '08211029850', 'Jl. Mohammad Hatta No. 27'),
(1920, 'Enrique Briggs', '08211025696', 'Jl. Otto Iskandardinata No. 63'),
(1921, 'Grant Ross', '08211031787', 'Jl. Wahidin Sudirohusodo No. 2'),
(1922, 'Nathaniel Payne', '08211024743', 'Jl. Dewi Sartika No. 90'),
(1923, 'Keyon Hanna', '08211007222', 'Jl. Raden Ajeng Kartini No. 16'),
(1924, 'Jordan Tanner', '08211009831', 'Jl. K.H. Ahmad Dahlan No. 5'),
(1925, 'Emiliano Parks', '08211017614', 'Jl. Mohammad Yamin No. 150'),
(1926, 'Leyla Dixon', '08211024306', 'Jl. Jenderal Sudirman No. 43'),
(1927, 'Regina Flowers', '08211021199', 'Jl. K.H. Ahmad Dahlan No. 5'),
(1928, 'Scarlett Bullock', '08211006095', 'Jl. Abdul Haris Nasution No. 106'),
(1929, 'Rebecca Roach', '08211015811', 'Jl. Pattimura No. 111'),
(1930, 'Isabel Sosa', '08211021994', 'Jl. Sisingamangaraja XII No. 2'),
(1931, 'Mackenzie Young', '08211006311', 'Jl. Otto Iskandardinata No. 62'),
(1932, 'Madeline Leach', '08211029639', 'Jl. Dr. Soetomo No. 126'),
(1933, 'Alejandra Wilson', '08211006012', 'Jl. Imam Bonjol No. 23'),
(1934, 'Jazmin Montgomery', '08211032356', 'Jl. Raden Ajeng Kartini No. 63'),
(1935, 'Kamden Booth', '08211015037', 'Jl. Sam Ratulangi No. 8'),
(1936, 'Jordon Powers', '08211018441', 'Jl. Dewi Sartika No. 78'),
(1937, 'Josue Rowland', '08211018009', 'Jl. R.A. Wiranatakusumah No. 115'),
(1938, 'Milton Bowers', '08211001693', 'Jl. Ki Bagus Hadikusumo No. 132'),
(1939, 'Deshawn Casey', '08211025017', 'Jl. Dr. Wahidin Soedirohoesodo No. 135'),
(1940, 'Roman Pugh', '08211015780', 'Jl. Djuanda Kartawidjaja No. 87'),
(1941, 'Marques Moss', '08211029291', 'Jl. Ki Bagus Hadikusumo No. 53'),
(1942, 'Dominic Bryant', '08211030316', 'Jl. R.A. Wiranatakusumah No. 22'),
(1943, 'Cristian Gonzalez', '08211010878', 'Jl. Mohammad Hatta No. 94'),
(1944, 'Tiana Ray', '08211014613', 'Jl. Sultan Hasanuddin No. 81'),
(1945, 'Zechariah Duncan', '08211012979', 'Jl. Gajah Mada No. 84'),
(1946, 'Gage Lowe', '08211017264', 'Jl. Tjipto Mangunkusumo No. 128'),
(1947, 'Selena Forbes', '08211018243', 'Jl. K.H. Zainul Arifin No. 40'),
(1948, 'Mckenzie Schaefer', '08211021524', 'Jl. Sutan Sjahrir No. 102'),
(1949, 'Alessandro Cook', '08211030772', 'Jl. Dr. Wahidin Soedirohoesodo No. 148'),
(1950, 'Fletcher Barber', '08211029977', 'Jl. Idham Chalid No. 83'),
(1951, 'Orlando Mahoney', '08211020906', 'Jl. K.H. Ahmad Dahlan No. 10'),
(1952, 'Ayana Kaufman', '08211007707', 'Jl. K.H. Hasyim Asyari No. 62'),
(1953, 'Braedon Pitts', '08211027234', 'Jl. Sisingamangaraja XII No. 119'),
(1954, 'Bradyn Randolph', '08211023170', 'Jl. Raden Ajeng Kartini No. 65'),
(1955, 'Shyla Villegas', '08211012197', 'Jl. R.M. Soerjopranoto No. 90'),
(1956, 'Amina Garcia', '08211022418', 'Jl. I Gusti Ngurah Rai No. 150'),
(1957, 'Josiah Parks', '08211015256', 'Jl. Abdul Muis No. 97'),
(1958, 'Elliott Hawkins', '08211026776', 'Jl. K.H. Agus Salim No. 89'),
(1959, 'Gilberto Nolan', '08211017599', 'Jl. Sisingamangaraja XII No. 123'),
(1960, 'Brendan Wilkins', '08211010412', 'Jl. Agus Salim No. 104'),
(1961, 'Santiago Flowers', '08211026295', 'Jl. Ki Hajar Dewantara No. 15'),
(1962, 'Clark Blair', '08211022375', 'Jl. Abdul Muis No. 122'),
(1963, 'Darren Cowan', '08211015211', 'Jl. Ki Hajar Dewantara No. 78'),
(1964, 'Amina Norman', '08211029151', 'Jl. K.H. Zainul Arifin No. 39'),
(1965, 'Keith Monroe', '08211003371', 'Jl. Djuanda Kartawidjaja No. 10'),
(1966, 'Tiffany Chavez', '08211010099', 'Jl. Agus Salim No. 97'),
(1967, 'Karma Rubio', '08211020873', 'Jl. Tan Malaka No. 72'),
(1968, 'Irvin York', '08211030477', 'Jl. K.H. Zainul Arifin No. 58'),
(1969, 'Urijah Nash', '08211014449', 'Jl. Pattimura No. 126'),
(1970, 'Janiah Kramer', '08211017160', 'Jl. Mohammad Yamin No. 49'),
(1971, 'Presley Guerrero', '08211019658', 'Jl. Tan Malaka No. 116'),
(1972, 'Abigail Robbins', '08211012202', 'Jl. Sutan Sjahrir No. 15'),
(1973, 'Grant Norman', '08211016026', 'Jl. Alexander Andries Maramis No. 51'),
(1974, 'Ari Briggs', '08211032381', 'Jl. Wahidin Sudirohusodo No. 114'),
(1975, 'Steve Foley', '08211030991', 'Jl. Pattimura No. 79'),
(1976, 'Tyson Jennings', '08211008116', 'Jl. Soekarno No. 110'),
(1977, 'Lucas Ellison', '08211002068', 'Jl. R.M. Soerjopranoto No. 3'),
(1978, 'Priscilla Deleon', '08211002454', 'Jl. Mohammad Husni Thamrin No. 42'),
(1979, 'Karson Willis', '08211017436', 'Jl. Bung Tomo No. 101'),
(1980, 'Reginald Bradford', '08211018983', 'Jl. R.A. Lasminingrat No. 97'),
(1981, 'Piper Cohen', '08211018992', 'Jl. Dr. Soetomo No. 126'),
(1982, 'Maximus Jarvis', '08211007203', 'Jl. Mohammad Yamin No. 103'),
(1983, 'Oscar Foley', '08211014752', 'Jl. Otto Iskandardinata No. 87'),
(1984, 'Donovan Camacho', '08211006502', 'Jl. Pangeran Diponegoro No. 52'),
(1985, 'Lilliana Morton', '08211003161', 'Jl. Kapitan Pattimura No. 98'),
(1986, 'Sheldon Faulkner', '08211032093', 'Jl. R.A. Kartini No. 29'),
(1987, 'Mara Jefferson', '08211016288', 'Jl. K.H. Hasyim Asyari No. 125'),
(1988, 'Yareli Vega', '08211004261', 'Jl. Cut Nyak Dhien No. 52'),
(1989, 'Anthony Ferguson', '08211005768', 'Jl. Idham Chalid No. 122'),
(1990, 'Braylon Monroe', '08211003700', 'Jl. Johannes Leimena No. 126'),
(1991, 'Elliana Cummings', '08211022079', 'Jl. Raden Dewi Sartika No. 130'),
(1992, 'Lucas Foley', '08211012486', 'Jl. K.H. Agus Salim No. 146'),
(1993, 'Rashad Wilkinson', '08211025589', 'Jl. Tjipto Mangunkusumo No. 18'),
(1994, 'Aron Nash', '08211003817', 'Jl. Wahidin Sudirohusodo No. 108'),
(1995, 'Callum Jarvis', '08211007155', 'Jl. Tjoet Nja Meutia No. 15'),
(1996, 'Jazmin Wheeler', '08211014860', 'Jl. R.A. Wiranatakusumah No. 100'),
(1997, 'Mayra Shaw', '08211015991', 'Jl. Otto Iskandardinata No. 47'),
(1998, 'Brynn Welch', '08211006004', 'Jl. Teuku Umar No. 149'),
(1999, 'Abdullah Shea', '08211015411', 'Jl. Mohammad Husni Thamrin No. 7');

INSERT INTO Orders (Orders_ID, Orders_Days, Orders_StartDate, Orders_TakeDate, Orders_Customers_ID)
VALUES
(0, 2, '2024-01-06', '2024-01-08', 87),
(1, 1, '2024-04-21', '2024-04-22', 827),
(2, 2, '2024-08-21', '2024-08-23', 112),
(3, 1, '2024-01-11', '2024-01-12', 1520),
(4, 1, '2024-03-24', '2024-03-25', 1020),
(5, 2, '2024-07-20', '2024-07-22', 1177),
(6, 1, '2024-09-24', '2024-09-25', 1214),
(7, 1, '2024-12-04', '2024-12-05', 647),
(8, 2, '2024-07-07', '2024-07-09', 1192),
(9, 1, '2024-05-28', '2024-05-29', 124),
(10, 2, '2024-07-06', '2024-07-08', 1714),
(11, 2, '2024-04-10', '2024-04-12', 41),
(12, 1, '2024-02-09', '2024-02-10', 1011),
(13, 1, '2024-05-17', '2024-05-18', 1850),
(14, 2, '2024-04-25', '2024-04-27', 716),
(15, 2, '2024-12-5', '2024-12-7', 291),
(16, 1, '2024-08-27', '2024-08-28', 1311),
(17, 2, '2024-07-04', '2024-07-06', 1389),
(18, 1, '2024-10-25', '2024-10-26', 1663),
(19, 1, '2024-11-18', '2024-11-19', 1247),
(20, 2, '2024-02-09', '2024-02-11', 1634),
(21, 1, '2024-01-26', '2024-01-27', 803),
(22, 2, '2024-03-04', '2024-03-06', 942),
(23, 2, '2024-05-22', '2024-05-24', 818),
(24, 1, '2024-12-3', '2024-12-4', 1887),
(25, 2, '2024-02-10', '2024-02-12', 707),
(26, 2, '2024-08-03', '2024-08-05', 253),
(27, 1, '2024-10-13', '2024-10-14', 728),
(28, 2, '2024-07-05', '2024-07-07', 757),
(29, 1, '2024-05-26', '2024-05-27', 214),
(30, 1, '2024-10-21', '2024-10-22', 450),
(31, 2, '2024-10-20', '2024-10-22', 1274),
(32, 2, '2024-07-24', '2024-07-26', 726),
(33, 2, '2024-04-17', '2024-04-19', 435),
(34, 1, '2024-07-23', '2024-07-24', 301),
(35, 1, '2024-11-07', '2024-11-08', 810),
(36, 2, '2024-01-08', '2024-01-10', 1463),
(37, 1, '2024-02-07', '2024-02-08', 1434),
(38, 1, '2024-02-12', '2024-02-13', 1842),
(39, 1, '2024-09-12', '2024-09-13', 1132),
(40, 2, '2024-09-03', '2024-09-05', 86),
(41, 2, '2024-03-22', '2024-03-24', 1904),
(42, 1, '2024-04-21', '2024-04-22', 1396),
(43, 2, '2024-05-01', '2024-05-03', 355),
(44, 1, '2024-08-11', '2024-08-12', 408),
(45, 2, '2024-08-20', '2024-08-22', 99),
(46, 1, '2024-09-23', '2024-09-24', 197),
(47, 2, '2024-10-06', '2024-10-08', 1198),
(48, 1, '2024-09-23', '2024-09-24', 137),
(49, 1, '2024-01-11', '2024-01-12', 175),
(50, 2, '2024-06-07', '2024-06-09', 1491),
(51, 2, '2024-06-19', '2024-06-21', 421),
(52, 1, '2024-09-15', '2024-09-16', 1306),
(53, 1, '2024-07-02', '2024-07-03', 196),
(54, 1, '2024-11-21', '2024-11-22', 1551),
(55, 1, '2024-11-28', '2024-11-29', 477),
(56, 1, '2024-04-06', '2024-04-07', 585),
(57, 1, '2024-07-27', '2024-07-28', 79),
(58, 2, '2024-02-12', '2024-02-14', 1896),
(59, 1, '2024-01-02', '2024-01-03', 155),
(60, 1, '2024-08-04', '2024-08-05', 490),
(61, 2, '2024-08-11', '2024-08-13', 1740),
(62, 2, '2024-06-23', '2024-06-25', 602),
(63, 1, '2024-11-13', '2024-11-14', 540),
(64, 1, '2024-09-08', '2024-09-09', 1693),
(65, 2, '2024-05-21', '2024-05-23', 1326),
(66, 1, '2024-10-24', '2024-10-25', 443),
(67, 2, '2024-01-15', '2024-01-17', 1210),
(68, 2, '2024-07-15', '2024-07-17', 773),
(69, 1, '2024-04-03', '2024-04-04', 751),
(70, 2, '2024-09-24', '2024-09-26', 502),
(71, 1, '2024-10-01', '2024-10-02', 1633),
(72, 2, '2024-12-7', '2024-12-9', 1983),
(73, 1, '2024-01-05', '2024-01-06', 1766),
(74, 2, '2024-11-05', '2024-11-07', 1608),
(75, 1, '2024-04-03', '2024-04-04', 650),
(76, 2, '2024-10-27', '2024-10-29', 374),
(77, 1, '2024-10-01', '2024-10-02', 898),
(78, 1, '2024-01-12', '2024-01-13', 365),
(79, 1, '2024-03-26', '2024-03-27', 1931),
(80, 2, '2024-09-16', '2024-09-18', 1448),
(81, 2, '2024-09-19', '2024-09-21', 1969),
(82, 2, '2024-01-02', '2024-01-04', 1030),
(83, 1, '2024-06-13', '2024-06-14', 1706),
(84, 2, '2024-12-15', NULL, 1787),
(85, 1, '2024-04-11', '2024-04-12', 1654),
(86, 1, '2024-05-13', '2024-05-14', 1773),
(87, 1, '2024-03-19', '2024-03-20', 815),
(88, 1, '2024-08-04', '2024-08-05', 1891),
(89, 2, '2024-04-21', '2024-04-23', 423),
(90, 1, '2024-06-23', '2024-06-24', 0),
(91, 2, '2024-03-02', '2024-03-04', 626),
(92, 1, '2024-07-16', '2024-07-17', 1410),
(93, 2, '2024-12-02', '2024-12-04', 1055),
(94, 2, '2024-09-21', '2024-09-23', 114),
(95, 1, '2024-07-02', '2024-07-03', 1348),
(96, 1, '2024-08-03', '2024-08-04', 208),
(97, 1, '2024-03-09', '2024-03-10', 1169),
(98, 1, '2024-10-21', '2024-10-22', 1290),
(99, 1, '2024-07-03', '2024-07-04', 1722),
(100, 2, '2024-04-28', '2024-04-30', 1164),
(101, 2, '2024-02-08', '2024-02-10', 691),
(102, 2, '2024-01-02', '2024-01-04', 251),
(103, 1, '2024-12-2', '2024-12-3', 1260),
(104, 2, '2024-11-17', '2024-11-19', 1749),
(105, 1, '2024-04-13', '2024-04-14', 220),
(106, 1, '2024-12-11', '2024-12-12', 1508),
(107, 1, '2024-01-28', '2024-01-29', 390),
(108, 1, '2024-09-10', '2024-09-11', 1082),
(109, 2, '2024-06-15', '2024-06-17', 1672),
(110, 1, '2024-02-18', '2024-02-19', 1425),
(111, 1, '2024-02-27', '2024-02-28', 775),
(112, 2, '2024-08-18', '2024-08-20', 615),
(113, 2, '2024-10-10', '2024-10-12', 778),
(114, 1, '2024-12-2', '2024-12-3', 187),
(115, 2, '2024-11-24', '2024-11-26', 1105),
(116, 1, '2024-02-28', '2024-02-29', 145),
(117, 2, '2024-08-12', '2024-08-14', 1215),
(118, 2, '2024-04-21', '2024-04-23', 784),
(119, 2, '2024-10-07', '2024-10-09', 1482),
(120, 2, '2024-03-18', '2024-03-20', 1376),
(121, 2, '2024-05-27', '2024-05-29', 1395),
(122, 1, '2024-09-25', '2024-09-26', 723),
(123, 2, '2024-01-07', '2024-01-09', 1481),
(124, 2, '2024-08-28', '2024-08-30', 802),
(125, 1, '2024-11-27', '2024-11-28', 279),
(126, 2, '2024-01-10', '2024-01-12', 677),
(127, 1, '2024-09-03', '2024-09-04', 1712),
(128, 2, '2024-05-28', '2024-05-30', 1363),
(129, 1, '2024-06-27', '2024-06-28', 732),
(130, 2, '2024-04-19', '2024-04-21', 1199),
(131, 1, '2024-06-25', '2024-06-26', 1534),
(132, 1, '2024-04-17', '2024-04-18', 170),
(133, 1, '2024-03-12', '2024-03-13', 255),
(134, 1, '2024-11-12', '2024-11-13', 807),
(135, 1, '2024-04-27', '2024-04-28', 1041),
(136, 2, '2024-09-09', '2024-09-11', 1133),
(137, 2, '2024-10-13', '2024-10-15', 856),
(138, 2, '2024-11-17', '2024-11-19', 1725),
(139, 2, '2024-03-18', '2024-03-20', 1241),
(140, 1, '2024-06-28', '2024-06-29', 310),
(141, 2, '2024-03-25', '2024-03-27', 1866),
(142, 2, '2024-06-02', '2024-06-04', 1217),
(143, 2, '2024-05-28', '2024-05-30', 1809),
(144, 2, '2024-10-22', '2024-10-24', 1836),
(145, 1, '2024-11-06', '2024-11-07', 1951),
(146, 2, '2024-07-07', '2024-07-09', 269),
(147, 1, '2024-08-03', '2024-08-04', 632),
(148, 1, '2024-07-05', '2024-07-06', 120),
(149, 2, '2024-06-25', '2024-06-27', 1499),
(150, 2, '2024-05-02', '2024-05-04', 755),
(151, 1, '2024-05-13', '2024-05-14', 156),
(152, 2, '2024-06-04', '2024-06-06', 1890),
(153, 1, '2024-03-16', '2024-03-17', 884),
(154, 1, '2024-03-27', '2024-03-28', 1075),
(155, 2, '2024-07-10', '2024-07-12', 1549),
(156, 1, '2024-01-21', '2024-01-22', 1361),
(157, 2, '2024-05-09', '2024-05-11', 858),
(158, 2, '2024-03-28', '2024-03-30', 1517),
(159, 1, '2024-11-20', '2024-11-21', 1255),
(160, 2, '2024-12-9', '2024-12-11', 1604),
(161, 1, '2024-11-22', '2024-11-23', 1562),
(162, 1, '2024-09-22', '2024-09-23', 1626),
(163, 1, '2024-01-22', '2024-01-23', 1186),
(164, 1, '2024-03-02', '2024-03-03', 351),
(165, 2, '2024-01-15', '2024-01-17', 1623),
(166, 2, '2024-05-28', '2024-05-30', 1070),
(167, 1, '2024-12-01', '2024-12-02', 277),
(168, 2, '2024-01-12', '2024-01-14', 22),
(169, 1, '2024-10-12', '2024-10-13', 1812),
(170, 2, '2024-01-20', '2024-01-22', 1439),
(171, 1, '2024-03-12', '2024-03-13', 1128),
(172, 2, '2024-07-08', '2024-07-10', 217),
(173, 1, '2024-07-28', '2024-07-29', 182),
(174, 2, '2024-11-15', '2024-11-17', 480),
(175, 2, '2024-03-12', '2024-03-14', 1424),
(176, 2, '2024-06-20', '2024-06-22', 1553),
(177, 1, '2024-05-22', '2024-05-23', 1368),
(178, 2, '2024-02-08', '2024-02-10', 1485),
(179, 1, '2024-11-01', '2024-11-02', 698),
(180, 1, '2024-05-08', '2024-05-09', 1057),
(181, 1, '2024-05-11', '2024-05-12', 1994),
(182, 2, '2024-05-27', '2024-05-29', 854),
(183, 1, '2024-07-23', '2024-07-24', 119),
(184, 1, '2024-01-17', '2024-01-18', 929),
(185, 1, '2024-08-16', '2024-08-17', 1733),
(186, 1, '2024-01-25', '2024-01-26', 1910),
(187, 1, '2024-01-04', '2024-01-05', 642),
(188, 2, '2024-03-05', '2024-03-07', 1557),
(189, 1, '2024-01-28', '2024-01-29', 538),
(190, 2, '2024-01-20', '2024-01-22', 1276),
(191, 2, '2024-08-26', '2024-08-28', 749),
(192, 2, '2024-02-14', '2024-02-16', 1120),
(193, 2, '2024-12-10', '2024-12-12', 1111),
(194, 2, '2024-06-12', '2024-06-14', 1383),
(195, 2, '2024-04-01', '2024-04-03', 1159),
(196, 1, '2024-10-06', '2024-10-07', 229),
(197, 2, '2024-07-14', '2024-07-16', 1248),
(198, 2, '2024-09-13', '2024-09-15', 697),
(199, 2, '2024-03-20', '2024-03-22', 843),
(200, 2, '2024-11-08', '2024-11-10', 303),
(201, 1, '2024-01-26', '2024-01-27', 1315),
(202, 2, '2024-07-17', '2024-07-19', 994),
(203, 2, '2024-04-19', '2024-04-21', 1505),
(204, 2, '2024-08-19', '2024-08-21', 227),
(205, 2, '2024-09-15', '2024-09-17', 1744),
(206, 1, '2024-04-08', '2024-04-09', 1325),
(207, 1, '2024-07-14', '2024-07-15', 1899),
(208, 2, '2024-07-27', '2024-07-29', 1643),
(209, 2, '2024-09-19', '2024-09-21', 1189),
(210, 2, '2024-01-15', '2024-01-17', 617),
(211, 1, '2024-09-13', '2024-09-14', 1763),
(212, 2, '2024-12-7', '2024-12-9', 596),
(213, 2, '2024-09-14', '2024-09-16', 1115),
(214, 2, '2024-04-06', '2024-04-08', 429),
(215, 1, '2024-04-20', '2024-04-21', 1795),
(216, 2, '2024-03-06', '2024-03-08', 688),
(217, 1, '2024-03-14', '2024-03-15', 980),
(218, 1, '2024-10-13', '2024-10-14', 1009),
(219, 2, '2024-02-21', '2024-02-23', 1265),
(220, 1, '2024-07-16', '2024-07-17', 1063),
(221, 1, '2024-12-10', '2024-12-11', 1329),
(222, 2, '2024-01-01', '2024-01-03', 110),
(223, 2, '2024-01-17', '2024-01-19', 519),
(224, 2, '2024-07-20', '2024-07-22', 1280),
(225, 1, '2024-10-16', '2024-10-17', 1004),
(226, 1, '2024-03-01', '2024-03-02', 594),
(227, 2, '2024-03-27', '2024-03-29', 1536),
(228, 1, '2024-04-17', '2024-04-18', 1374),
(229, 1, '2024-07-06', '2024-07-07', 1853),
(230, 2, '2024-07-06', '2024-07-08', 264),
(231, 2, '2024-07-09', '2024-07-11', 3),
(232, 1, '2024-05-14', '2024-05-15', 975),
(233, 1, '2024-06-07', '2024-06-08', 416),
(234, 1, '2024-09-11', '2024-09-12', 35),
(235, 2, '2024-08-07', '2024-08-09', 878),
(236, 2, '2024-03-21', '2024-03-23', 228),
(237, 2, '2024-12-13', '2024-12-15', 92),
(238, 2, '2024-10-18', '2024-10-20', 1056),
(239, 1, '2024-05-15', '2024-05-16', 644),
(240, 1, '2024-10-11', '2024-10-12', 718),
(241, 1, '2024-12-03', '2024-12-04', 1819),
(242, 2, '2024-12-12', '2024-12-14', 1303),
(243, 2, '2024-05-22', '2024-05-24', 1129),
(244, 2, '2024-07-19', '2024-07-21', 1017),
(245, 2, '2024-08-18', '2024-08-20', 146),
(246, 2, '2024-04-25', '2024-04-27', 972),
(247, 2, '2024-11-09', '2024-11-11', 1461),
(248, 1, '2024-10-10', '2024-10-11', 750),
(249, 1, '2024-09-08', '2024-09-09', 1340),
(250, 1, '2024-04-01', '2024-04-02', 1223),
(251, 1, '2024-04-01', '2024-04-02', 1981),
(252, 1, '2024-05-15', '2024-05-16', 577),
(253, 2, '2024-07-14', '2024-07-16', 1512),
(254, 1, '2024-10-03', '2024-10-04', 1163),
(255, 1, '2024-12-10', '2024-12-11', 1616),
(256, 2, '2024-07-07', '2024-07-09', 1006),
(257, 2, '2024-08-10', '2024-08-12', 1661),
(258, 1, '2024-07-01', '2024-07-02', 549),
(259, 1, '2024-06-15', '2024-06-16', 904),
(260, 2, '2024-05-04', '2024-05-06', 271),
(261, 1, '2024-06-01', '2024-06-02', 426),
(262, 1, '2024-03-19', '2024-03-20', 1077),
(263, 2, '2024-09-27', '2024-09-29', 648),
(264, 2, '2024-09-21', '2024-09-23', 188),
(265, 2, '2024-07-22', '2024-07-24', 1844),
(266, 2, '2024-05-23', '2024-05-25', 837),
(267, 2, '2024-03-16', '2024-03-18', 1444),
(268, 1, '2024-03-06', '2024-03-07', 1944),
(269, 2, '2024-08-20', '2024-08-22', 26),
(270, 1, '2024-08-04', '2024-08-05', 1596),
(271, 2, '2024-09-05', '2024-09-07', 1884),
(272, 1, '2024-05-14', '2024-05-15', 1670),
(273, 1, '2024-04-01', '2024-04-02', 1289),
(274, 2, '2024-06-05', '2024-06-07', 1743),
(275, 2, '2024-09-04', '2024-09-06', 1299),
(276, 2, '2024-05-18', '2024-05-20', 1657),
(277, 1, '2024-03-09', '2024-03-10', 242),
(278, 1, '2024-06-12', '2024-06-13', 317),
(279, 2, '2024-11-23', '2024-11-25', 385),
(280, 2, '2024-01-24', '2024-01-26', 1494),
(281, 2, '2024-03-15', '2024-03-17', 210),
(282, 2, '2024-10-14', '2024-10-16', 173),
(283, 2, '2024-03-10', '2024-03-12', 917),
(284, 1, '2024-09-10', '2024-09-11', 1660),
(285, 2, '2024-05-01', '2024-05-03', 767),
(286, 2, '2024-10-21', '2024-10-23', 268),
(287, 2, '2024-03-27', '2024-03-29', 393),
(288, 1, '2024-01-10', '2024-01-11', 1397),
(289, 1, '2024-01-11', '2024-01-12', 1837),
(290, 1, '2024-05-24', '2024-05-25', 1398),
(291, 2, '2024-06-27', '2024-06-29', 1209),
(292, 1, '2024-06-24', '2024-06-25', 905),
(293, 2, '2024-05-19', '2024-05-21', 885),
(294, 1, '2024-11-05', '2024-11-06', 552),
(295, 2, '2024-01-09', '2024-01-11', 1109),
(296, 1, '2024-04-09', '2024-04-10', 1295),
(297, 2, '2024-05-27', '2024-05-29', 414),
(298, 2, '2024-01-22', '2024-01-24', 1076),
(299, 2, '2024-06-06', '2024-06-08', 713),
(300, 2, '2024-10-17', '2024-10-19', 912),
(301, 1, '2024-12-1', '2024-12-2', 1047),
(302, 2, '2024-10-09', '2024-10-11', 300),
(303, 1, '2024-01-16', '2024-01-17', 1781),
(304, 2, '2024-12-2', '2024-12-4', 1446),
(305, 1, '2024-09-22', '2024-09-23', 342),
(306, 2, '2024-10-17', '2024-10-19', 641),
(307, 1, '2024-12-4', '2024-12-5', 1490),
(308, 1, '2024-09-10', '2024-09-11', 960),
(309, 1, '2024-02-05', '2024-02-06', 979),
(310, 1, '2024-12-13', '2024-12-14', 1938),
(311, 2, '2024-07-11', '2024-07-13', 380),
(312, 2, '2024-10-01', '2024-10-03', 1252),
(313, 2, '2024-11-05', '2024-11-07', 948),
(314, 2, '2024-06-25', '2024-06-27', 1697),
(315, 2, '2024-04-14', '2024-04-16', 826),
(316, 2, '2024-06-25', '2024-06-27', 1402),
(317, 2, '2024-11-09', '2024-11-11', 1949),
(318, 1, '2024-06-09', '2024-06-10', 148),
(319, 2, '2024-01-23', '2024-01-25', 1342),
(320, 1, '2024-07-18', '2024-07-19', 1751),
(321, 1, '2024-11-27', '2024-11-28', 1603),
(322, 2, '2024-07-20', '2024-07-22', 1158),
(323, 1, '2024-02-02', '2024-02-03', 74),
(324, 1, '2024-07-27', '2024-07-28', 1971),
(325, 2, '2024-12-06', '2024-12-08', 1873),
(326, 1, '2024-03-08', '2024-03-09', 1135),
(327, 1, '2024-09-06', '2024-09-07', 568),
(328, 2, '2024-12-8', '2024-12-10', 402),
(329, 1, '2024-06-04', '2024-06-05', 1605),
(330, 2, '2024-01-16', '2024-01-18', 83),
(331, 1, '2024-01-01', '2024-01-02', 2),
(332, 1, '2024-07-14', '2024-07-15', 1277),
(333, 1, '2024-12-15', NULL, 1794),
(334, 1, '2024-12-10', '2024-12-11', 741),
(335, 1, '2024-11-16', '2024-11-17', 565),
(336, 2, '2024-05-01', '2024-05-03', 1870),
(337, 2, '2024-07-12', '2024-07-14', 630),
(338, 2, '2024-03-10', '2024-03-12', 231),
(339, 1, '2024-12-15', NULL, 142),
(340, 2, '2024-01-02', '2024-01-04', 127),
(341, 2, '2024-08-04', '2024-08-06', 1013),
(342, 1, '2024-07-08', '2024-07-09', 1328),
(343, 2, '2024-12-12', '2024-12-14', 1867),
(344, 1, '2024-06-26', '2024-06-27', 576),
(345, 2, '2024-07-20', '2024-07-22', 1453),
(346, 2, '2024-12-12', '2024-12-14', 906),
(347, 2, '2024-12-10', '2024-12-12', 52),
(348, 1, '2024-12-10', '2024-12-11', 862),
(349, 2, '2024-02-03', '2024-02-05', 1980),
(350, 1, '2024-05-16', '2024-05-17', 1379),
(351, 2, '2024-08-20', '2024-08-22', 1701),
(352, 2, '2024-09-05', '2024-09-07', 877),
(353, 2, '2024-01-26', '2024-01-28', 1377),
(354, 1, '2024-04-03', '2024-04-04', 1380),
(355, 2, '2024-02-13', '2024-02-15', 118),
(356, 1, '2024-01-19', '2024-01-20', 1731),
(357, 1, '2024-10-02', '2024-10-03', 1176),
(358, 1, '2024-07-16', '2024-07-17', 1839),
(359, 2, '2024-06-16', '2024-06-18', 122),
(360, 2, '2024-12-1', '2024-12-3', 720),
(361, 2, '2024-12-15', NULL, 1144),
(362, 2, '2024-12-7', '2024-12-9', 765),
(363, 2, '2024-06-02', '2024-06-04', 1236),
(364, 2, '2024-10-09', '2024-10-11', 1792),
(365, 2, '2024-12-09', '2024-12-11', 817),
(366, 2, '2024-09-15', '2024-09-17', 772),
(367, 2, '2024-09-08', '2024-09-10', 180),
(368, 1, '2024-04-03', '2024-04-04', 529),
(369, 2, '2024-05-12', '2024-05-14', 759),
(370, 1, '2024-09-24', '2024-09-25', 695),
(371, 1, '2024-12-09', '2024-12-10', 1292),
(372, 1, '2024-03-07', '2024-03-08', 1565),
(373, 1, '2024-01-07', '2024-01-08', 1516),
(374, 1, '2024-05-03', '2024-05-04', 1239),
(375, 2, '2024-05-18', '2024-05-20', 1157),
(376, 1, '2024-08-24', '2024-08-25', 515),
(377, 1, '2024-04-17', '2024-04-18', 162),
(378, 1, '2024-04-03', '2024-04-04', 1808),
(379, 2, '2024-01-14', '2024-01-16', 1304),
(380, 2, '2024-08-25', '2024-08-27', 1415),
(381, 1, '2024-10-25', '2024-10-26', 1561),
(382, 1, '2024-09-10', '2024-09-11', 1015),
(383, 1, '2024-03-13', '2024-03-14', 442),
(384, 2, '2024-08-21', '2024-08-23', 908),
(385, 2, '2024-09-13', '2024-09-15', 440),
(386, 1, '2024-09-19', '2024-09-20', 1110),
(387, 1, '2024-11-21', '2024-11-22', 1559),
(388, 1, '2024-07-18', '2024-07-19', 1679),
(389, 1, '2024-10-15', '2024-10-16', 840),
(390, 1, '2024-12-04', '2024-12-05', 1432),
(391, 1, '2024-07-04', '2024-07-05', 1589),
(392, 1, '2024-04-26', '2024-04-27', 710),
(393, 1, '2024-04-02', '2024-04-03', 1286),
(394, 1, '2024-04-11', '2024-04-12', 1597),
(395, 1, '2024-08-22', '2024-08-23', 436),
(396, 1, '2024-05-12', '2024-05-13', 744),
(397, 1, '2024-11-09', '2024-11-10', 882),
(398, 1, '2024-11-21', '2024-11-22', 1253),
(399, 2, '2024-03-11', '2024-03-13', 1754),
(400, 1, '2024-05-21', '2024-05-22', 1735),
(401, 2, '2024-01-12', '2024-01-14', 1778),
(402, 1, '2024-12-3', '2024-12-4', 130),
(403, 1, '2024-09-03', '2024-09-04', 399),
(404, 1, '2024-08-27', '2024-08-28', 925),
(405, 2, '2024-10-19', '2024-10-21', 1484),
(406, 2, '2024-07-07', '2024-07-09', 1301),
(407, 2, '2024-01-22', '2024-01-24', 209),
(408, 1, '2024-03-25', '2024-03-26', 1827),
(409, 1, '2024-11-15', '2024-11-16', 325),
(410, 1, '2024-06-03', '2024-06-04', 1923),
(411, 1, '2024-04-25', '2024-04-26', 1913),
(412, 2, '2024-12-6', '2024-12-8', 1492),
(413, 2, '2024-03-10', '2024-03-12', 814),
(414, 2, '2024-11-08', '2024-11-10', 356),
(415, 1, '2024-02-11', '2024-02-12', 1173),
(416, 1, '2024-11-16', '2024-11-17', 891),
(417, 1, '2024-12-08', '2024-12-09', 428),
(418, 2, '2024-05-10', '2024-05-12', 570),
(419, 2, '2024-09-15', '2024-09-17', 781),
(420, 2, '2024-12-11', '2024-12-13', 1308),
(421, 1, '2024-04-02', '2024-04-03', 597),
(422, 1, '2024-01-25', '2024-01-26', 1443),
(423, 1, '2024-06-14', '2024-06-15', 1179),
(424, 1, '2024-05-26', '2024-05-27', 1872),
(425, 2, '2024-09-07', '2024-09-09', 889),
(426, 2, '2024-02-26', '2024-02-28', 352),
(427, 2, '2024-05-05', '2024-05-07', 1372),
(428, 2, '2024-01-26', '2024-01-28', 1788),
(429, 2, '2024-03-21', '2024-03-23', 740),
(430, 1, '2024-05-26', '2024-05-27', 1334),
(431, 2, '2024-01-01', '2024-01-03', 679),
(432, 2, '2024-03-09', '2024-03-11', 1273),
(433, 1, '2024-04-23', '2024-04-24', 1422),
(434, 2, '2024-06-11', '2024-06-13', 694),
(435, 2, '2024-06-22', '2024-06-24', 851),
(436, 1, '2024-02-16', '2024-02-17', 169),
(437, 1, '2024-04-28', '2024-04-29', 1990),
(438, 1, '2024-08-25', '2024-08-26', 463),
(439, 2, '2024-09-03', '2024-09-05', 729),
(440, 2, '2024-10-21', '2024-10-23', 216),
(441, 2, '2024-12-9', '2024-12-11', 523),
(442, 1, '2024-04-05', '2024-04-06', 1860),
(443, 1, '2024-11-02', '2024-11-03', 1797),
(444, 1, '2024-05-06', '2024-05-07', 1139),
(445, 1, '2024-04-03', '2024-04-04', 1483),
(446, 2, '2024-04-07', '2024-04-09', 838),
(447, 1, '2024-04-16', '2024-04-17', 1045),
(448, 2, '2024-02-18', '2024-02-20', 1050),
(449, 2, '2024-03-22', '2024-03-24', 620),
(450, 1, '2024-06-12', '2024-06-13', 959),
(451, 1, '2024-08-22', '2024-08-23', 1622),
(452, 2, '2024-12-11', '2024-12-13', 1268),
(453, 2, '2024-09-16', '2024-09-18', 665),
(454, 1, '2024-07-14', '2024-07-15', 327),
(455, 2, '2024-01-16', '2024-01-18', 1883),
(456, 2, '2024-08-17', '2024-08-19', 1068),
(457, 1, '2024-10-06', '2024-10-07', 69),
(458, 1, '2024-06-22', '2024-06-23', 1908),
(459, 2, '2024-09-13', '2024-09-15', 958),
(460, 1, '2024-07-13', '2024-07-14', 1206),
(461, 2, '2024-01-01', '2024-01-03', 368),
(462, 1, '2024-06-27', '2024-06-28', 1406),
(463, 2, '2024-03-08', '2024-03-10', 31),
(464, 2, '2024-08-06', '2024-08-08', 1843),
(465, 1, '2024-06-23', '2024-06-24', 192),
(466, 1, '2024-09-25', '2024-09-26', 1221),
(467, 2, '2024-09-13', '2024-09-15', 149),
(468, 2, '2024-04-22', '2024-04-24', 388),
(469, 2, '2024-10-24', '2024-10-26', 1898),
(470, 2, '2024-04-28', '2024-04-30', 667),
(471, 1, '2024-01-16', '2024-01-17', 1007),
(472, 2, '2024-05-05', '2024-05-07', 1641),
(473, 2, '2024-10-15', '2024-10-17', 1544),
(474, 1, '2024-10-06', '2024-10-07', 1824),
(475, 1, '2024-02-23', '2024-02-24', 575),
(476, 2, '2024-12-4', '2024-12-6', 1620),
(477, 2, '2024-09-19', '2024-09-21', 30),
(478, 2, '2024-04-11', '2024-04-13', 1972),
(479, 1, '2024-06-16', '2024-06-17', 1688),
(480, 1, '2024-01-19', '2024-01-20', 1523),
(481, 1, '2024-08-08', '2024-08-09', 343),
(482, 2, '2024-01-02', '2024-01-04', 1547),
(483, 2, '2024-08-04', '2024-08-06', 275),
(484, 1, '2024-01-01', '2024-01-02', 579),
(485, 2, '2024-04-18', '2024-04-20', 1386),
(486, 2, '2024-05-28', '2024-05-30', 266),
(487, 1, '2024-02-19', '2024-02-20', 1104),
(488, 1, '2024-10-05', '2024-10-06', 1624),
(489, 2, '2024-02-25', '2024-02-27', 89),
(490, 2, '2024-10-16', '2024-10-18', 363),
(491, 2, '2024-12-10', '2024-12-12', 938),
(492, 1, '2024-04-12', '2024-04-13', 1275),
(493, 2, '2024-01-04', '2024-01-06', 58),
(494, 1, '2024-05-23', '2024-05-24', 768),
(495, 2, '2024-10-12', '2024-10-14', 193),
(496, 1, '2024-05-27', '2024-05-28', 422),
(497, 2, '2024-08-07', '2024-08-09', 1834),
(498, 1, '2024-08-04', '2024-08-05', 1895),
(499, 1, '2024-11-16', '2024-11-17', 1917),
(500, 2, '2024-08-19', '2024-08-21', 1358),
(501, 2, '2024-01-20', '2024-01-22', 812),
(502, 1, '2024-07-03', '2024-07-04', 420),
(503, 2, '2024-07-15', '2024-07-17', 926),
(504, 1, '2024-08-13', '2024-08-14', 495),
(505, 2, '2024-02-13', '2024-02-15', 479),
(506, 1, '2024-03-08', '2024-03-09', 234),
(507, 2, '2024-01-12', '2024-01-14', 174),
(508, 1, '2024-06-07', '2024-06-08', 1172),
(509, 2, '2024-06-21', '2024-06-23', 1600),
(510, 1, '2024-02-18', '2024-02-19', 1588),
(511, 1, '2024-06-22', '2024-06-23', 717),
(512, 2, '2024-05-02', '2024-05-04', 1408),
(513, 2, '2024-01-18', '2024-01-20', 468),
(514, 1, '2024-12-13', '2024-12-14', 1478),
(515, 2, '2024-11-21', '2024-11-23', 1728),
(516, 1, '2024-04-11', '2024-04-12', 659),
(517, 1, '2024-03-06', '2024-03-07', 1554),
(518, 2, '2024-11-02', '2024-11-04', 1998),
(519, 1, '2024-11-21', '2024-11-22', 1040),
(520, 2, '2024-08-19', '2024-08-21', 350),
(521, 1, '2024-11-27', '2024-11-28', 852),
(522, 2, '2024-04-17', '2024-04-19', 876),
(523, 1, '2024-03-14', '2024-03-15', 1313),
(524, 1, '2024-07-05', '2024-07-06', 453),
(525, 2, '2024-01-02', '2024-01-04', 1638),
(526, 1, '2024-09-27', '2024-09-28', 809),
(527, 2, '2024-03-12', '2024-03-14', 14),
(528, 1, '2024-02-11', '2024-02-12', 649),
(529, 2, '2024-05-16', '2024-05-18', 1036),
(530, 1, '2024-09-13', '2024-09-14', 159),
(531, 1, '2024-11-06', '2024-11-07', 1202),
(532, 1, '2024-10-06', '2024-10-07', 922),
(533, 2, '2024-10-22', '2024-10-24', 1023),
(534, 2, '2024-06-06', '2024-06-08', 1243),
(535, 1, '2024-12-14', '2024-12-15', 1942),
(536, 2, '2024-04-12', '2024-04-14', 1012),
(537, 1, '2024-11-05', '2024-11-06', 1190),
(538, 1, '2024-10-28', '2024-10-29', 1548),
(539, 1, '2024-11-11', '2024-11-12', 1471),
(540, 1, '2024-07-16', '2024-07-17', 606),
(541, 2, '2024-09-27', '2024-09-29', 706),
(542, 1, '2024-05-19', '2024-05-20', 1404),
(543, 2, '2024-06-14', '2024-06-16', 1720),
(544, 1, '2024-01-20', '2024-01-21', 13),
(545, 1, '2024-06-10', '2024-06-11', 619),
(546, 2, '2024-09-15', '2024-09-17', 800),
(547, 2, '2024-07-05', '2024-07-07', 702),
(548, 1, '2024-12-7', '2024-12-8', 1822),
(549, 1, '2024-12-1', '2024-12-2', 566),
(550, 2, '2024-11-14', '2024-11-16', 956),
(551, 1, '2024-05-09', '2024-05-10', 734),
(552, 1, '2024-12-15', NULL, 1940),
(553, 2, '2024-04-08', '2024-04-10', 808),
(554, 2, '2024-09-08', '2024-09-10', 1793),
(555, 1, '2024-11-08', '2024-11-09', 1703),
(556, 1, '2024-06-25', '2024-06-26', 407),
(557, 2, '2024-11-19', '2024-11-21', 189),
(558, 2, '2024-10-27', '2024-10-29', 724),
(559, 2, '2024-10-18', '2024-10-20', 163),
(560, 1, '2024-02-24', '2024-02-25', 1087),
(561, 1, '2024-10-07', '2024-10-08', 360),
(562, 2, '2024-07-05', '2024-07-07', 555),
(563, 2, '2024-01-08', '2024-01-10', 591),
(564, 2, '2024-03-21', '2024-03-23', 676),
(565, 2, '2024-11-26', '2024-11-28', 1515),
(566, 1, '2024-09-06', '2024-09-07', 1902),
(567, 2, '2024-09-13', '2024-09-15', 844),
(568, 1, '2024-02-14', '2024-02-15', 1527),
(569, 1, '2024-09-26', '2024-09-27', 493),
(570, 2, '2024-12-13', '2024-12-15', 364),
(571, 2, '2024-08-09', '2024-08-11', 528),
(572, 2, '2024-10-10', '2024-10-12', 1025),
(573, 1, '2024-07-06', '2024-07-07', 1246),
(574, 2, '2024-06-12', '2024-06-14', 472),
(575, 2, '2024-08-05', '2024-08-07', 1627),
(576, 2, '2024-11-15', '2024-11-17', 1755),
(577, 2, '2024-02-15', '2024-02-17', 1188),
(578, 2, '2024-03-22', '2024-03-24', 633),
(579, 1, '2024-08-01', '2024-08-02', 662),
(580, 1, '2024-03-15', '2024-03-16', 801),
(581, 2, '2024-09-12', '2024-09-14', 1762),
(582, 2, '2024-05-06', '2024-05-08', 978),
(583, 1, '2024-08-19', '2024-08-20', 699),
(584, 1, '2024-03-22', '2024-03-23', 636),
(585, 1, '2024-01-21', '2024-01-22', 1309),
(586, 2, '2024-05-28', '2024-05-30', 5),
(587, 2, '2024-09-28', '2024-09-30', 336),
(588, 2, '2024-12-03', '2024-12-05', 1414),
(589, 1, '2024-07-03', '2024-07-04', 804),
(590, 2, '2024-03-19', '2024-03-21', 1629),
(591, 1, '2024-02-25', '2024-02-26', 968),
(592, 2, '2024-06-01', '2024-06-03', 1360),
(593, 2, '2024-12-10', '2024-12-12', 297),
(594, 1, '2024-07-27', '2024-07-28', 1126),
(595, 2, '2024-12-05', '2024-12-07', 381),
(596, 1, '2024-03-19', '2024-03-20', 752),
(597, 2, '2024-08-08', '2024-08-10', 1216),
(598, 1, '2024-07-17', '2024-07-18', 1879),
(599, 2, '2024-07-11', '2024-07-13', 240),
(600, 2, '2024-12-11', '2024-12-13', 4),
(601, 2, '2024-01-27', '2024-01-29', 158),
(602, 1, '2024-01-21', '2024-01-22', 1592),
(603, 1, '2024-10-26', '2024-10-27', 1095),
(604, 1, '2024-08-16', '2024-08-17', 1546),
(605, 2, '2024-12-1', '2024-12-3', 1566),
(606, 2, '2024-06-25', '2024-06-27', 828),
(607, 2, '2024-06-25', '2024-06-27', 184),
(608, 2, '2024-10-23', '2024-10-25', 373),
(609, 1, '2024-07-05', '2024-07-06', 462),
(610, 2, '2024-01-07', '2024-01-09', 68),
(611, 2, '2024-03-12', '2024-03-14', 1458),
(612, 1, '2024-06-15', '2024-06-16', 75),
(613, 2, '2024-11-13', '2024-11-15', 1487),
(614, 1, '2024-06-14', '2024-06-15', 853),
(615, 2, '2024-09-17', '2024-09-19', 534),
(616, 1, '2024-10-06', '2024-10-07', 403),
(617, 2, '2024-01-17', '2024-01-19', 1324),
(618, 2, '2024-02-11', '2024-02-13', 657),
(619, 1, '2024-01-25', '2024-01-26', 246),
(620, 1, '2024-06-17', '2024-06-18', 1911),
(621, 1, '2024-04-25', '2024-04-26', 441),
(622, 2, '2024-10-14', '2024-10-16', 499),
(623, 2, '2024-09-04', '2024-09-06', 1533),
(624, 2, '2024-04-05', '2024-04-07', 1019),
(625, 2, '2024-11-11', '2024-11-13', 1718),
(626, 1, '2024-08-12', '2024-08-13', 533),
(627, 1, '2024-07-22', '2024-07-23', 419),
(628, 1, '2024-05-13', '2024-05-14', 892),
(629, 2, '2024-11-07', '2024-11-09', 344),
(630, 2, '2024-08-24', '2024-08-26', 709),
(631, 2, '2024-08-09', '2024-08-11', 1066),
(632, 2, '2024-10-20', '2024-10-22', 45),
(633, 1, '2024-02-25', '2024-02-26', 1810),
(634, 2, '2024-02-13', '2024-02-15', 313),
(635, 1, '2024-07-05', '2024-07-06', 1475),
(636, 2, '2024-04-11', '2024-04-13', 1594),
(637, 1, '2024-04-15', '2024-04-16', 1674),
(638, 1, '2024-10-15', '2024-10-16', 11),
(639, 1, '2024-10-18', '2024-10-19', 1298),
(640, 2, '2024-04-01', '2024-04-03', 1497),
(641, 1, '2024-12-8', '2024-12-9', 664),
(642, 1, '2024-08-05', '2024-08-06', 1028),
(643, 2, '2024-08-12', '2024-08-14', 1503),
(644, 2, '2024-08-05', '2024-08-07', 583),
(645, 2, '2024-07-18', '2024-07-20', 328),
(646, 1, '2024-03-19', '2024-03-20', 1387),
(647, 2, '2024-12-11', '2024-12-13', 258),
(648, 1, '2024-08-19', '2024-08-20', 306),
(649, 2, '2024-12-02', '2024-12-04', 452),
(650, 2, '2024-04-10', '2024-04-12', 1297),
(651, 2, '2024-07-09', '2024-07-11', 319),
(652, 1, '2024-12-09', '2024-12-10', 1438),
(653, 1, '2024-12-14', '2024-12-15', 777),
(654, 1, '2024-11-21', '2024-11-22', 748),
(655, 1, '2024-10-02', '2024-10-03', 245),
(656, 2, '2024-07-06', '2024-07-08', 1344),
(657, 1, '2024-03-08', '2024-03-09', 1266),
(658, 2, '2024-12-5', '2024-12-7', 1680),
(659, 2, '2024-05-17', '2024-05-19', 501),
(660, 1, '2024-09-26', '2024-09-27', 377),
(661, 1, '2024-04-08', '2024-04-09', 1156),
(662, 1, '2024-07-09', '2024-07-10', 830),
(663, 1, '2024-04-02', '2024-04-03', 1150),
(664, 2, '2024-02-23', '2024-02-25', 1621),
(665, 1, '2024-08-21', '2024-08-22', 1912),
(666, 1, '2024-09-22', '2024-09-23', 1378),
(667, 2, '2024-12-09', '2024-12-11', 700),
(668, 1, '2024-12-11', '2024-12-12', 1381),
(669, 1, '2024-05-24', '2024-05-25', 1145),
(670, 1, '2024-05-23', '2024-05-24', 475),
(671, 1, '2024-03-02', '2024-03-03', 1541),
(672, 2, '2024-08-24', '2024-08-26', 1429),
(673, 1, '2024-05-01', '2024-05-02', 413),
(674, 2, '2024-01-23', '2024-01-25', 871),
(675, 2, '2024-05-27', '2024-05-29', 652),
(676, 1, '2024-08-21', '2024-08-22', 1347),
(677, 2, '2024-02-02', '2024-02-04', 94),
(678, 1, '2024-08-06', '2024-08-07', 1049),
(679, 1, '2024-12-9', '2024-12-10', 504),
(680, 2, '2024-05-07', '2024-05-09', 1881),
(681, 2, '2024-04-25', '2024-04-27', 1059),
(682, 1, '2024-05-21', '2024-05-22', 1854),
(683, 1, '2024-05-02', '2024-05-03', 692),
(684, 1, '2024-10-14', '2024-10-15', 1954),
(685, 2, '2024-10-13', '2024-10-15', 813),
(686, 1, '2024-02-25', '2024-02-26', 1922),
(687, 2, '2024-02-06', '2024-02-08', 1320),
(688, 2, '2024-12-01', '2024-12-03', 1155),
(689, 2, '2024-01-05', '2024-01-07', 85),
(690, 2, '2024-10-25', '2024-10-27', 1599),
(691, 1, '2024-08-28', '2024-08-29', 1625),
(692, 1, '2024-11-25', '2024-11-26', 166),
(693, 1, '2024-04-13', '2024-04-14', 846),
(694, 2, '2024-11-13', '2024-11-15', 1806),
(695, 1, '2024-01-09', '2024-01-10', 605),
(696, 1, '2024-11-02', '2024-11-03', 1142),
(697, 2, '2024-12-11', '2024-12-13', 1655),
(698, 2, '2024-12-12', '2024-12-14', 138),
(699, 1, '2024-03-10', '2024-03-11', 1501),
(700, 1, '2024-07-06', '2024-07-07', 611),
(701, 2, '2024-04-22', '2024-04-24', 369),
(702, 2, '2024-08-14', '2024-08-16', 410),
(703, 1, '2024-07-01', '2024-07-02', 1903),
(704, 2, '2024-10-04', '2024-10-06', 1205),
(705, 1, '2024-08-12', '2024-08-13', 1560),
(706, 2, '2024-06-10', '2024-06-12', 704),
(707, 2, '2024-01-16', '2024-01-18', 1479),
(708, 2, '2024-09-06', '2024-09-08', 503),
(709, 2, '2024-07-04', '2024-07-06', 371),
(710, 1, '2024-10-11', '2024-10-12', 1433),
(711, 2, '2024-06-27', '2024-06-29', 518),
(712, 2, '2024-07-24', '2024-07-26', 460),
(713, 1, '2024-05-05', '2024-05-06', 1195),
(714, 2, '2024-09-14', '2024-09-16', 223),
(715, 2, '2024-04-27', '2024-04-29', 1747),
(716, 1, '2024-02-09', '2024-02-10', 593),
(717, 2, '2024-04-09', '2024-04-11', 1777),
(718, 2, '2024-02-15', '2024-02-17', 982),
(719, 2, '2024-04-04', '2024-04-06', 1704),
(720, 2, '2024-02-24', '2024-02-26', 366),
(721, 2, '2024-01-06', '2024-01-08', 57),
(722, 1, '2024-12-15', NULL, 599),
(723, 1, '2024-05-23', '2024-05-24', 1108),
(724, 1, '2024-07-21', '2024-07-22', 235),
(725, 1, '2024-04-08', '2024-04-09', 1791),
(726, 1, '2024-08-09', '2024-08-10', 842),
(727, 2, '2024-07-04', '2024-07-06', 546),
(728, 1, '2024-12-10', '2024-12-11', 1838),
(729, 1, '2024-03-14', '2024-03-15', 98),
(730, 2, '2024-03-21', '2024-03-23', 1091),
(731, 1, '2024-12-13', '2024-12-14', 825),
(732, 2, '2024-12-6', '2024-12-8', 7),
(733, 2, '2024-07-22', '2024-07-24', 1005),
(734, 1, '2024-01-23', '2024-01-24', 1258),
(735, 2, '2024-02-21', '2024-02-23', 1029),
(736, 1, '2024-01-13', '2024-01-14', 1031),
(737, 1, '2024-07-09', '2024-07-10', 1302),
(738, 2, '2024-02-20', '2024-02-22', 466),
(739, 1, '2024-09-03', '2024-09-04', 1353),
(740, 1, '2024-12-13', '2024-12-14', 1601),
(741, 1, '2024-08-21', '2024-08-22', 125),
(742, 1, '2024-11-06', '2024-11-07', 437),
(743, 2, '2024-02-11', '2024-02-13', 1088),
(744, 1, '2024-03-02', '2024-03-03', 1576),
(745, 2, '2024-03-05', '2024-03-07', 273),
(746, 1, '2024-12-2', '2024-12-3', 1664),
(747, 1, '2024-10-16', '2024-10-17', 446),
(748, 2, '2024-08-20', '2024-08-22', 1196),
(749, 2, '2024-01-18', '2024-01-20', 829),
(750, 2, '2024-01-16', '2024-01-18', 392),
(751, 2, '2024-05-16', '2024-05-18', 283),
(752, 2, '2024-11-27', '2024-11-29', 1364),
(753, 1, '2024-02-07', '2024-02-08', 961),
(754, 2, '2024-03-03', '2024-03-05', 1061),
(755, 1, '2024-07-27', '2024-07-28', 1300),
(756, 2, '2024-06-23', '2024-06-25', 974),
(757, 1, '2024-11-06', '2024-11-07', 1857),
(758, 1, '2024-03-26', '2024-03-27', 1519),
(759, 2, '2024-06-25', '2024-06-27', 680),
(760, 2, '2024-06-12', '2024-06-14', 1845),
(761, 2, '2024-09-09', '2024-09-11', 289),
(762, 1, '2024-07-11', '2024-07-12', 20),
(763, 2, '2024-04-04', '2024-04-06', 1452),
(764, 2, '2024-03-18', '2024-03-20', 1897),
(765, 1, '2024-07-24', '2024-07-25', 500),
(766, 2, '2024-06-19', '2024-06-21', 1296),
(767, 2, '2024-03-26', '2024-03-28', 1593),
(768, 2, '2024-10-15', '2024-10-17', 1354),
(769, 1, '2024-05-23', '2024-05-24', 613),
(770, 2, '2024-07-15', '2024-07-17', 581),
(771, 2, '2024-01-17', '2024-01-19', 345),
(772, 2, '2024-04-10', '2024-04-12', 276),
(773, 1, '2024-11-15', '2024-11-16', 1955),
(774, 1, '2024-08-01', '2024-08-02', 595),
(775, 1, '2024-09-02', '2024-09-03', 1),
(776, 2, '2024-11-15', '2024-11-17', 165),
(777, 2, '2024-03-20', '2024-03-22', 136),
(778, 1, '2024-10-12', '2024-10-13', 839),
(779, 2, '2024-11-11', '2024-11-13', 1219),
(780, 1, '2024-11-03', '2024-11-04', 96),
(781, 1, '2024-06-26', '2024-06-27', 916),
(782, 1, '2024-01-14', '2024-01-15', 1538),
(783, 1, '2024-07-24', '2024-07-25', 1531),
(784, 1, '2024-10-12', '2024-10-13', 1571),
(785, 2, '2024-01-18', '2024-01-20', 506),
(786, 1, '2024-01-27', '2024-01-28', 1465),
(787, 2, '2024-06-07', '2024-06-09', 944),
(788, 2, '2024-01-21', '2024-01-23', 1730),
(789, 2, '2024-06-26', '2024-06-28', 469),
(790, 1, '2024-04-09', '2024-04-10', 712),
(791, 2, '2024-07-09', '2024-07-11', 1143),
(792, 2, '2024-10-11', '2024-10-13', 17),
(793, 2, '2024-06-12', '2024-06-14', 1136),
(794, 2, '2024-04-08', '2024-04-10', 1858),
(795, 2, '2024-08-14', '2024-08-16', 1166),
(796, 1, '2024-01-26', '2024-01-27', 1877),
(797, 1, '2024-09-26', '2024-09-27', 967),
(798, 1, '2024-08-28', '2024-08-29', 1454),
(799, 2, '2024-05-20', '2024-05-22', 557),
(800, 1, '2024-06-03', '2024-06-04', 578),
(801, 2, '2024-05-07', '2024-05-09', 1259),
(802, 2, '2024-11-18', '2024-11-20', 1228),
(803, 2, '2024-11-21', '2024-11-23', 1769),
(804, 1, '2024-07-05', '2024-07-06', 1848),
(805, 2, '2024-04-24', '2024-04-26', 1569),
(806, 2, '2024-12-9', '2024-12-11', 1962),
(807, 1, '2024-09-13', '2024-09-14', 674),
(808, 2, '2024-05-02', '2024-05-04', 952),
(809, 1, '2024-09-25', '2024-09-26', 185),
(810, 1, '2024-03-17', '2024-03-18', 1783),
(811, 1, '2024-07-27', '2024-07-28', 400),
(812, 1, '2024-07-24', '2024-07-25', 1245),
(813, 2, '2024-08-08', '2024-08-10', 762),
(814, 2, '2024-11-22', '2024-11-24', 1123),
(815, 2, '2024-08-06', '2024-08-08', 561),
(816, 1, '2024-03-19', '2024-03-20', 1140),
(817, 1, '2024-12-6', '2024-12-7', 1742),
(818, 2, '2024-01-25', '2024-01-27', 1459),
(819, 2, '2024-07-03', '2024-07-05', 894),
(820, 1, '2024-02-20', '2024-02-21', 900),
(821, 1, '2024-07-18', '2024-07-19', 1208),
(822, 2, '2024-09-03', '2024-09-05', 1575),
(823, 2, '2024-01-14', '2024-01-16', 1823),
(824, 1, '2024-10-18', '2024-10-19', 1689),
(825, 1, '2024-08-28', '2024-08-29', 282),
(826, 1, '2024-01-16', '2024-01-17', 914),
(827, 1, '2024-07-03', '2024-07-04', 100),
(828, 2, '2024-06-02', '2024-06-04', 1734),
(829, 2, '2024-06-20', '2024-06-22', 46),
(830, 2, '2024-08-06', '2024-08-08', 526),
(831, 2, '2024-01-26', '2024-01-28', 1421),
(832, 2, '2024-07-24', '2024-07-26', 1392),
(833, 1, '2024-02-21', '2024-02-22', 651),
(834, 1, '2024-01-10', '2024-01-11', 643),
(835, 1, '2024-11-23', '2024-11-24', 675),
(836, 1, '2024-09-15', '2024-09-16', 883),
(837, 2, '2024-07-14', '2024-07-16', 221),
(838, 2, '2024-07-28', '2024-07-30', 1765),
(839, 1, '2024-02-17', '2024-02-18', 1894),
(840, 1, '2024-09-04', '2024-09-05', 556),
(841, 1, '2024-06-21', '2024-06-22', 1974),
(842, 1, '2024-08-26', '2024-08-27', 1456),
(843, 1, '2024-01-01', '2024-01-02', 1230),
(844, 2, '2024-06-08', '2024-06-10', 232),
(845, 2, '2024-08-07', '2024-08-09', 1956),
(846, 2, '2024-02-14', '2024-02-16', 1016),
(847, 1, '2024-07-20', '2024-07-21', 1893),
(848, 1, '2024-12-06', '2024-12-07', 1875),
(849, 1, '2024-08-26', '2024-08-27', 1630),
(850, 2, '2024-04-05', '2024-04-07', 1125),
(851, 2, '2024-02-18', '2024-02-20', 539),
(852, 1, '2024-06-24', '2024-06-25', 144),
(853, 1, '2024-07-05', '2024-07-06', 1212),
(854, 1, '2024-09-07', '2024-09-08', 1659),
(855, 1, '2024-03-27', '2024-03-28', 299),
(856, 1, '2024-06-13', '2024-06-14', 102),
(857, 2, '2024-07-18', '2024-07-20', 76),
(858, 2, '2024-07-22', '2024-07-24', 881),
(859, 2, '2024-12-3', '2024-12-5', 671),
(860, 1, '2024-06-05', '2024-06-06', 1669),
(861, 1, '2024-05-02', '2024-05-03', 1729),
(862, 1, '2024-04-23', '2024-04-24', 703),
(863, 2, '2024-07-08', '2024-07-10', 841),
(864, 1, '2024-08-27', '2024-08-28', 1200),
(865, 2, '2024-07-19', '2024-07-21', 559),
(866, 2, '2024-10-27', '2024-10-29', 951),
(867, 2, '2024-03-21', '2024-03-23', 1078),
(868, 1, '2024-10-14', '2024-10-15', 1201),
(869, 2, '2024-12-06', '2024-12-08', 867),
(870, 1, '2024-12-09', '2024-12-10', 794),
(871, 2, '2024-08-23', '2024-08-25', 1018),
(872, 1, '2024-11-23', '2024-11-24', 1096),
(873, 1, '2024-11-12', '2024-11-13', 1184),
(874, 2, '2024-04-22', '2024-04-24', 1390),
(875, 1, '2024-11-13', '2024-11-14', 1027),
(876, 2, '2024-03-08', '2024-03-10', 1024),
(877, 1, '2024-03-27', '2024-03-28', 857),
(878, 1, '2024-03-02', '2024-03-03', 805),
(879, 2, '2024-10-03', '2024-10-05', 241),
(880, 2, '2024-02-20', '2024-02-22', 252),
(881, 2, '2024-12-11', '2024-12-13', 1943),
(882, 2, '2024-03-25', '2024-03-27', 584),
(883, 1, '2024-08-02', '2024-08-03', 117),
(884, 1, '2024-02-14', '2024-02-15', 1673),
(885, 2, '2024-09-01', '2024-09-03', 1160),
(886, 2, '2024-03-04', '2024-03-06', 789),
(887, 1, '2024-07-27', '2024-07-28', 656),
(888, 2, '2024-04-20', '2024-04-22', 1914),
(889, 2, '2024-02-26', '2024-02-28', 1957),
(890, 2, '2024-02-18', '2024-02-20', 1707),
(891, 2, '2024-08-06', '2024-08-08', 1552),
(892, 1, '2024-03-25', '2024-03-26', 1779),
(893, 1, '2024-04-22', '2024-04-23', 1187),
(894, 2, '2024-01-03', '2024-01-05', 887),
(895, 1, '2024-05-05', '2024-05-06', 1905),
(896, 1, '2024-02-25', '2024-02-26', 1107),
(897, 1, '2024-11-14', '2024-11-15', 1805),
(898, 2, '2024-01-06', '2024-01-08', 1181),
(899, 2, '2024-07-08', '2024-07-10', 1291),
(900, 1, '2024-11-04', '2024-11-05', 1916),
(901, 2, '2024-06-10', '2024-06-12', 396),
(902, 2, '2024-09-06', '2024-09-08', 1846),
(903, 1, '2024-04-02', '2024-04-03', 742),
(904, 1, '2024-04-14', '2024-04-15', 66),
(905, 2, '2024-06-01', '2024-06-03', 629),
(906, 2, '2024-03-16', '2024-03-18', 725),
(907, 2, '2024-04-22', '2024-04-24', 1154),
(908, 1, '2024-09-13', '2024-09-14', 55),
(909, 2, '2024-03-16', '2024-03-18', 292),
(910, 2, '2024-08-22', '2024-08-24', 927),
(911, 2, '2024-06-27', '2024-06-29', 1089),
(912, 1, '2024-04-22', '2024-04-23', 106),
(913, 2, '2024-07-02', '2024-07-04', 1602),
(914, 1, '2024-07-23', '2024-07-24', 670),
(915, 2, '2024-03-10', '2024-03-12', 354),
(916, 2, '2024-06-20', '2024-06-22', 1220),
(917, 2, '2024-05-18', '2024-05-20', 571),
(918, 2, '2024-12-13', '2024-12-15', 865),
(919, 1, '2024-04-20', '2024-04-21', 1961),
(920, 2, '2024-08-20', '2024-08-22', 1556),
(921, 2, '2024-11-16', '2024-11-18', 1423),
(922, 2, '2024-02-12', '2024-02-14', 498),
(923, 1, '2024-11-22', '2024-11-23', 582),
(924, 2, '2024-04-17', '2024-04-19', 93),
(925, 1, '2024-01-25', '2024-01-26', 1244),
(926, 1, '2024-05-21', '2024-05-22', 27),
(927, 1, '2024-04-07', '2024-04-08', 609),
(928, 1, '2024-05-18', '2024-05-19', 1642),
(929, 2, '2024-09-23', '2024-09-25', 376),
(930, 1, '2024-03-19', '2024-03-20', 1960),
(931, 2, '2024-04-20', '2024-04-22', 554),
(932, 1, '2024-10-10', '2024-10-11', 753),
(933, 1, '2024-07-02', '2024-07-03', 1403),
(934, 1, '2024-06-04', '2024-06-05', 1284),
(935, 2, '2024-10-04', '2024-10-06', 861),
(936, 1, '2024-12-8', '2024-12-9', 53),
(937, 1, '2024-06-22', '2024-06-23', 658),
(938, 1, '2024-06-12', '2024-06-13', 1233),
(939, 2, '2024-01-23', '2024-01-25', 383),
(940, 2, '2024-09-03', '2024-09-05', 249),
(941, 1, '2024-02-03', '2024-02-04', 1826),
(942, 1, '2024-02-20', '2024-02-21', 1081),
(943, 1, '2024-11-08', '2024-11-09', 260),
(944, 2, '2024-04-19', '2024-04-21', 199),
(945, 2, '2024-09-11', '2024-09-13', 1979),
(946, 1, '2024-05-23', '2024-05-24', 1611),
(947, 1, '2024-02-11', '2024-02-12', 1715),
(948, 1, '2024-07-07', '2024-07-08', 831),
(949, 1, '2024-04-09', '2024-04-10', 143),
(950, 2, '2024-07-05', '2024-07-07', 1880),
(951, 2, '2024-05-24', '2024-05-26', 1513),
(952, 1, '2024-02-20', '2024-02-21', 262),
(953, 1, '2024-08-14', '2024-08-15', 1739),
(954, 2, '2024-03-09', '2024-03-11', 1537),
(955, 2, '2024-01-20', '2024-01-22', 1124),
(956, 2, '2024-12-10', '2024-12-12', 1114),
(957, 1, '2024-10-22', '2024-10-23', 590),
(958, 1, '2024-01-21', '2024-01-22', 42),
(959, 1, '2024-04-07', '2024-04-08', 1978),
(960, 1, '2024-09-17', '2024-09-18', 771),
(961, 1, '2024-01-04', '2024-01-05', 21),
(962, 1, '2024-12-03', '2024-12-04', 1182),
(963, 1, '2024-01-24', '2024-01-25', 1191),
(964, 2, '2024-07-22', '2024-07-24', 1770),
(965, 2, '2024-07-24', '2024-07-26', 660),
(966, 2, '2024-05-07', '2024-05-09', 987),
(967, 2, '2024-08-27', '2024-08-29', 481),
(968, 1, '2024-05-19', '2024-05-20', 1161),
(969, 2, '2024-08-23', '2024-08-25', 23),
(970, 2, '2024-06-19', '2024-06-21', 18),
(971, 2, '2024-06-21', '2024-06-23', 886),
(972, 1, '2024-04-08', '2024-04-09', 1318),
(973, 1, '2024-01-25', '2024-01-26', 384),
(974, 2, '2024-07-05', '2024-07-07', 1796),
(975, 1, '2024-11-23', '2024-11-24', 1966),
(976, 2, '2024-03-14', '2024-03-16', 28),
(977, 1, '2024-08-10', '2024-08-11', 1995),
(978, 2, '2024-05-21', '2024-05-23', 1786),
(979, 1, '2024-02-16', '2024-02-17', 1225),
(980, 2, '2024-04-19', '2024-04-21', 1242),
(981, 1, '2024-09-02', '2024-09-03', 785),
(982, 1, '2024-02-16', '2024-02-17', 157),
(983, 1, '2024-08-13', '2024-08-14', 1428),
(984, 2, '2024-01-15', '2024-01-17', 1288),
(985, 2, '2024-10-24', '2024-10-26', 1118),
(986, 2, '2024-04-12', '2024-04-14', 1193),
(987, 1, '2024-05-09', '2024-05-10', 1486),
(988, 1, '2024-07-16', '2024-07-17', 1498),
(989, 2, '2024-02-20', '2024-02-22', 1716),
(990, 2, '2024-05-18', '2024-05-20', 1574),
(991, 1, '2024-05-13', '2024-05-14', 1587),
(992, 1, '2024-11-23', '2024-11-24', 270),
(993, 1, '2024-12-1', '2024-12-2', 391),
(994, 2, '2024-02-05', '2024-02-07', 669),
(995, 2, '2024-01-07', '2024-01-09', 1474),
(996, 1, '2024-10-01', '2024-10-02', 1933),
(997, 1, '2024-01-07', '2024-01-08', 103),
(998, 2, '2024-01-01', '2024-01-03', 1828),
(999, 2, '2024-08-02', '2024-08-04', 1920),
(1000, 2, '2024-02-17', '2024-02-19', 1782),
(1001, 2, '2024-05-05', '2024-05-07', 1211),
(1002, 2, '2024-05-12', '2024-05-14', 1790),
(1003, 2, '2024-02-08', '2024-02-10', 1539),
(1004, 2, '2024-05-15', '2024-05-17', 911),
(1005, 1, '2024-11-28', '2024-11-29', 1039),
(1006, 1, '2024-11-01', '2024-11-02', 1885),
(1007, 1, '2024-03-14', '2024-03-15', 73),
(1008, 2, '2024-02-08', '2024-02-10', 1185),
(1009, 1, '2024-07-25', '2024-07-26', 918),
(1010, 1, '2024-03-26', '2024-03-27', 1399),
(1011, 2, '2024-02-15', '2024-02-17', 471),
(1012, 2, '2024-06-02', '2024-06-04', 430),
(1013, 1, '2024-03-06', '2024-03-07', 1612),
(1014, 2, '2024-02-23', '2024-02-25', 109),
(1015, 2, '2024-10-20', '2024-10-22', 1581),
(1016, 1, '2024-04-07', '2024-04-08', 247),
(1017, 1, '2024-10-21', '2024-10-22', 1818),
(1018, 1, '2024-04-24', '2024-04-25', 334),
(1019, 2, '2024-11-02', '2024-11-04', 1756),
(1020, 2, '2024-07-05', '2024-07-07', 1369),
(1021, 1, '2024-05-14', '2024-05-15', 1084),
(1022, 1, '2024-08-12', '2024-08-13', 1789),
(1023, 2, '2024-06-27', '2024-06-29', 29),
(1024, 2, '2024-03-06', '2024-03-08', 346),
(1025, 2, '2024-01-18', '2024-01-20', 115),
(1026, 2, '2024-04-09', '2024-04-11', 901),
(1027, 2, '2024-06-04', '2024-06-06', 618),
(1028, 1, '2024-02-20', '2024-02-21', 1807),
(1029, 2, '2024-03-06', '2024-03-08', 896),
(1030, 1, '2024-06-23', '2024-06-24', 482),
(1031, 2, '2024-02-09', '2024-02-11', 1799),
(1032, 1, '2024-04-11', '2024-04-12', 1339),
(1033, 1, '2024-12-12', '2024-12-13', 72),
(1034, 2, '2024-11-23', '2024-11-25', 1412),
(1035, 2, '2024-05-04', '2024-05-06', 1094),
(1036, 1, '2024-02-24', '2024-02-25', 727),
(1037, 1, '2024-08-19', '2024-08-20', 296),
(1038, 1, '2024-04-20', '2024-04-21', 1829),
(1039, 2, '2024-01-01', '2024-01-03', 1350),
(1040, 1, '2024-08-13', '2024-08-14', 758),
(1041, 2, '2024-09-11', '2024-09-13', 522),
(1042, 1, '2024-11-11', '2024-11-12', 186),
(1043, 2, '2024-01-22', '2024-01-24', 90),
(1044, 1, '2024-06-08', '2024-06-09', 1675),
(1045, 1, '2024-04-10', '2024-04-11', 1741),
(1046, 2, '2024-09-03', '2024-09-05', 434),
(1047, 1, '2024-07-12', '2024-07-13', 895),
(1048, 1, '2024-07-27', '2024-07-28', 372),
(1049, 2, '2024-12-03', '2024-12-05', 1950),
(1050, 1, '2024-09-21', '2024-09-22', 940),
(1051, 2, '2024-04-02', '2024-04-04', 509),
(1052, 1, '2024-09-13', '2024-09-14', 1332),
(1053, 2, '2024-07-12', '2024-07-14', 1224),
(1054, 2, '2024-06-05', '2024-06-07', 1851),
(1055, 2, '2024-06-04', '2024-06-06', 714),
(1056, 2, '2024-04-21', '2024-04-23', 1692),
(1057, 2, '2024-11-03', '2024-11-05', 494),
(1058, 2, '2024-01-06', '2024-01-08', 532),
(1059, 2, '2024-06-28', '2024-06-30', 154),
(1060, 1, '2024-04-28', '2024-04-29', 465),
(1061, 2, '2024-09-10', '2024-09-12', 1101),
(1062, 2, '2024-07-11', '2024-07-13', 1644),
(1063, 2, '2024-08-10', '2024-08-12', 572),
(1064, 1, '2024-03-03', '2024-03-04', 1861),
(1065, 1, '2024-05-24', '2024-05-25', 427),
(1066, 2, '2024-11-24', '2024-11-26', 1146),
(1067, 2, '2024-01-19', '2024-01-21', 1767),
(1068, 2, '2024-05-08', '2024-05-10', 1802),
(1069, 1, '2024-07-23', '2024-07-24', 623),
(1070, 1, '2024-11-15', '2024-11-16', 1349),
(1071, 2, '2024-08-08', '2024-08-10', 1859),
(1072, 2, '2024-05-28', '2024-05-30', 1864),
(1073, 2, '2024-11-05', '2024-11-07', 1996),
(1074, 1, '2024-04-01', '2024-04-02', 696),
(1075, 1, '2024-03-01', '2024-03-02', 488),
(1076, 1, '2024-05-13', '2024-05-14', 634),
(1077, 2, '2024-04-07', '2024-04-09', 1231),
(1078, 1, '2024-07-02', '2024-07-03', 1937),
(1079, 1, '2024-02-09', '2024-02-10', 745),
(1080, 2, '2024-04-09', '2024-04-11', 424),
(1081, 1, '2024-12-1', '2024-12-2', 370),
(1082, 1, '2024-04-23', '2024-04-24', 9),
(1083, 1, '2024-12-08', '2024-12-09', 1472),
(1084, 2, '2024-06-12', '2024-06-14', 1147),
(1085, 2, '2024-03-09', '2024-03-11', 1391),
(1086, 1, '2024-01-11', '2024-01-12', 997),
(1087, 1, '2024-07-16', '2024-07-17', 1371),
(1088, 2, '2024-04-20', '2024-04-22', 1502),
(1089, 2, '2024-02-27', '2024-02-29', 1606),
(1090, 2, '2024-12-09', '2024-12-11', 1312),
(1091, 2, '2024-08-17', '2024-08-19', 1927),
(1092, 2, '2024-03-17', '2024-03-19', 1748),
(1093, 2, '2024-12-6', '2024-12-8', 51),
(1094, 2, '2024-04-02', '2024-04-04', 1227),
(1095, 1, '2024-11-05', '2024-11-06', 1820),
(1096, 1, '2024-10-20', '2024-10-21', 447),
(1097, 2, '2024-06-28', '2024-06-30', 966),
(1098, 2, '2024-04-23', '2024-04-25', 63),
(1099, 1, '2024-11-21', '2024-11-22', 1365),
(1100, 1, '2024-01-05', '2024-01-06', 860),
(1101, 1, '2024-09-05', '2024-09-06', 467),
(1102, 2, '2024-05-06', '2024-05-08', 64),
(1103, 2, '2024-02-19', '2024-02-21', 1568),
(1104, 2, '2024-11-12', '2024-11-14', 474),
(1105, 1, '2024-10-25', '2024-10-26', 1493),
(1106, 2, '2024-08-09', '2024-08-11', 1366),
(1107, 2, '2024-02-13', '2024-02-15', 1261),
(1108, 2, '2024-12-11', '2024-12-13', 1989),
(1109, 2, '2024-06-26', '2024-06-28', 1926),
(1110, 1, '2024-05-02', '2024-05-03', 397),
(1111, 1, '2024-02-23', '2024-02-24', 1934),
(1112, 1, '2024-08-17', '2024-08-18', 754),
(1113, 2, '2024-06-08', '2024-06-10', 1064),
(1114, 2, '2024-01-25', '2024-01-27', 1346),
(1115, 2, '2024-12-04', '2024-12-06', 981),
(1116, 2, '2024-08-04', '2024-08-06', 986),
(1117, 2, '2024-09-19', '2024-09-21', 496),
(1118, 2, '2024-10-20', '2024-10-22', 1060),
(1119, 1, '2024-04-07', '2024-04-08', 290),
(1120, 1, '2024-09-07', '2024-09-08', 1862),
(1121, 1, '2024-10-16', '2024-10-17', 178),
(1122, 1, '2024-03-26', '2024-03-27', 1711),
(1123, 1, '2024-08-02', '2024-08-03', 797),
(1124, 2, '2024-06-09', '2024-06-11', 1745),
(1125, 2, '2024-05-25', '2024-05-27', 1435),
(1126, 2, '2024-01-14', '2024-01-16', 835),
(1127, 1, '2024-06-26', '2024-06-27', 1656),
(1128, 1, '2024-04-23', '2024-04-24', 1418),
(1129, 2, '2024-09-12', '2024-09-14', 330),
(1130, 2, '2024-05-14', '2024-05-16', 459),
(1131, 1, '2024-09-14', '2024-09-15', 261),
(1132, 2, '2024-02-26', '2024-02-28', 1525),
(1133, 1, '2024-06-13', '2024-06-14', 1847),
(1134, 1, '2024-02-01', '2024-02-02', 687),
(1135, 1, '2024-02-09', '2024-02-10', 353),
(1136, 1, '2024-07-14', '2024-07-15', 719),
(1137, 1, '2024-01-13', '2024-01-14', 1830),
(1138, 1, '2024-03-20', '2024-03-21', 478),
(1139, 1, '2024-08-24', '2024-08-25', 40),
(1140, 2, '2024-09-09', '2024-09-11', 225),
(1141, 1, '2024-11-22', '2024-11-23', 33),
(1142, 2, '2024-04-08', '2024-04-10', 1986),
(1143, 1, '2024-10-20', '2024-10-21', 1746),
(1144, 1, '2024-08-09', '2024-08-10', 172),
(1145, 1, '2024-03-06', '2024-03-07', 1352),
(1146, 2, '2024-03-05', '2024-03-07', 1333),
(1147, 2, '2024-11-07', '2024-11-09', 311),
(1148, 2, '2024-07-24', '2024-07-26', 1445),
(1149, 1, '2024-09-20', '2024-09-21', 1691),
(1150, 2, '2024-02-18', '2024-02-20', 315),
(1151, 2, '2024-09-07', '2024-09-09', 598),
(1152, 1, '2024-09-15', '2024-09-16', 558),
(1153, 2, '2024-05-20', '2024-05-22', 97),
(1154, 1, '2024-05-24', '2024-05-25', 1928),
(1155, 1, '2024-02-02', '2024-02-03', 955),
(1156, 1, '2024-01-11', '2024-01-12', 1759),
(1157, 2, '2024-03-16', '2024-03-18', 1814),
(1158, 2, '2024-03-09', '2024-03-11', 913),
(1159, 1, '2024-05-17', '2024-05-18', 1079),
(1160, 1, '2024-05-06', '2024-05-07', 989),
(1161, 1, '2024-12-5', '2024-12-6', 1831),
(1162, 2, '2024-05-12', '2024-05-14', 545),
(1163, 2, '2024-07-24', '2024-07-26', 244),
(1164, 1, '2024-05-13', '2024-05-14', 485),
(1165, 1, '2024-05-26', '2024-05-27', 516),
(1166, 1, '2024-01-27', '2024-01-28', 1662),
(1167, 2, '2024-07-21', '2024-07-23', 1321),
(1168, 2, '2024-09-08', '2024-09-10', 1468),
(1169, 1, '2024-01-11', '2024-01-12', 389),
(1170, 1, '2024-02-19', '2024-02-20', 909),
(1171, 2, '2024-06-05', '2024-06-07', 548),
(1172, 2, '2024-04-21', '2024-04-23', 308),
(1173, 1, '2024-11-13', '2024-11-14', 1262),
(1174, 2, '2024-12-3', '2024-12-5', 1462),
(1175, 2, '2024-03-06', '2024-03-08', 601),
(1176, 1, '2024-01-17', '2024-01-18', 215),
(1177, 1, '2024-05-22', '2024-05-23', 621),
(1178, 1, '2024-10-13', '2024-10-14', 1450),
(1179, 1, '2024-08-18', '2024-08-19', 735),
(1180, 1, '2024-06-17', '2024-06-18', 1909),
(1181, 2, '2024-07-01', '2024-07-03', 293),
(1182, 2, '2024-03-22', '2024-03-24', 1174),
(1183, 2, '2024-09-22', '2024-09-24', 438),
(1184, 2, '2024-01-05', '2024-01-07', 1721),
(1185, 2, '2024-12-1', '2024-12-3', 1153),
(1186, 1, '2024-12-1', '2024-12-2', 1639),
(1187, 1, '2024-07-22', '2024-07-23', 1988),
(1188, 2, '2024-03-10', '2024-03-12', 1464),
(1189, 1, '2024-03-27', '2024-03-28', 36),
(1190, 2, '2024-08-22', '2024-08-24', 1480),
(1191, 1, '2024-03-11', '2024-03-12', 1936),
(1192, 2, '2024-04-20', '2024-04-22', 1959),
(1193, 2, '2024-01-16', '2024-01-18', 888),
(1194, 1, '2024-05-20', '2024-05-21', 116),
(1195, 1, '2024-09-21', '2024-09-22', 1804),
(1196, 1, '2024-08-08', '2024-08-09', 152),
(1197, 2, '2024-09-28', '2024-09-30', 181),
(1198, 2, '2024-03-25', '2024-03-27', 212),
(1199, 2, '2024-08-05', '2024-08-07', 1636),
(1200, 2, '2024-10-01', '2024-10-03', 708),
(1201, 1, '2024-11-14', '2024-11-15', 873),
(1202, 2, '2024-04-28', '2024-04-30', 1615),
(1203, 2, '2024-04-03', '2024-04-05', 265),
(1204, 2, '2024-01-11', '2024-01-13', 1906),
(1205, 2, '2024-11-23', '2024-11-25', 1528),
(1206, 1, '2024-02-22', '2024-02-23', 587),
(1207, 2, '2024-03-02', '2024-03-04', 294),
(1208, 1, '2024-12-03', '2024-12-04', 321),
(1209, 1, '2024-08-20', '2024-08-21', 1970),
(1210, 2, '2024-09-19', '2024-09-21', 639),
(1211, 2, '2024-05-12', '2024-05-14', 683),
(1212, 2, '2024-01-03', '2024-01-05', 1690),
(1213, 1, '2024-06-12', '2024-06-13', 1737),
(1214, 2, '2024-05-09', '2024-05-11', 1579),
(1215, 1, '2024-12-10', '2024-12-11', 1595),
(1216, 1, '2024-08-19', '2024-08-20', 1558),
(1217, 2, '2024-10-20', '2024-10-22', 348),
(1218, 2, '2024-11-16', '2024-11-18', 1141),
(1219, 1, '2024-04-22', '2024-04-23', 1356),
(1220, 2, '2024-12-3', '2024-12-5', 1440),
(1221, 1, '2024-10-16', '2024-10-17', 1384),
(1222, 2, '2024-07-05', '2024-07-07', 1948),
(1223, 1, '2024-07-18', '2024-07-19', 448),
(1224, 1, '2024-01-14', '2024-01-15', 1345),
(1225, 1, '2024-11-10', '2024-11-11', 1649),
(1226, 2, '2024-02-26', '2024-02-28', 1098),
(1227, 2, '2024-06-15', '2024-06-17', 1653),
(1228, 2, '2024-03-22', '2024-03-24', 823),
(1229, 1, '2024-01-03', '2024-01-04', 1582),
(1230, 1, '2024-11-09', '2024-11-10', 1684),
(1231, 2, '2024-10-17', '2024-10-19', 1305),
(1232, 2, '2024-08-02', '2024-08-04', 207),
(1233, 2, '2024-06-10', '2024-06-12', 1578),
(1234, 1, '2024-01-01', '2024-01-02', 1282),
(1235, 2, '2024-06-03', '2024-06-05', 1401),
(1236, 2, '2024-11-20', '2024-11-22', 746),
(1237, 1, '2024-05-24', '2024-05-25', 1645),
(1238, 2, '2024-01-21', '2024-01-23', 1696),
(1239, 2, '2024-07-07', '2024-07-09', 1506),
(1240, 1, '2024-09-02', '2024-09-03', 1355),
(1241, 1, '2024-01-11', '2024-01-12', 1953),
(1242, 2, '2024-01-09', '2024-01-11', 589),
(1243, 2, '2024-12-7', '2024-12-9', 1362),
(1244, 2, '2024-02-21', '2024-02-23', 1708),
(1245, 2, '2024-11-13', '2024-11-15', 715),
(1246, 1, '2024-05-22', '2024-05-23', 1489),
(1247, 2, '2024-04-03', '2024-04-05', 1330),
(1248, 2, '2024-05-02', '2024-05-04', 222),
(1249, 2, '2024-10-04', '2024-10-06', 47),
(1250, 2, '2024-07-11', '2024-07-13', 1607),
(1251, 1, '2024-04-10', '2024-04-11', 722),
(1252, 1, '2024-05-07', '2024-05-08', 140),
(1253, 1, '2024-07-28', '2024-07-29', 108),
(1254, 2, '2024-11-13', '2024-11-15', 1449),
(1255, 2, '2024-10-03', '2024-10-05', 91),
(1256, 1, '2024-07-05', '2024-07-06', 820),
(1257, 1, '2024-02-10', '2024-02-11', 445),
(1258, 1, '2024-11-11', '2024-11-12', 101),
(1259, 1, '2024-06-11', '2024-06-12', 161),
(1260, 1, '2024-07-03', '2024-07-04', 473),
(1261, 2, '2024-03-25', '2024-03-27', 1033),
(1262, 1, '2024-05-15', '2024-05-16', 833),
(1263, 2, '2024-02-06', '2024-02-08', 1984),
(1264, 1, '2024-12-12', '2024-12-13', 105),
(1265, 2, '2024-02-10', '2024-02-12', 1586),
(1266, 2, '2024-04-24', '2024-04-26', 616),
(1267, 1, '2024-01-24', '2024-01-25', 418),
(1268, 2, '2024-08-16', '2024-08-18', 1331),
(1269, 2, '2024-02-18', '2024-02-20', 903),
(1270, 1, '2024-04-21', '2024-04-22', 786),
(1271, 1, '2024-07-21', '2024-07-22', 1619),
(1272, 1, '2024-09-02', '2024-09-03', 897),
(1273, 2, '2024-10-18', '2024-10-20', 1540),
(1274, 1, '2024-05-09', '2024-05-10', 1821),
(1275, 2, '2024-12-01', '2024-12-03', 535),
(1276, 2, '2024-07-22', '2024-07-24', 779),
(1277, 2, '2024-09-05', '2024-09-07', 1407),
(1278, 2, '2024-12-10', '2024-12-12', 510),
(1279, 1, '2024-06-24', '2024-06-25', 362),
(1280, 2, '2024-03-01', '2024-03-03', 1752),
(1281, 1, '2024-02-13', '2024-02-14', 1322),
(1282, 2, '2024-10-16', '2024-10-18', 1335),
(1283, 1, '2024-10-28', '2024-10-29', 1635),
(1284, 1, '2024-12-12', '2024-12-13', 1229),
(1285, 2, '2024-02-21', '2024-02-23', 1180),
(1286, 2, '2024-04-13', '2024-04-15', 1441),
(1287, 1, '2024-05-17', '2024-05-18', 1137),
(1288, 1, '2024-06-22', '2024-06-23', 1085),
(1289, 2, '2024-03-05', '2024-03-07', 537),
(1290, 2, '2024-11-26', '2024-11-28', 931),
(1291, 2, '2024-08-12', '2024-08-14', 780),
(1292, 1, '2024-08-12', '2024-08-13', 973),
(1293, 2, '2024-12-10', '2024-12-12', 1093),
(1294, 1, '2024-11-09', '2024-11-10', 1413),
(1295, 1, '2024-10-21', '2024-10-22', 1008),
(1296, 1, '2024-07-01', '2024-07-02', 1409),
(1297, 2, '2024-12-10', '2024-12-12', 431),
(1298, 2, '2024-11-17', '2024-11-19', 286),
(1299, 2, '2024-04-02', '2024-04-04', 60),
(1300, 1, '2024-12-10', '2024-12-11', 107),
(1301, 2, '2024-11-19', '2024-11-21', 190),
(1302, 2, '2024-06-08', '2024-06-10', 530),
(1303, 1, '2024-08-23', '2024-08-24', 690),
(1304, 1, '2024-09-16', '2024-09-17', 1941),
(1305, 1, '2024-08-14', '2024-08-15', 457),
(1306, 2, '2024-09-08', '2024-09-10', 701),
(1307, 1, '2024-10-23', '2024-10-24', 263),
(1308, 1, '2024-03-22', '2024-03-23', 872),
(1309, 1, '2024-05-17', '2024-05-18', 358),
(1310, 1, '2024-01-12', '2024-01-13', 564),
(1311, 1, '2024-06-19', '2024-06-20', 934),
(1312, 1, '2024-02-27', '2024-02-28', 1997),
(1313, 2, '2024-10-09', '2024-10-11', 1852),
(1314, 2, '2024-07-10', '2024-07-12', 782),
(1315, 1, '2024-12-3', '2024-12-4', 1074),
(1316, 1, '2024-04-04', '2024-04-05', 1650),
(1317, 2, '2024-06-03', '2024-06-05', 653),
(1318, 2, '2024-08-10', '2024-08-12', 1925),
(1319, 1, '2024-05-22', '2024-05-23', 1469),
(1320, 1, '2024-04-02', '2024-04-03', 1278),
(1321, 2, '2024-04-18', '2024-04-20', 1678),
(1322, 1, '2024-06-12', '2024-06-13', 1394),
(1323, 1, '2024-10-28', '2024-10-29', 902),
(1324, 1, '2024-10-27', '2024-10-28', 743),
(1325, 2, '2024-06-06', '2024-06-08', 1204),
(1326, 1, '2024-08-17', '2024-08-18', 1758),
(1327, 2, '2024-06-26', '2024-06-28', 824),
(1328, 2, '2024-10-22', '2024-10-24', 1647),
(1329, 2, '2024-10-03', '2024-10-05', 1240),
(1330, 1, '2024-12-6', '2024-12-7', 1032),
(1331, 2, '2024-03-02', '2024-03-04', 880),
(1332, 2, '2024-05-13', '2024-05-15', 133),
(1333, 2, '2024-06-07', '2024-06-09', 923),
(1334, 2, '2024-10-10', '2024-10-12', 1269),
(1335, 2, '2024-11-07', '2024-11-09', 456),
(1336, 1, '2024-08-22', '2024-08-23', 1319),
(1337, 1, '2024-08-18', '2024-08-19', 1651),
(1338, 2, '2024-02-22', '2024-02-24', 672),
(1339, 1, '2024-06-08', '2024-06-09', 1430),
(1340, 2, '2024-02-03', '2024-02-05', 963),
(1341, 2, '2024-07-09', '2024-07-11', 1021),
(1342, 1, '2024-04-04', '2024-04-05', 848),
(1343, 2, '2024-04-22', '2024-04-24', 1915),
(1344, 1, '2024-12-10', '2024-12-11', 1591),
(1345, 1, '2024-08-19', '2024-08-20', 349),
(1346, 1, '2024-10-23', '2024-10-24', 1542),
(1347, 2, '2024-12-10', '2024-12-12', 1171),
(1348, 2, '2024-11-19', '2024-11-21', 737),
(1349, 2, '2024-08-16', '2024-08-18', 361),
(1350, 1, '2024-10-25', '2024-10-26', 401),
(1351, 1, '2024-07-03', '2024-07-04', 919),
(1352, 1, '2024-08-26', '2024-08-27', 985),
(1353, 1, '2024-05-08', '2024-05-09', 673),
(1354, 1, '2024-10-16', '2024-10-17', 806),
(1355, 2, '2024-11-15', '2024-11-17', 521),
(1356, 1, '2024-07-08', '2024-07-09', 508),
(1357, 2, '2024-07-02', '2024-07-04', 259),
(1358, 2, '2024-05-28', '2024-05-30', 1086),
(1359, 1, '2024-12-3', '2024-12-4', 663),
(1360, 1, '2024-06-18', '2024-06-19', 941),
(1361, 1, '2024-11-10', '2024-11-11', 302),
(1362, 1, '2024-06-22', '2024-06-23', 1732),
(1363, 2, '2024-06-12', '2024-06-14', 1293),
(1364, 1, '2024-11-19', '2024-11-20', 1287),
(1365, 2, '2024-04-17', '2024-04-19', 610),
(1366, 2, '2024-12-11', '2024-12-13', 603),
(1367, 1, '2024-10-07', '2024-10-08', 323),
(1368, 2, '2024-02-27', '2024-02-29', 1946),
(1369, 2, '2024-09-25', '2024-09-27', 1165),
(1370, 2, '2024-02-04', '2024-02-06', 682),
(1371, 2, '2024-05-12', '2024-05-14', 1993),
(1372, 1, '2024-04-01', '2024-04-02', 1071),
(1373, 2, '2024-05-19', '2024-05-21', 965),
(1374, 1, '2024-04-14', '2024-04-15', 44),
(1375, 2, '2024-11-20', '2024-11-22', 930),
(1376, 1, '2024-02-11', '2024-02-12', 847),
(1377, 2, '2024-11-18', '2024-11-20', 953),
(1378, 2, '2024-12-10', '2024-12-12', 1963),
(1379, 2, '2024-08-21', '2024-08-23', 1882),
(1380, 1, '2024-08-23', '2024-08-24', 770),
(1381, 1, '2024-06-27', '2024-06-28', 230),
(1382, 2, '2024-10-06', '2024-10-08', 10),
(1383, 1, '2024-07-13', '2024-07-14', 1760),
(1384, 2, '2024-06-21', '2024-06-23', 34),
(1385, 1, '2024-06-09', '2024-06-10', 1283),
(1386, 2, '2024-09-19', '2024-09-21', 821),
(1387, 2, '2024-01-26', '2024-01-28', 483),
(1388, 2, '2024-07-12', '2024-07-14', 1676),
(1389, 1, '2024-06-20', '2024-06-21', 329),
(1390, 1, '2024-10-25', '2024-10-26', 1968),
(1391, 2, '2024-04-25', '2024-04-27', 586),
(1392, 2, '2024-11-06', '2024-11-08', 1249),
(1393, 1, '2024-08-09', '2024-08-10', 1816),
(1394, 1, '2024-08-22', '2024-08-23', 126),
(1395, 2, '2024-01-13', '2024-01-15', 681),
(1396, 2, '2024-07-25', '2024-07-27', 1234),
(1397, 1, '2024-01-10', '2024-01-11', 739),
(1398, 1, '2024-05-24', '2024-05-25', 267),
(1399, 1, '2024-04-05', '2024-04-06', 451),
(1400, 2, '2024-01-05', '2024-01-07', 1892),
(1401, 1, '2024-11-03', '2024-11-04', 1310),
(1402, 2, '2024-08-17', '2024-08-19', 322),
(1403, 1, '2024-04-23', '2024-04-24', 1327),
(1404, 1, '2024-12-01', '2024-12-02', 1992),
(1405, 1, '2024-08-14', '2024-08-15', 1100),
(1406, 1, '2024-08-23', '2024-08-24', 990),
(1407, 2, '2024-04-09', '2024-04-11', 1092),
(1408, 1, '2024-12-1', '2024-12-2', 1000),
(1409, 1, '2024-08-01', '2024-08-02', 1014),
(1410, 1, '2024-12-11', '2024-12-12', 1973),
(1411, 2, '2024-09-06', '2024-09-08', 646),
(1412, 2, '2024-04-10', '2024-04-12', 425),
(1413, 1, '2024-11-25', '2024-11-26', 1768),
(1414, 1, '2024-01-22', '2024-01-23', 868),
(1415, 2, '2024-04-10', '2024-04-12', 1924),
(1416, 2, '2024-09-22', '2024-09-24', 1134),
(1417, 1, '2024-07-08', '2024-07-09', 1336),
(1418, 1, '2024-06-23', '2024-06-24', 1400),
(1419, 1, '2024-04-18', '2024-04-19', 513),
(1420, 1, '2024-01-28', '2024-01-29', 569),
(1421, 1, '2024-04-27', '2024-04-28', 1416),
(1422, 1, '2024-04-27', '2024-04-28', 1167),
(1423, 1, '2024-10-22', '2024-10-23', 1168),
(1424, 1, '2024-08-07', '2024-08-08', 998),
(1425, 1, '2024-11-22', '2024-11-23', 1119),
(1426, 1, '2024-11-05', '2024-11-06', 1127),
(1427, 1, '2024-04-02', '2024-04-03', 1385),
(1428, 1, '2024-12-08', '2024-12-09', 1148),
(1429, 2, '2024-04-08', '2024-04-10', 236),
(1430, 1, '2024-05-27', '2024-05-28', 19),
(1431, 2, '2024-05-14', '2024-05-16', 600),
(1432, 1, '2024-11-06', '2024-11-07', 1865),
(1433, 2, '2024-01-16', '2024-01-18', 1256),
(1434, 1, '2024-01-08', '2024-01-09', 487),
(1435, 1, '2024-09-18', '2024-09-19', 1455),
(1436, 2, '2024-02-10', '2024-02-12', 993),
(1437, 2, '2024-03-27', '2024-03-29', 48),
(1438, 1, '2024-12-06', '2024-12-07', 415),
(1439, 1, '2024-03-07', '2024-03-08', 379),
(1440, 1, '2024-07-27', '2024-07-28', 684),
(1441, 1, '2024-05-06', '2024-05-07', 1798),
(1442, 2, '2024-02-27', '2024-02-29', 183),
(1443, 1, '2024-03-18', '2024-03-19', 15),
(1444, 2, '2024-04-18', '2024-04-20', 1437),
(1445, 1, '2024-05-23', '2024-05-24', 921),
(1446, 2, '2024-07-21', '2024-07-23', 622),
(1447, 1, '2024-09-02', '2024-09-03', 65),
(1448, 1, '2024-06-16', '2024-06-17', 624),
(1449, 1, '2024-04-20', '2024-04-21', 1427),
(1450, 1, '2024-03-23', '2024-03-24', 280),
(1451, 2, '2024-02-25', '2024-02-27', 869),
(1452, 1, '2024-04-20', '2024-04-21', 211),
(1453, 2, '2024-10-01', '2024-10-03', 1813),
(1454, 1, '2024-09-07', '2024-09-08', 1929),
(1455, 1, '2024-04-01', '2024-04-02', 1476),
(1456, 2, '2024-09-02', '2024-09-04', 924),
(1457, 2, '2024-10-20', '2024-10-22', 1573),
(1458, 1, '2024-09-23', '2024-09-24', 654),
(1459, 1, '2024-11-17', '2024-11-18', 1436),
(1460, 2, '2024-06-05', '2024-06-07', 1103),
(1461, 1, '2024-05-06', '2024-05-07', 1507),
(1462, 2, '2024-02-18', '2024-02-20', 1197),
(1463, 2, '2024-01-07', '2024-01-09', 512),
(1464, 2, '2024-10-05', '2024-10-07', 49),
(1465, 2, '2024-06-21', '2024-06-23', 139),
(1466, 2, '2024-11-15', '2024-11-17', 689),
(1467, 2, '2024-08-08', '2024-08-10', 243),
(1468, 2, '2024-04-23', '2024-04-25', 1567),
(1469, 2, '2024-06-15', '2024-06-17', 1526),
(1470, 1, '2024-02-25', '2024-02-26', 32),
(1471, 1, '2024-03-06', '2024-03-07', 1976),
(1472, 1, '2024-02-01', '2024-02-02', 1987),
(1473, 1, '2024-06-17', '2024-06-18', 95),
(1474, 2, '2024-04-10', '2024-04-12', 492),
(1475, 1, '2024-11-19', '2024-11-20', 1238),
(1476, 2, '2024-09-27', '2024-09-29', 50),
(1477, 2, '2024-03-08', '2024-03-10', 551),
(1478, 2, '2024-11-07', '2024-11-09', 1122),
(1479, 1, '2024-04-16', '2024-04-17', 1131),
(1480, 1, '2024-01-25', '2024-01-26', 1753),
(1481, 1, '2024-05-04', '2024-05-05', 1069),
(1482, 1, '2024-09-26', '2024-09-27', 1646),
(1483, 1, '2024-07-10', '2024-07-11', 1466),
(1484, 2, '2024-03-14', '2024-03-16', 1874),
(1485, 2, '2024-11-26', '2024-11-28', 404),
(1486, 2, '2024-05-08', '2024-05-10', 1700),
(1487, 1, '2024-10-12', '2024-10-13', 799),
(1488, 1, '2024-08-13', '2024-08-14', 1207),
(1489, 1, '2024-08-19', '2024-08-20', 1975),
(1490, 2, '2024-05-20', '2024-05-22', 224),
(1491, 2, '2024-05-24', '2024-05-26', 1509),
(1492, 1, '2024-02-03', '2024-02-04', 760),
(1493, 2, '2024-05-28', '2024-05-30', 920),
(1494, 2, '2024-03-27', '2024-03-29', 1514),
(1495, 1, '2024-09-03', '2024-09-04', 1388),
(1496, 2, '2024-11-19', '2024-11-21', 458),
(1497, 1, '2024-06-27', '2024-06-28', 1043),
(1498, 2, '2024-05-18', '2024-05-20', 795),
(1499, 2, '2024-07-18', '2024-07-20', 1863),
(1500, 1, '2024-02-09', '2024-02-10', 1876),
(1501, 2, '2024-03-14', '2024-03-16', 793),
(1502, 1, '2024-08-03', '2024-08-04', 1687),
(1503, 2, '2024-11-04', '2024-11-06', 248),
(1504, 2, '2024-12-12', '2024-12-14', 1046),
(1505, 2, '2024-01-08', '2024-01-10', 454),
(1506, 1, '2024-04-08', '2024-04-09', 1584),
(1507, 2, '2024-08-07', '2024-08-09', 907),
(1508, 1, '2024-09-26', '2024-09-27', 433),
(1509, 2, '2024-05-21', '2024-05-23', 536),
(1510, 1, '2024-07-27', '2024-07-28', 359),
(1511, 2, '2024-05-19', '2024-05-21', 1666),
(1512, 2, '2024-09-17', '2024-09-19', 1982),
(1513, 1, '2024-04-13', '2024-04-14', 996),
(1514, 1, '2024-07-07', '2024-07-08', 627),
(1515, 2, '2024-11-10', '2024-11-12', 730),
(1516, 2, '2024-02-17', '2024-02-19', 1736),
(1517, 1, '2024-01-04', '2024-01-05', 612),
(1518, 1, '2024-12-10', '2024-12-11', 398),
(1519, 2, '2024-06-27', '2024-06-29', 1833),
(1520, 2, '2024-08-17', '2024-08-19', 1888),
(1521, 2, '2024-12-11', '2024-12-13', 16),
(1522, 1, '2024-04-12', '2024-04-13', 71),
(1523, 2, '2024-06-15', '2024-06-17', 1072),
(1524, 2, '2024-07-21', '2024-07-23', 1121),
(1525, 1, '2024-03-17', '2024-03-18', 1868),
(1526, 2, '2024-07-07', '2024-07-09', 1034),
(1527, 2, '2024-07-26', '2024-07-28', 1545),
(1528, 1, '2024-05-26', '2024-05-27', 340),
(1529, 1, '2024-08-05', '2024-08-06', 318),
(1530, 2, '2024-01-07', '2024-01-09', 1510),
(1531, 1, '2024-11-28', '2024-11-29', 285),
(1532, 2, '2024-01-28', '2024-01-30', 1279),
(1533, 2, '2024-03-13', '2024-03-15', 367),
(1534, 1, '2024-08-19', '2024-08-20', 943),
(1535, 1, '2024-12-05', '2024-12-06', 1113),
(1536, 2, '2024-08-06', '2024-08-08', 341),
(1537, 1, '2024-05-14', '2024-05-15', 631),
(1538, 2, '2024-08-22', '2024-08-24', 1419),
(1539, 1, '2024-10-18', '2024-10-19', 1067),
(1540, 2, '2024-08-06', '2024-08-08', 668),
(1541, 1, '2024-08-11', '2024-08-12', 151),
(1542, 2, '2024-11-28', '2024-11-30', 686),
(1543, 1, '2024-03-06', '2024-03-07', 470),
(1544, 2, '2024-03-17', '2024-03-19', 563),
(1545, 2, '2024-06-03', '2024-06-05', 1102),
(1546, 2, '2024-12-05', '2024-12-07', 1522),
(1547, 2, '2024-06-25', '2024-06-27', 1709),
(1548, 1, '2024-05-13', '2024-05-14', 484),
(1549, 2, '2024-10-15', '2024-10-17', 84),
(1550, 2, '2024-03-22', '2024-03-24', 1038),
(1551, 1, '2024-09-06', '2024-09-07', 999),
(1552, 1, '2024-03-22', '2024-03-23', 1671),
(1553, 1, '2024-03-03', '2024-03-04', 1724),
(1554, 2, '2024-02-15', '2024-02-17', 1774),
(1555, 2, '2024-05-12', '2024-05-14', 950),
(1556, 1, '2024-06-20', '2024-06-21', 1022),
(1557, 1, '2024-04-13', '2024-04-14', 1037),
(1558, 1, '2024-07-10', '2024-07-11', 1382),
(1559, 2, '2024-01-16', '2024-01-18', 1203),
(1560, 1, '2024-10-21', '2024-10-22', 272),
(1561, 2, '2024-03-04', '2024-03-06', 1564),
(1562, 1, '2024-10-23', '2024-10-24', 1178),
(1563, 2, '2024-10-13', '2024-10-15', 1855),
(1564, 2, '2024-09-06', '2024-09-08', 798),
(1565, 2, '2024-12-8', '2024-12-10', 1044),
(1566, 2, '2024-05-21', '2024-05-23', 382),
(1567, 1, '2024-05-07', '2024-05-08', 939),
(1568, 1, '2024-09-02', '2024-09-03', 287),
(1569, 1, '2024-12-15', NULL, 1175),
(1570, 2, '2024-01-21', '2024-01-23', 761),
(1571, 1, '2024-04-17', '2024-04-18', 915),
(1572, 1, '2024-04-28', '2024-04-29', 386),
(1573, 2, '2024-01-17', '2024-01-19', 1470),
(1574, 1, '2024-09-24', '2024-09-25', 395),
(1575, 1, '2024-04-23', '2024-04-24', 1460),
(1576, 2, '2024-04-18', '2024-04-20', 331),
(1577, 2, '2024-11-05', '2024-11-07', 338),
(1578, 2, '2024-05-16', '2024-05-18', 304),
(1579, 2, '2024-02-24', '2024-02-26', 776),
(1580, 1, '2024-06-28', '2024-06-29', 1467),
(1581, 1, '2024-08-09', '2024-08-10', 1977),
(1582, 1, '2024-11-16', '2024-11-17', 1543),
(1583, 2, '2024-10-14', '2024-10-16', 1694),
(1584, 1, '2024-04-09', '2024-04-10', 635),
(1585, 1, '2024-10-05', '2024-10-06', 203),
(1586, 1, '2024-07-26', '2024-07-27', 1226),
(1587, 2, '2024-04-13', '2024-04-15', 80),
(1588, 1, '2024-08-06', '2024-08-07', 1757),
(1589, 1, '2024-07-03', '2024-07-04', 1609),
(1590, 1, '2024-05-24', '2024-05-25', 933),
(1591, 1, '2024-11-13', '2024-11-14', 788),
(1592, 1, '2024-03-08', '2024-03-09', 1001),
(1593, 1, '2024-04-21', '2024-04-22', 37),
(1594, 1, '2024-10-23', '2024-10-24', 194),
(1595, 1, '2024-02-21', '2024-02-22', 394),
(1596, 2, '2024-08-25', '2024-08-27', 131),
(1597, 2, '2024-10-15', '2024-10-17', 1152),
(1598, 1, '2024-02-24', '2024-02-25', 1370),
(1599, 1, '2024-05-26', '2024-05-27', 666),
(1600, 2, '2024-03-14', '2024-03-16', 1285),
(1601, 1, '2024-11-18', '2024-11-19', 1918),
(1602, 1, '2024-10-01', '2024-10-02', 206),
(1603, 1, '2024-05-03', '2024-05-04', 1613),
(1604, 2, '2024-09-23', '2024-09-25', 685),
(1605, 2, '2024-11-18', '2024-11-20', 1106),
(1606, 1, '2024-09-22', '2024-09-23', 239),
(1607, 2, '2024-02-09', '2024-02-11', 1677),
(1608, 1, '2024-04-15', '2024-04-16', 1886),
(1609, 2, '2024-04-07', '2024-04-09', 171),
(1610, 2, '2024-08-20', '2024-08-22', 976),
(1611, 2, '2024-02-14', '2024-02-16', 409),
(1612, 1, '2024-03-17', '2024-03-18', 1628),
(1613, 1, '2024-10-14', '2024-10-15', 1521),
(1614, 2, '2024-09-09', '2024-09-11', 937),
(1615, 2, '2024-05-03', '2024-05-05', 1442),
(1616, 2, '2024-10-24', '2024-10-26', 1610),
(1617, 1, '2024-03-04', '2024-03-05', 567),
(1618, 1, '2024-06-06', '2024-06-07', 1048),
(1619, 1, '2024-04-07', '2024-04-08', 332),
(1620, 1, '2024-07-18', '2024-07-19', 1373),
(1621, 2, '2024-05-23', '2024-05-25', 1251),
(1622, 1, '2024-11-20', '2024-11-21', 1889),
(1623, 1, '2024-03-26', '2024-03-27', 1357),
(1624, 1, '2024-01-07', '2024-01-08', 783),
(1625, 2, '2024-10-16', '2024-10-18', 250),
(1626, 2, '2024-07-24', '2024-07-26', 607),
(1627, 1, '2024-01-03', '2024-01-04', 1495),
(1628, 2, '2024-07-23', '2024-07-25', 1685),
(1629, 1, '2024-06-07', '2024-06-08', 1907),
(1630, 1, '2024-06-10', '2024-06-11', 1640),
(1631, 2, '2024-07-05', '2024-07-07', 177),
(1632, 1, '2024-10-08', '2024-10-09', 219),
(1633, 1, '2024-02-16', '2024-02-17', 295),
(1634, 1, '2024-12-12', '2024-12-13', 614),
(1635, 1, '2024-07-14', '2024-07-15', 1841),
(1636, 1, '2024-10-11', '2024-10-12', 637),
(1637, 1, '2024-02-13', '2024-02-14', 314),
(1638, 2, '2024-02-14', '2024-02-16', 932),
(1639, 1, '2024-07-03', '2024-07-04', 1590),
(1640, 1, '2024-07-10', '2024-07-11', 1162),
(1641, 2, '2024-06-28', '2024-06-30', 123),
(1642, 2, '2024-07-11', '2024-07-13', 1359),
(1643, 2, '2024-05-03', '2024-05-05', 1577),
(1644, 2, '2024-10-26', '2024-10-28', 1964),
(1645, 2, '2024-01-03', '2024-01-05', 134),
(1646, 2, '2024-07-03', '2024-07-05', 1524),
(1647, 2, '2024-09-26', '2024-09-28', 298),
(1648, 2, '2024-08-01', '2024-08-03', 1580),
(1649, 1, '2024-12-02', '2024-12-03', 859),
(1650, 2, '2024-11-25', '2024-11-27', 864),
(1651, 1, '2024-09-21', '2024-09-22', 179),
(1652, 2, '2024-07-13', '2024-07-15', 406),
(1653, 2, '2024-11-24', '2024-11-26', 645),
(1654, 2, '2024-04-13', '2024-04-15', 505),
(1655, 2, '2024-11-19', '2024-11-21', 1080),
(1656, 1, '2024-10-21', '2024-10-22', 910),
(1657, 2, '2024-11-15', '2024-11-17', 875),
(1658, 1, '2024-03-19', '2024-03-20', 971),
(1659, 2, '2024-10-26', '2024-10-28', 1218),
(1660, 2, '2024-10-22', '2024-10-24', 337),
(1661, 2, '2024-07-23', '2024-07-25', 731),
(1662, 2, '2024-03-22', '2024-03-24', 411),
(1663, 2, '2024-03-28', '2024-03-30', 1213),
(1664, 2, '2024-03-03', '2024-03-05', 333),
(1665, 2, '2024-03-27', '2024-03-29', 1750),
(1666, 1, '2024-08-19', '2024-08-20', 1003),
(1667, 2, '2024-03-19', '2024-03-21', 774),
(1668, 2, '2024-09-20', '2024-09-22', 1010),
(1669, 2, '2024-01-25', '2024-01-27', 991),
(1670, 2, '2024-06-26', '2024-06-28', 439),
(1671, 1, '2024-09-09', '2024-09-10', 1264),
(1672, 2, '2024-02-12', '2024-02-14', 790),
(1673, 2, '2024-04-07', '2024-04-09', 1614),
(1674, 1, '2024-12-14', '2024-12-15', 62),
(1675, 2, '2024-04-06', '2024-04-08', 486),
(1676, 2, '2024-09-13', '2024-09-15', 1170),
(1677, 2, '2024-12-11', '2024-12-13', 580),
(1678, 1, '2024-04-26', '2024-04-27', 1351),
(1679, 1, '2024-10-15', '2024-10-16', 1648),
(1680, 1, '2024-06-10', '2024-06-11', 628),
(1681, 2, '2024-07-02', '2024-07-04', 1341),
(1682, 2, '2024-07-05', '2024-07-07', 845),
(1683, 1, '2024-07-11', '2024-07-12', 1065),
(1684, 1, '2024-09-18', '2024-09-19', 25),
(1685, 2, '2024-08-10', '2024-08-12', 1447),
(1686, 2, '2024-11-27', '2024-11-29', 78),
(1687, 1, '2024-08-09', '2024-08-10', 128),
(1688, 2, '2024-10-01', '2024-10-03', 947),
(1689, 2, '2024-12-07', '2024-12-09', 1761),
(1690, 1, '2024-11-12', '2024-11-13', 476),
(1691, 2, '2024-05-18', '2024-05-20', 1417),
(1692, 2, '2024-05-06', '2024-05-08', 1764),
(1693, 2, '2024-02-13', '2024-02-15', 444),
(1694, 2, '2024-04-15', '2024-04-17', 204),
(1695, 2, '2024-03-25', '2024-03-27', 1338),
(1696, 1, '2024-06-08', '2024-06-09', 160),
(1697, 2, '2024-06-19', '2024-06-21', 1563),
(1698, 1, '2024-04-16', '2024-04-17', 1232),
(1699, 1, '2024-04-06', '2024-04-07', 104),
(1700, 2, '2024-04-19', '2024-04-21', 640),
(1701, 1, '2024-08-20', '2024-08-21', 61),
(1702, 2, '2024-06-23', '2024-06-25', 1958),
(1703, 2, '2024-10-26', '2024-10-28', 1451),
(1704, 1, '2024-02-14', '2024-02-15', 1780),
(1705, 2, '2024-04-13', '2024-04-15', 1257),
(1706, 1, '2024-11-21', '2024-11-22', 520),
(1707, 2, '2024-06-22', '2024-06-24', 150),
(1708, 1, '2024-07-04', '2024-07-05', 1281),
(1709, 1, '2024-02-17', '2024-02-18', 849),
(1710, 2, '2024-03-25', '2024-03-27', 1713),
(1711, 1, '2024-07-27', '2024-07-28', 218),
(1712, 2, '2024-04-19', '2024-04-21', 1405),
(1713, 1, '2024-10-03', '2024-10-04', 764),
(1714, 2, '2024-06-15', '2024-06-17', 56),
(1715, 1, '2024-04-10', '2024-04-11', 1270),
(1716, 2, '2024-01-14', '2024-01-16', 766),
(1717, 1, '2024-04-02', '2024-04-03', 1426),
(1718, 2, '2024-06-21', '2024-06-23', 233),
(1719, 2, '2024-01-11', '2024-01-13', 82),
(1720, 2, '2024-08-23', '2024-08-25', 514),
(1721, 2, '2024-09-08', '2024-09-10', 1705),
(1722, 2, '2024-01-24', '2024-01-26', 309),
(1723, 2, '2024-03-19', '2024-03-21', 1570),
(1724, 2, '2024-01-04', '2024-01-06', 625),
(1725, 1, '2024-08-18', '2024-08-19', 542),
(1726, 1, '2024-05-15', '2024-05-16', 1901),
(1727, 1, '2024-07-07', '2024-07-08', 1411),
(1728, 2, '2024-06-24', '2024-06-26', 524),
(1729, 2, '2024-11-07', '2024-11-09', 945),
(1730, 2, '2024-07-14', '2024-07-16', 135),
(1731, 1, '2024-10-02', '2024-10-03', 1869),
(1732, 1, '2024-07-15', '2024-07-16', 320),
(1733, 2, '2024-05-15', '2024-05-17', 890),
(1734, 1, '2024-10-19', '2024-10-20', 1965),
(1735, 2, '2024-10-16', '2024-10-18', 489),
(1736, 1, '2024-07-19', '2024-07-20', 1473),
(1737, 2, '2024-12-8', '2024-12-10', 1112),
(1738, 2, '2024-10-03', '2024-10-05', 497),
(1739, 1, '2024-12-02', '2024-12-03', 879),
(1740, 2, '2024-01-07', '2024-01-09', 1151),
(1741, 2, '2024-10-17', '2024-10-19', 1583),
(1742, 1, '2024-08-12', '2024-08-13', 949),
(1743, 1, '2024-09-14', '2024-09-15', 836),
(1744, 1, '2024-01-01', '2024-01-02', 1585),
(1745, 1, '2024-03-28', '2024-03-29', 756),
(1746, 2, '2024-01-17', '2024-01-19', 1316),
(1747, 2, '2024-06-28', '2024-06-30', 226),
(1748, 1, '2024-04-25', '2024-04-26', 1686),
(1749, 1, '2024-06-12', '2024-06-13', 1099),
(1750, 1, '2024-08-12', '2024-08-13', 1054),
(1751, 2, '2024-06-15', '2024-06-17', 811),
(1752, 2, '2024-09-20', '2024-09-22', 1002),
(1753, 2, '2024-11-07', '2024-11-09', 67),
(1754, 2, '2024-05-14', '2024-05-16', 992),
(1755, 2, '2024-11-10', '2024-11-12', 195),
(1756, 1, '2024-09-21', '2024-09-22', 1183),
(1757, 1, '2024-07-12', '2024-07-13', 1500),
(1758, 1, '2024-03-26', '2024-03-27', 1235),
(1759, 1, '2024-08-05', '2024-08-06', 1254),
(1760, 1, '2024-05-26', '2024-05-27', 1849),
(1761, 2, '2024-12-15', NULL, 832),
(1762, 1, '2024-08-25', '2024-08-26', 1367),
(1763, 1, '2024-02-05', '2024-02-06', 1871),
(1764, 1, '2024-10-04', '2024-10-05', 1817),
(1765, 2, '2024-06-13', '2024-06-15', 307),
(1766, 2, '2024-05-09', '2024-05-11', 387),
(1767, 1, '2024-09-22', '2024-09-23', 316),
(1768, 2, '2024-04-22', '2024-04-24', 1073),
(1769, 1, '2024-09-27', '2024-09-28', 1784),
(1770, 2, '2024-05-19', '2024-05-21', 1710),
(1771, 1, '2024-09-26', '2024-09-27', 791),
(1772, 1, '2024-08-13', '2024-08-14', 705),
(1773, 2, '2024-12-07', '2024-12-09', 1719),
(1774, 1, '2024-11-17', '2024-11-18', 1307),
(1775, 1, '2024-09-08', '2024-09-09', 517),
(1776, 2, '2024-08-27', '2024-08-29', 747),
(1777, 1, '2024-04-04', '2024-04-05', 113),
(1778, 2, '2024-12-08', '2024-12-10', 946),
(1779, 1, '2024-09-17', '2024-09-18', 988),
(1780, 1, '2024-08-09', '2024-08-10', 147),
(1781, 2, '2024-12-02', '2024-12-04', 1785),
(1782, 1, '2024-12-05', '2024-12-06', 191),
(1783, 2, '2024-04-05', '2024-04-07', 1337),
(1784, 2, '2024-12-09', '2024-12-11', 1058),
(1785, 2, '2024-07-15', '2024-07-17', 347),
(1786, 1, '2024-04-28', '2024-04-29', 1271),
(1787, 2, '2024-12-11', '2024-12-13', 870),
(1788, 2, '2024-02-12', '2024-02-14', 1042),
(1789, 1, '2024-06-07', '2024-06-08', 1682),
(1790, 2, '2024-05-08', '2024-05-10', 12),
(1791, 1, '2024-02-28', '2024-02-29', 874),
(1792, 2, '2024-12-11', '2024-12-13', 1668),
(1793, 2, '2024-06-13', '2024-06-15', 1945),
(1794, 1, '2024-10-24', '2024-10-25', 1840),
(1795, 1, '2024-02-19', '2024-02-20', 278),
(1796, 2, '2024-12-07', '2024-12-09', 1632),
(1797, 1, '2024-05-23', '2024-05-24', 455),
(1798, 1, '2024-11-11', '2024-11-12', 1772),
(1799, 1, '2024-05-12', '2024-05-13', 121),
(1800, 2, '2024-09-13', '2024-09-15', 1727),
(1801, 1, '2024-07-07', '2024-07-08', 850),
(1802, 1, '2024-11-27', '2024-11-28', 1667),
(1803, 1, '2024-06-24', '2024-06-25', 1695),
(1804, 2, '2024-08-06', '2024-08-08', 1488),
(1805, 1, '2024-10-26', '2024-10-27', 202),
(1806, 2, '2024-07-13', '2024-07-15', 1130),
(1807, 2, '2024-05-27', '2024-05-29', 866),
(1808, 2, '2024-10-18', '2024-10-20', 544),
(1809, 1, '2024-10-01', '2024-10-02', 6),
(1810, 1, '2024-10-13', '2024-10-14', 1496),
(1811, 2, '2024-04-06', '2024-04-08', 560),
(1812, 2, '2024-06-05', '2024-06-07', 167),
(1813, 2, '2024-06-08', '2024-06-10', 899),
(1814, 1, '2024-12-08', '2024-12-09', 1051),
(1815, 2, '2024-10-20', '2024-10-22', 1263),
(1816, 2, '2024-05-08', '2024-05-10', 284),
(1817, 1, '2024-07-19', '2024-07-20', 1314),
(1818, 1, '2024-09-24', '2024-09-25', 1771),
(1819, 1, '2024-05-06', '2024-05-07', 507),
(1820, 2, '2024-07-02', '2024-07-04', 1825),
(1821, 2, '2024-03-24', '2024-03-26', 1149),
(1822, 1, '2024-06-14', '2024-06-15', 936),
(1823, 2, '2024-07-21', '2024-07-23', 1518),
(1824, 1, '2024-02-02', '2024-02-03', 1393),
(1825, 2, '2024-05-20', '2024-05-22', 432),
(1826, 1, '2024-08-23', '2024-08-24', 1878),
(1827, 2, '2024-12-6', '2024-12-8', 1532),
(1828, 2, '2024-02-17', '2024-02-19', 969),
(1829, 2, '2024-07-15', '2024-07-17', 816),
(1830, 2, '2024-09-18', '2024-09-20', 954),
(1831, 1, '2024-05-01', '2024-05-02', 168),
(1832, 1, '2024-09-24', '2024-09-25', 375),
(1833, 1, '2024-10-02', '2024-10-03', 1457),
(1834, 1, '2024-10-25', '2024-10-26', 1803),
(1835, 1, '2024-04-13', '2024-04-14', 1775),
(1836, 1, '2024-12-6', '2024-12-7', 461),
(1837, 1, '2024-01-11', '2024-01-12', 769),
(1838, 1, '2024-04-13', '2024-04-14', 378),
(1839, 2, '2024-03-15', '2024-03-17', 1035),
(1840, 1, '2024-01-08', '2024-01-09', 254),
(1841, 2, '2024-01-22', '2024-01-24', 132),
(1842, 1, '2024-01-05', '2024-01-06', 24),
(1843, 2, '2024-06-18', '2024-06-20', 1052),
(1844, 2, '2024-08-17', '2024-08-19', 1323),
(1845, 2, '2024-03-14', '2024-03-16', 43),
(1846, 2, '2024-04-19', '2024-04-21', 711),
(1847, 1, '2024-11-06', '2024-11-07', 655),
(1848, 1, '2024-02-08', '2024-02-09', 1900),
(1849, 1, '2024-07-14', '2024-07-15', 412),
(1850, 1, '2024-04-03', '2024-04-04', 733),
(1851, 2, '2024-07-17', '2024-07-19', 819),
(1852, 2, '2024-09-06', '2024-09-08', 238),
(1853, 1, '2024-09-15', '2024-09-16', 1375),
(1854, 2, '2024-05-23', '2024-05-25', 1681),
(1855, 1, '2024-10-26', '2024-10-27', 792),
(1856, 2, '2024-11-25', '2024-11-27', 1529),
(1857, 2, '2024-01-23', '2024-01-25', 678),
(1858, 2, '2024-12-01', '2024-12-03', 1090),
(1859, 1, '2024-12-5', '2024-12-6', 357),
(1860, 1, '2024-05-10', '2024-05-11', 1572),
(1861, 2, '2024-08-06', '2024-08-08', 1811),
(1862, 2, '2024-06-11', '2024-06-13', 525),
(1863, 2, '2024-01-04', '2024-01-06', 1062),
(1864, 1, '2024-10-17', '2024-10-18', 164),
(1865, 2, '2024-06-01', '2024-06-03', 1835),
(1866, 2, '2024-05-04', '2024-05-06', 1317),
(1867, 1, '2024-10-28', '2024-10-29', 38),
(1868, 1, '2024-06-09', '2024-06-10', 1699),
(1869, 2, '2024-03-23', '2024-03-25', 8),
(1870, 2, '2024-09-06', '2024-09-08', 511),
(1871, 1, '2024-08-03', '2024-08-04', 736),
(1872, 2, '2024-08-24', '2024-08-26', 1250),
(1873, 2, '2024-12-13', '2024-12-15', 738),
(1874, 1, '2024-05-28', '2024-05-29', 573),
(1875, 2, '2024-07-05', '2024-07-07', 405),
(1876, 1, '2024-03-06', '2024-03-07', 1117),
(1877, 1, '2024-10-09', '2024-10-10', 1683),
(1878, 1, '2024-06-26', '2024-06-27', 1267),
(1879, 1, '2024-01-03', '2024-01-04', 928),
(1880, 1, '2024-04-23', '2024-04-24', 88),
(1881, 1, '2024-06-23', '2024-06-24', 1717),
(1882, 2, '2024-06-25', '2024-06-27', 1083),
(1883, 1, '2024-04-15', '2024-04-16', 1617),
(1884, 1, '2024-06-19', '2024-06-20', 464),
(1885, 2, '2024-01-25', '2024-01-27', 1194),
(1886, 2, '2024-07-12', '2024-07-14', 39),
(1887, 2, '2024-07-08', '2024-07-10', 553),
(1888, 1, '2024-01-21', '2024-01-22', 205),
(1889, 1, '2024-09-09', '2024-09-10', 984),
(1890, 1, '2024-06-06', '2024-06-07', 1272),
(1891, 2, '2024-07-05', '2024-07-07', 237),
(1892, 2, '2024-10-25', '2024-10-27', 638),
(1893, 2, '2024-03-26', '2024-03-28', 1738),
(1894, 2, '2024-01-03', '2024-01-05', 200),
(1895, 2, '2024-11-12', '2024-11-14', 417),
(1896, 2, '2024-12-02', '2024-12-04', 1856),
(1897, 2, '2024-04-12', '2024-04-14', 77),
(1898, 1, '2024-09-22', '2024-09-23', 141),
(1899, 2, '2024-11-23', '2024-11-25', 1530),
(1900, 1, '2024-07-18', '2024-07-19', 562),
(1901, 2, '2024-10-28', '2024-10-30', 81),
(1902, 1, '2024-01-03', '2024-01-04', 855),
(1903, 2, '2024-04-07', '2024-04-09', 339),
(1904, 1, '2024-10-21', '2024-10-22', 257),
(1905, 1, '2024-11-22', '2024-11-23', 335),
(1906, 1, '2024-07-27', '2024-07-28', 957),
(1907, 1, '2024-02-05', '2024-02-06', 1658),
(1908, 1, '2024-04-08', '2024-04-09', 54),
(1909, 2, '2024-05-02', '2024-05-04', 129),
(1910, 1, '2024-06-20', '2024-06-21', 1919),
(1911, 1, '2024-02-11', '2024-02-12', 491),
(1912, 1, '2024-04-06', '2024-04-07', 326),
(1913, 1, '2024-12-08', '2024-12-09', 256),
(1914, 2, '2024-12-3', '2024-12-5', 1477),
(1915, 1, '2024-03-21', '2024-03-22', 970),
(1916, 1, '2024-01-24', '2024-01-25', 70),
(1917, 2, '2024-06-15', '2024-06-17', 1932),
(1918, 1, '2024-07-05', '2024-07-06', 977),
(1919, 2, '2024-08-25', '2024-08-27', 1801),
(1920, 2, '2024-01-01', '2024-01-03', 1294),
(1921, 2, '2024-10-08', '2024-10-10', 1420),
(1922, 1, '2024-10-10', '2024-10-11', 787),
(1923, 1, '2024-12-5', '2024-12-6', 1999),
(1924, 2, '2024-06-28', '2024-06-30', 693),
(1925, 1, '2024-03-01', '2024-03-02', 1930),
(1926, 1, '2024-05-10', '2024-05-11', 796),
(1927, 2, '2024-10-21', '2024-10-23', 1555),
(1928, 1, '2024-01-08', '2024-01-09', 983),
(1929, 2, '2024-07-24', '2024-07-26', 1511),
(1930, 2, '2024-11-28', '2024-11-30', 962),
(1931, 2, '2024-04-08', '2024-04-10', 964),
(1932, 2, '2024-11-03', '2024-11-05', 1947),
(1933, 2, '2024-03-02', '2024-03-04', 1652),
(1934, 1, '2024-06-17', '2024-06-18', 1935),
(1935, 2, '2024-03-04', '2024-03-06', 288),
(1936, 2, '2024-04-02', '2024-04-04', 312),
(1937, 1, '2024-05-28', '2024-05-29', 1991),
(1938, 1, '2024-10-23', '2024-10-24', 201),
(1939, 2, '2024-12-04', '2024-12-06', 893),
(1940, 1, '2024-12-12', '2024-12-13', 1723),
(1941, 2, '2024-10-01', '2024-10-03', 863),
(1942, 1, '2024-03-02', '2024-03-03', 1952),
(1943, 1, '2024-12-09', '2024-12-10', 547),
(1944, 1, '2024-06-02', '2024-06-03', 661),
(1945, 1, '2024-06-21', '2024-06-22', 608),
(1946, 1, '2024-03-03', '2024-03-04', 1631),
(1947, 2, '2024-09-24', '2024-09-26', 176),
(1948, 2, '2024-10-04', '2024-10-06', 324),
(1949, 1, '2024-05-03', '2024-05-04', 995),
(1950, 1, '2024-11-24', '2024-11-25', 834),
(1951, 1, '2024-12-3', '2024-12-4', 592),
(1952, 2, '2024-01-05', '2024-01-07', 1535),
(1953, 1, '2024-04-18', '2024-04-19', 59),
(1954, 1, '2024-11-25', '2024-11-26', 574),
(1955, 1, '2024-01-23', '2024-01-24', 1618),
(1956, 2, '2024-02-22', '2024-02-24', 1921),
(1957, 1, '2024-08-17', '2024-08-18', 541),
(1958, 1, '2024-05-28', '2024-05-29', 1665),
(1959, 1, '2024-11-23', '2024-11-24', 213),
(1960, 1, '2024-04-10', '2024-04-11', 1967),
(1961, 2, '2024-03-09', '2024-03-11', 822),
(1962, 2, '2024-10-08', '2024-10-10', 274),
(1963, 1, '2024-05-09', '2024-05-10', 1138),
(1964, 1, '2024-12-11', '2024-12-12', 1026),
(1965, 2, '2024-10-14', '2024-10-16', 721),
(1966, 2, '2024-05-13', '2024-05-15', 198),
(1967, 1, '2024-01-14', '2024-01-15', 550),
(1968, 1, '2024-06-06', '2024-06-07', 1702),
(1969, 2, '2024-05-06', '2024-05-08', 1637),
(1970, 2, '2024-12-8', '2024-12-10', 935),
(1971, 2, '2024-11-08', '2024-11-10', 281),
(1972, 2, '2024-03-25', '2024-03-27', 588),
(1973, 2, '2024-08-27', '2024-08-29', 1504),
(1974, 1, '2024-09-18', '2024-09-19', 1698),
(1975, 2, '2024-09-25', '2024-09-27', 527),
(1976, 2, '2024-10-27', '2024-10-29', 1985),
(1977, 2, '2024-04-26', '2024-04-28', 543),
(1978, 1, '2024-08-18', '2024-08-19', 763),
(1979, 2, '2024-05-01', '2024-05-03', 153),
(1980, 1, '2024-09-01', '2024-09-02', 305),
(1981, 2, '2024-07-08', '2024-07-10', 531),
(1982, 2, '2024-10-10', '2024-10-12', 1800),
(1983, 2, '2024-12-3', '2024-12-5', 1815),
(1984, 1, '2024-01-27', '2024-01-28', 1097),
(1985, 2, '2024-10-20', '2024-10-22', 1939),
(1986, 1, '2024-10-15', '2024-10-16', 111),
(1987, 2, '2024-01-24', '2024-01-26', 1053),
(1988, 2, '2024-09-24', '2024-09-26', 604),
(1989, 1, '2024-10-21', '2024-10-22', 1222),
(1990, 1, '2024-02-13', '2024-02-14', 1550),
(1991, 2, '2024-09-01', '2024-09-03', 1237),
(1992, 1, '2024-11-26', '2024-11-27', 1726),
(1993, 2, '2024-02-25', '2024-02-27', 1116),
(1994, 1, '2024-08-08', '2024-08-09', 1343),
(1995, 2, '2024-07-19', '2024-07-21', 1776),
(1996, 1, '2024-09-11', '2024-09-12', 1431),
(1997, 1, '2024-10-22', '2024-10-23', 1832),
(1998, 2, '2024-06-05', '2024-06-07', 1598),
(1999, 1, '2024-10-12', '2024-10-13', 449);

INSERT INTO Items (Items_ID, Items_Unit, Items_Services_ID, Items_Orders_ID)
VALUES
(0, 1, 2, 755),
(1, 5, 2, 1383),
(2, 5, 2, 1455),
(3, 3, 0, 1225),
(4, 3, 0, 1389),
(5, 2, 0, 264),
(6, 2, 1, 450),
(7, 4, 2, 601),
(8, 2, 0, 839),
(9, 3, 1, 145),
(10, 4, 0, 1878),
(11, 5, 2, 1231),
(12, 4, 0, 1756),
(13, 1, 2, 693),
(14, 5, 2, 958),
(15, 4, 0, 580),
(16, 1, 0, 845),
(17, 2, 2, 349),
(18, 5, 1, 442),
(19, 5, 2, 1296),
(20, 2, 1, 1692),
(21, 5, 1, 1951),
(22, 5, 1, 1320),
(23, 3, 0, 124),
(24, 2, 0, 1008),
(25, 5, 0, 1399),
(26, 1, 2, 803),
(27, 5, 1, 1017),
(28, 2, 1, 467),
(29, 2, 1, 374),
(30, 5, 1, 572),
(31, 1, 1, 469),
(32, 4, 0, 1400),
(33, 5, 1, 1362),
(34, 5, 0, 1885),
(35, 3, 2, 422),
(36, 2, 1, 278),
(37, 5, 1, 1911),
(38, 2, 2, 361),
(39, 4, 1, 1941),
(40, 4, 2, 660),
(41, 3, 1, 1931),
(42, 5, 2, 1802),
(43, 3, 0, 736),
(44, 5, 0, 754),
(45, 3, 2, 1444),
(46, 5, 0, 415),
(47, 2, 1, 1463),
(48, 1, 1, 1351),
(49, 4, 1, 1583),
(50, 5, 1, 1290),
(51, 4, 0, 1174),
(52, 1, 1, 65),
(53, 4, 0, 1918),
(54, 5, 0, 1415),
(55, 3, 0, 317),
(56, 3, 2, 509),
(57, 3, 2, 1945),
(58, 1, 1, 84),
(59, 4, 0, 691),
(60, 5, 0, 123),
(61, 4, 2, 217),
(62, 5, 2, 650),
(63, 1, 2, 704),
(64, 4, 0, 694),
(65, 5, 1, 1154),
(66, 4, 0, 1598),
(67, 3, 0, 556),
(68, 4, 2, 515),
(69, 3, 2, 1485),
(70, 4, 1, 3),
(71, 3, 1, 976),
(72, 5, 2, 219),
(73, 3, 0, 1095),
(74, 4, 1, 388),
(75, 4, 1, 468),
(76, 5, 1, 1915),
(77, 2, 2, 901),
(78, 1, 0, 721),
(79, 3, 1, 1152),
(80, 4, 1, 152),
(81, 4, 0, 307),
(82, 5, 1, 1076),
(83, 3, 1, 1239),
(84, 2, 1, 1582),
(85, 2, 2, 1085),
(86, 2, 0, 1346),
(87, 4, 2, 280),
(88, 4, 0, 396),
(89, 2, 0, 463),
(90, 4, 1, 1090),
(91, 2, 2, 485),
(92, 5, 2, 1319),
(93, 4, 2, 1835),
(94, 5, 1, 1737),
(95, 4, 2, 86),
(96, 5, 0, 50),
(97, 3, 0, 1660),
(98, 3, 1, 1927),
(99, 3, 2, 1089),
(100, 2, 2, 1829),
(101, 3, 2, 155),
(102, 4, 2, 242),
(103, 2, 2, 683),
(104, 1, 2, 1771),
(105, 3, 2, 1295),
(106, 4, 0, 1330),
(107, 2, 0, 832),
(108, 4, 0, 1078),
(109, 2, 2, 1274),
(110, 3, 1, 1045),
(111, 2, 0, 1365),
(112, 2, 1, 216),
(113, 5, 1, 1081),
(114, 3, 0, 430),
(115, 3, 1, 1984),
(116, 4, 0, 667),
(117, 2, 1, 981),
(118, 2, 2, 1584),
(119, 4, 0, 645),
(120, 5, 0, 1395),
(121, 4, 1, 195),
(122, 1, 2, 1228),
(123, 1, 2, 1277),
(124, 1, 2, 238),
(125, 1, 2, 943),
(126, 4, 2, 588),
(127, 1, 0, 1150),
(128, 1, 2, 734),
(129, 3, 1, 1717),
(130, 2, 0, 1500),
(131, 3, 2, 1721),
(132, 3, 2, 525),
(133, 3, 0, 1867),
(134, 5, 0, 550),
(135, 4, 1, 775),
(136, 3, 0, 1284),
(137, 4, 0, 1772),
(138, 5, 2, 1347),
(139, 2, 1, 1055),
(140, 3, 1, 1456),
(141, 3, 2, 949),
(142, 3, 1, 377),
(143, 1, 0, 1784),
(144, 2, 1, 1690),
(145, 2, 1, 1113),
(146, 4, 2, 131),
(147, 4, 0, 1854),
(148, 1, 0, 1162),
(149, 1, 0, 201),
(150, 4, 2, 1886),
(151, 4, 2, 470),
(152, 2, 2, 661),
(153, 4, 1, 298),
(154, 1, 2, 1521),
(155, 3, 2, 767),
(156, 2, 2, 77),
(157, 2, 1, 271),
(158, 4, 2, 1973),
(159, 3, 0, 401),
(160, 5, 2, 1679),
(161, 1, 2, 1164),
(162, 5, 1, 100),
(163, 3, 0, 1450),
(164, 5, 2, 864),
(165, 1, 2, 946),
(166, 2, 0, 367),
(167, 1, 2, 1666),
(168, 3, 2, 1267),
(169, 2, 0, 499),
(170, 4, 1, 681),
(171, 4, 0, 95),
(172, 2, 2, 1217),
(173, 4, 2, 1499),
(174, 5, 1, 855),
(175, 1, 2, 1796),
(176, 4, 1, 798),
(177, 4, 0, 1733),
(178, 4, 0, 987),
(179, 1, 2, 1569),
(180, 4, 1, 1392),
(181, 5, 2, 980),
(182, 4, 0, 582),
(183, 3, 2, 1577),
(184, 1, 2, 174),
(185, 3, 2, 1502),
(186, 5, 0, 1458),
(187, 2, 1, 1813),
(188, 5, 1, 899),
(189, 2, 0, 1117),
(190, 5, 2, 1263),
(191, 1, 2, 1570),
(192, 2, 2, 1293),
(193, 5, 2, 117),
(194, 5, 1, 1520),
(195, 4, 1, 1907),
(196, 5, 1, 814),
(197, 1, 2, 1384),
(198, 2, 2, 530),
(199, 1, 1, 1923),
(200, 3, 0, 423),
(201, 4, 2, 1674),
(202, 3, 2, 390),
(203, 1, 0, 1079),
(204, 3, 1, 319),
(205, 4, 1, 1749),
(206, 1, 0, 997),
(207, 2, 1, 1223),
(208, 2, 1, 1785),
(209, 1, 0, 1755),
(210, 2, 1, 1028),
(211, 5, 2, 1548),
(212, 4, 2, 58),
(213, 3, 0, 1243),
(214, 1, 0, 539),
(215, 2, 2, 358),
(216, 3, 0, 1023),
(217, 4, 0, 998),
(218, 3, 2, 1812),
(219, 2, 2, 1591),
(220, 5, 1, 186),
(221, 2, 2, 1547),
(222, 4, 1, 673),
(223, 4, 0, 1357),
(224, 5, 2, 236),
(225, 5, 0, 1608),
(226, 4, 1, 1221),
(227, 4, 2, 29),
(228, 3, 1, 640),
(229, 2, 1, 695),
(230, 5, 1, 1146),
(231, 1, 0, 984),
(232, 5, 1, 648),
(233, 4, 2, 1980),
(234, 5, 2, 1466),
(235, 3, 1, 53),
(236, 4, 0, 1646),
(237, 4, 1, 1187),
(238, 3, 0, 587),
(239, 4, 0, 1311),
(240, 5, 1, 162),
(241, 5, 1, 1435),
(242, 5, 2, 1030),
(243, 2, 1, 1568),
(244, 3, 0, 1807),
(245, 2, 1, 1714),
(246, 2, 2, 942),
(247, 4, 2, 395),
(248, 4, 2, 256),
(249, 5, 0, 1790),
(250, 2, 0, 1468),
(251, 5, 0, 1371),
(252, 2, 2, 733),
(253, 3, 0, 1031),
(254, 2, 0, 1808),
(255, 3, 2, 1375),
(256, 2, 2, 625),
(257, 1, 1, 228),
(258, 4, 1, 1437),
(259, 3, 2, 725),
(260, 1, 0, 1208),
(261, 4, 2, 521),
(262, 2, 1, 241),
(263, 5, 1, 1179),
(264, 2, 1, 136),
(265, 1, 1, 120),
(266, 4, 0, 304),
(267, 5, 2, 94),
(268, 1, 1, 1253),
(269, 2, 2, 1141),
(270, 3, 0, 1428),
(271, 2, 1, 911),
(272, 2, 0, 1367),
(273, 2, 0, 804),
(274, 3, 1, 231),
(275, 2, 2, 9),
(276, 5, 0, 61),
(277, 5, 0, 1668),
(278, 1, 1, 843),
(279, 4, 1, 1708),
(280, 5, 0, 35),
(281, 3, 2, 1328),
(282, 1, 0, 712),
(283, 4, 0, 1969),
(284, 1, 2, 1649),
(285, 1, 0, 829),
(286, 4, 1, 1480),
(287, 1, 2, 45),
(288, 3, 0, 1424),
(289, 5, 1, 858),
(290, 1, 1, 314),
(291, 3, 1, 853),
(292, 4, 0, 512),
(293, 5, 0, 73),
(294, 2, 2, 1157),
(295, 2, 1, 1207),
(296, 3, 0, 1672),
(297, 3, 0, 83),
(298, 2, 2, 1806),
(299, 1, 2, 1874),
(300, 5, 0, 1309),
(301, 2, 2, 1464),
(302, 5, 1, 671),
(303, 1, 2, 502),
(304, 4, 0, 406),
(305, 1, 2, 935),
(306, 4, 1, 1512),
(307, 2, 2, 1634),
(308, 3, 0, 879),
(309, 2, 2, 741),
(310, 5, 1, 728),
(311, 3, 0, 1957),
(312, 3, 0, 944),
(313, 4, 0, 771),
(314, 1, 2, 1716),
(315, 5, 0, 335),
(316, 1, 2, 977),
(317, 5, 1, 1873),
(318, 2, 1, 1699),
(319, 4, 0, 129),
(320, 1, 1, 930),
(321, 1, 1, 13),
(322, 2, 1, 1478),
(323, 5, 2, 1414),
(324, 3, 0, 1580),
(325, 5, 2, 564),
(326, 5, 0, 1482),
(327, 1, 2, 1658),
(328, 1, 2, 213),
(329, 4, 0, 1855),
(330, 2, 2, 1826),
(331, 1, 0, 1047),
(332, 2, 2, 1947),
(333, 5, 1, 116),
(334, 5, 0, 1976),
(335, 1, 1, 431),
(336, 1, 2, 1615),
(337, 5, 2, 1238),
(338, 2, 1, 874),
(339, 1, 2, 1665),
(340, 2, 1, 1387),
(341, 2, 0, 1065),
(342, 2, 2, 432),
(343, 4, 1, 427),
(344, 4, 2, 1227),
(345, 4, 1, 1814),
(346, 5, 0, 950),
(347, 4, 1, 887),
(348, 5, 1, 1438),
(349, 4, 2, 621),
(350, 1, 1, 1369),
(351, 4, 0, 1125),
(352, 4, 2, 575),
(353, 3, 2, 1896),
(354, 4, 1, 393),
(355, 5, 0, 1200),
(356, 3, 0, 1131),
(357, 5, 0, 1917),
(358, 1, 0, 876),
(359, 5, 0, 1535),
(360, 5, 1, 34),
(361, 2, 2, 360),
(362, 2, 0, 457),
(363, 5, 0, 682),
(364, 3, 2, 226),
(365, 1, 2, 1952),
(366, 4, 0, 1884),
(367, 3, 0, 994),
(368, 2, 0, 1842),
(369, 1, 2, 1147),
(370, 1, 1, 641),
(371, 5, 1, 522),
(372, 4, 0, 1484),
(373, 2, 1, 1041),
(374, 3, 2, 566),
(375, 2, 0, 859),
(376, 5, 2, 1342),
(377, 4, 0, 1650),
(378, 1, 1, 1881),
(379, 5, 1, 411),
(380, 2, 0, 1685),
(381, 5, 2, 964),
(382, 1, 0, 1306),
(383, 4, 0, 478),
(384, 1, 0, 1594),
(385, 2, 1, 270),
(386, 2, 2, 1642),
(387, 4, 0, 255),
(388, 4, 1, 1398),
(389, 1, 0, 1292),
(390, 2, 1, 1283),
(391, 1, 1, 178),
(392, 1, 2, 822),
(393, 3, 0, 1382),
(394, 2, 2, 1198),
(395, 1, 2, 960),
(396, 4, 0, 1693),
(397, 3, 0, 611),
(398, 4, 1, 1723),
(399, 2, 1, 544),
(400, 5, 0, 306),
(401, 5, 1, 1681),
(402, 3, 0, 1611),
(403, 4, 0, 1454),
(404, 2, 2, 1302),
(405, 4, 1, 246),
(406, 4, 1, 1403),
(407, 4, 0, 1616),
(408, 3, 0, 1575),
(409, 5, 2, 1488),
(410, 5, 0, 41),
(411, 2, 1, 1823),
(412, 4, 1, 11),
(413, 5, 1, 1467),
(414, 2, 0, 558),
(415, 1, 1, 59),
(416, 2, 0, 867),
(417, 4, 0, 107),
(418, 2, 2, 1169),
(419, 3, 1, 825),
(420, 1, 1, 1436),
(421, 3, 2, 354),
(422, 1, 0, 157),
(423, 2, 1, 1875),
(424, 5, 1, 1410),
(425, 5, 0, 476),
(426, 5, 1, 1276),
(427, 3, 2, 656),
(428, 1, 1, 848),
(429, 4, 0, 1789),
(430, 5, 1, 1481),
(431, 1, 2, 1743),
(432, 3, 1, 1128),
(433, 5, 0, 295),
(434, 3, 0, 554),
(435, 4, 2, 1349),
(436, 1, 2, 882),
(437, 2, 2, 1530),
(438, 3, 0, 1001),
(439, 2, 2, 471),
(440, 2, 1, 1077),
(441, 4, 1, 773),
(442, 5, 2, 699),
(443, 2, 0, 1562),
(444, 3, 0, 1766),
(445, 2, 0, 1046),
(446, 2, 2, 1770),
(447, 3, 2, 924),
(448, 2, 1, 1824),
(449, 2, 2, 965),
(450, 4, 2, 1407),
(451, 3, 0, 1014),
(452, 2, 2, 1788),
(453, 1, 2, 249),
(454, 4, 1, 62),
(455, 3, 0, 1505),
(456, 2, 2, 1768),
(457, 3, 0, 1554),
(458, 2, 2, 433),
(459, 3, 0, 33),
(460, 3, 1, 538),
(461, 1, 1, 385),
(462, 3, 0, 898),
(463, 2, 2, 1183),
(464, 1, 0, 1567),
(465, 5, 1, 1087),
(466, 3, 0, 30),
(467, 4, 2, 1370),
(468, 3, 2, 662),
(469, 3, 0, 1350),
(470, 3, 0, 1609),
(471, 1, 2, 1049),
(472, 4, 0, 1434),
(473, 4, 1, 1233),
(474, 4, 0, 1651),
(475, 4, 2, 477),
(476, 2, 0, 1632),
(477, 4, 2, 1034),
(478, 1, 1, 1774),
(479, 2, 2, 1490),
(480, 2, 1, 1493),
(481, 1, 2, 622),
(482, 1, 2, 1697),
(483, 4, 0, 989),
(484, 5, 0, 1546),
(485, 2, 2, 1638),
(486, 4, 1, 619),
(487, 1, 0, 869),
(488, 1, 2, 283),
(489, 1, 1, 1601),
(490, 3, 2, 1722),
(491, 3, 0, 1610),
(492, 5, 0, 1889),
(493, 4, 0, 813),
(494, 4, 2, 1620),
(495, 3, 2, 1968),
(496, 1, 0, 1899),
(497, 1, 2, 1961),
(498, 2, 0, 542),
(499, 5, 0, 1483),
(500, 1, 2, 1336),
(501, 3, 0, 907),
(502, 3, 0, 269),
(503, 4, 2, 436),
(504, 5, 0, 1298),
(505, 1, 0, 742),
(506, 3, 0, 1740),
(507, 4, 2, 1009),
(508, 3, 1, 1269),
(509, 4, 2, 1475),
(510, 1, 0, 487),
(511, 3, 0, 1043),
(512, 4, 0, 1088),
(513, 4, 1, 27),
(514, 1, 0, 324),
(515, 2, 2, 1201),
(516, 4, 2, 1052),
(517, 4, 2, 1727),
(518, 3, 2, 1678),
(519, 4, 2, 643),
(520, 4, 1, 10),
(521, 2, 1, 1462),
(522, 5, 1, 42),
(523, 2, 1, 105),
(524, 2, 0, 322),
(525, 4, 0, 716),
(526, 3, 0, 1386),
(527, 4, 2, 461),
(528, 1, 1, 225),
(529, 1, 0, 1844),
(530, 2, 2, 435),
(531, 3, 2, 533),
(532, 3, 0, 1882),
(533, 5, 0, 1003),
(534, 4, 2, 127),
(535, 4, 2, 1523),
(536, 2, 2, 507),
(537, 4, 1, 1098),
(538, 1, 0, 1071),
(539, 5, 2, 1205),
(540, 1, 1, 108),
(541, 1, 2, 1596),
(542, 2, 1, 541),
(543, 4, 0, 480),
(544, 2, 2, 1877),
(545, 5, 0, 1541),
(546, 4, 1, 1294),
(547, 1, 1, 71),
(548, 4, 0, 1516),
(549, 5, 2, 1236),
(550, 5, 0, 1329),
(551, 3, 2, 1661),
(552, 5, 0, 479),
(553, 3, 0, 47),
(554, 3, 2, 1234),
(555, 5, 0, 425),
(556, 1, 1, 751),
(557, 5, 2, 817),
(558, 4, 0, 387),
(559, 1, 2, 1865),
(560, 4, 2, 1096),
(561, 2, 0, 1513),
(562, 3, 1, 770),
(563, 5, 0, 778),
(564, 5, 2, 1029),
(565, 4, 1, 698),
(566, 3, 1, 1883),
(567, 5, 1, 1552),
(568, 5, 2, 1145),
(569, 3, 2, 1037),
(570, 1, 1, 768),
(571, 4, 0, 1445),
(572, 2, 2, 104),
(573, 3, 1, 1654),
(574, 4, 0, 1864),
(575, 3, 0, 1129),
(576, 4, 0, 1075),
(577, 4, 2, 1091),
(578, 3, 2, 1544),
(579, 3, 1, 1777),
(580, 5, 1, 1168),
(581, 4, 0, 1757),
(582, 5, 0, 1044),
(583, 4, 1, 1226),
(584, 3, 0, 731),
(585, 5, 0, 1185),
(586, 3, 0, 1142),
(587, 1, 1, 1890),
(588, 2, 0, 1010),
(589, 5, 0, 1067),
(590, 3, 0, 1758),
(591, 4, 0, 1165),
(592, 4, 1, 1026),
(593, 4, 1, 672),
(594, 5, 1, 1390),
(595, 3, 1, 215),
(596, 2, 0, 330),
(597, 1, 0, 211),
(598, 2, 0, 1825),
(599, 5, 0, 114),
(600, 3, 0, 386),
(601, 3, 2, 1990),
(602, 1, 2, 137),
(603, 4, 2, 1719),
(604, 2, 1, 971),
(605, 4, 2, 184),
(606, 2, 1, 1374),
(607, 1, 1, 557),
(608, 4, 0, 1297),
(609, 3, 2, 370),
(610, 5, 2, 945),
(611, 4, 2, 528),
(612, 1, 0, 458),
(613, 1, 2, 547),
(614, 5, 1, 1574),
(615, 2, 0, 1861),
(616, 4, 0, 1105),
(617, 1, 1, 634),
(618, 5, 2, 789),
(619, 2, 0, 1237),
(620, 5, 1, 1895),
(621, 2, 0, 1120),
(622, 4, 0, 972),
(623, 1, 1, 1322),
(624, 1, 1, 1783),
(625, 3, 2, 1527),
(626, 4, 1, 921),
(627, 1, 0, 761),
(628, 3, 2, 1819),
(629, 4, 1, 1106),
(630, 2, 1, 1245),
(631, 1, 0, 1022),
(632, 3, 0, 1317),
(633, 2, 0, 224),
(634, 4, 2, 1254),
(635, 3, 1, 1421),
(636, 3, 1, 1473),
(637, 5, 1, 333),
(638, 5, 0, 70),
(639, 1, 0, 703),
(640, 1, 2, 1606),
(641, 2, 2, 1639),
(642, 4, 0, 473),
(643, 1, 0, 1925),
(644, 3, 1, 180),
(645, 4, 1, 312),
(646, 5, 2, 81),
(647, 1, 0, 336),
(648, 5, 0, 285),
(649, 4, 0, 689),
(650, 3, 0, 1220),
(651, 2, 0, 1932),
(652, 5, 1, 439),
(653, 5, 2, 1190),
(654, 3, 0, 1300),
(655, 4, 2, 1335),
(656, 3, 2, 577),
(657, 4, 2, 173),
(658, 4, 2, 1982),
(659, 1, 2, 1983),
(660, 3, 1, 327),
(661, 3, 2, 74),
(662, 4, 1, 837),
(663, 3, 2, 760),
(664, 5, 0, 369),
(665, 2, 0, 1696),
(666, 2, 2, 1994),
(667, 1, 1, 1069),
(668, 2, 2, 1405),
(669, 1, 0, 182),
(670, 1, 0, 821),
(671, 3, 1, 1866),
(672, 4, 2, 232),
(673, 2, 0, 72),
(674, 4, 2, 1901),
(675, 5, 0, 844),
(676, 2, 0, 696),
(677, 1, 1, 1156),
(678, 4, 1, 1272),
(679, 1, 0, 518),
(680, 3, 0, 726),
(681, 1, 1, 419),
(682, 2, 2, 159),
(683, 1, 2, 1110),
(684, 5, 1, 966),
(685, 3, 0, 1510),
(686, 1, 1, 1605),
(687, 5, 1, 963),
(688, 4, 1, 1459),
(689, 4, 1, 1039),
(690, 2, 0, 1514),
(691, 1, 2, 1795),
(692, 4, 0, 185),
(693, 1, 0, 1705),
(694, 3, 1, 791),
(695, 1, 1, 1242),
(696, 2, 1, 1827),
(697, 4, 1, 1020),
(698, 5, 1, 888),
(699, 2, 1, 1964),
(700, 5, 0, 504),
(701, 3, 1, 531),
(702, 4, 0, 1246),
(703, 5, 1, 1559),
(704, 5, 1, 1735),
(705, 5, 0, 1652),
(706, 4, 0, 505),
(707, 1, 1, 66),
(708, 3, 2, 292),
(709, 2, 2, 787),
(710, 2, 1, 1363),
(711, 3, 2, 1101),
(712, 2, 2, 659),
(713, 3, 2, 294),
(714, 5, 1, 905),
(715, 5, 0, 1892),
(716, 4, 1, 772),
(717, 1, 0, 527),
(718, 5, 2, 746),
(719, 4, 0, 40),
(720, 2, 0, 1833),
(721, 2, 1, 346),
(722, 1, 0, 150),
(723, 3, 1, 1443),
(724, 4, 2, 1997),
(725, 3, 2, 1871),
(726, 3, 2, 1560),
(727, 3, 0, 757),
(728, 5, 1, 413),
(729, 3, 2, 63),
(730, 3, 2, 93),
(731, 2, 0, 723),
(732, 2, 2, 675),
(733, 4, 1, 1622),
(734, 2, 0, 1852),
(735, 3, 0, 1180),
(736, 1, 2, 1166),
(737, 5, 0, 2),
(738, 5, 1, 1526),
(739, 3, 0, 1624),
(740, 4, 0, 552),
(741, 3, 2, 279),
(742, 1, 1, 1184),
(743, 5, 1, 1093),
(744, 5, 0, 421),
(745, 3, 0, 840),
(746, 4, 0, 553),
(747, 3, 1, 894),
(748, 1, 0, 788),
(749, 4, 2, 1308),
(750, 4, 1, 147),
(751, 2, 2, 1937),
(752, 4, 1, 904),
(753, 3, 2, 1419),
(754, 2, 2, 1178),
(755, 1, 2, 218),
(756, 3, 1, 1603),
(757, 5, 0, 1953),
(758, 3, 2, 44),
(759, 3, 2, 941),
(760, 1, 0, 1126),
(761, 5, 0, 1361),
(762, 3, 0, 995),
(763, 2, 1, 534),
(764, 1, 0, 1061),
(765, 5, 1, 713),
(766, 1, 0, 1452),
(767, 2, 1, 589),
(768, 5, 0, 168),
(769, 5, 2, 1863),
(770, 3, 0, 1486),
(771, 1, 1, 1801),
(772, 5, 0, 156),
(773, 4, 1, 1121),
(774, 4, 2, 267),
(775, 1, 1, 52),
(776, 2, 0, 404),
(777, 1, 2, 1838),
(778, 5, 2, 1507),
(779, 1, 2, 1597),
(780, 3, 2, 1491),
(781, 2, 0, 1314),
(782, 3, 1, 769),
(783, 1, 0, 102),
(784, 5, 1, 1449),
(785, 2, 1, 1109),
(786, 3, 1, 957),
(787, 4, 0, 730),
(788, 5, 0, 331),
(789, 4, 2, 1628),
(790, 2, 1, 492),
(791, 1, 1, 209),
(792, 5, 1, 1401),
(793, 4, 1, 326),
(794, 4, 0, 526),
(795, 5, 2, 863),
(796, 2, 0, 953),
(797, 3, 2, 207),
(798, 5, 1, 1972),
(799, 2, 1, 8),
(800, 2, 1, 1108),
(801, 1, 0, 293),
(802, 1, 2, 1636),
(803, 3, 2, 1474),
(804, 1, 2, 1832),
(805, 3, 2, 745),
(806, 3, 1, 43),
(807, 2, 1, 610),
(808, 4, 2, 459),
(809, 2, 1, 1425),
(810, 1, 0, 1794),
(811, 2, 0, 121),
(812, 2, 0, 291),
(813, 5, 1, 1210),
(814, 3, 2, 196),
(815, 2, 2, 151),
(816, 1, 2, 1153),
(817, 4, 1, 1643),
(818, 2, 0, 368),
(819, 4, 1, 154),
(820, 4, 2, 282),
(821, 5, 0, 841),
(822, 3, 1, 491),
(823, 1, 0, 484),
(824, 1, 0, 831),
(825, 3, 0, 1027),
(826, 3, 1, 792),
(827, 4, 2, 524),
(828, 4, 1, 809),
(829, 4, 2, 1341),
(830, 3, 1, 15),
(831, 4, 1, 1836),
(832, 3, 2, 1133),
(833, 1, 1, 1018),
(834, 5, 0, 1707),
(835, 3, 0, 678),
(836, 5, 0, 1033),
(837, 3, 1, 1086),
(838, 3, 1, 1799),
(839, 3, 0, 766),
(840, 3, 0, 394),
(841, 5, 1, 1978),
(842, 2, 1, 1822),
(843, 2, 1, 296),
(844, 1, 2, 642),
(845, 2, 1, 1388),
(846, 2, 1, 355),
(847, 5, 0, 933),
(848, 1, 0, 1259),
(849, 1, 0, 1229),
(850, 3, 1, 1334),
(851, 1, 2, 1528),
(852, 3, 1, 875),
(853, 2, 1, 684),
(854, 3, 2, 1509),
(855, 5, 1, 158),
(856, 4, 1, 17),
(857, 1, 2, 536),
(858, 2, 0, 624),
(859, 1, 2, 893),
(860, 2, 0, 1573),
(861, 2, 0, 1232),
(862, 3, 0, 1787),
(863, 1, 1, 1307),
(864, 2, 0, 1529),
(865, 5, 1, 1590),
(866, 4, 1, 779),
(867, 4, 1, 1557),
(868, 1, 0, 1933),
(869, 1, 2, 372),
(870, 4, 2, 849),
(871, 2, 1, 1734),
(872, 4, 1, 1422),
(873, 4, 0, 1713),
(874, 2, 0, 912),
(875, 5, 1, 1840),
(876, 4, 1, 543),
(877, 4, 0, 594),
(878, 1, 0, 252),
(879, 1, 1, 687),
(880, 2, 1, 12),
(881, 3, 0, 535),
(882, 2, 0, 437),
(883, 2, 0, 391),
(884, 2, 2, 900),
(885, 3, 2, 969),
(886, 2, 0, 99),
(887, 3, 0, 1599),
(888, 3, 0, 1051),
(889, 2, 2, 1977),
(890, 4, 2, 1327),
(891, 1, 2, 690),
(892, 4, 2, 341),
(893, 2, 2, 936),
(894, 1, 1, 827),
(895, 3, 0, 812),
(896, 3, 0, 230),
(897, 2, 2, 1724),
(898, 2, 0, 1230),
(899, 1, 2, 688),
(900, 3, 2, 1671),
(901, 1, 0, 993),
(902, 2, 0, 1532),
(903, 1, 1, 856),
(904, 4, 1, 1891),
(905, 2, 1, 719),
(906, 2, 0, 1053),
(907, 5, 2, 720),
(908, 5, 2, 777),
(909, 1, 0, 1966),
(910, 5, 1, 1348),
(911, 3, 1, 1989),
(912, 1, 2, 286),
(913, 2, 2, 1830),
(914, 2, 1, 1186),
(915, 1, 1, 1299),
(916, 5, 2, 300),
(917, 1, 2, 382),
(918, 2, 1, 96),
(919, 5, 1, 446),
(920, 1, 0, 877),
(921, 5, 1, 1286),
(922, 2, 0, 1340),
(923, 5, 0, 1193),
(924, 5, 1, 1248),
(925, 4, 0, 1533),
(926, 3, 1, 1709),
(927, 4, 2, 630),
(928, 3, 2, 851),
(929, 4, 1, 206),
(930, 1, 0, 1821),
(931, 4, 2, 1191),
(932, 5, 2, 1005),
(933, 3, 2, 1703),
(934, 3, 1, 1604),
(935, 3, 0, 376),
(936, 3, 2, 872),
(937, 3, 1, 1396),
(938, 5, 1, 444),
(939, 4, 2, 709),
(940, 3, 2, 1745),
(941, 2, 1, 1888),
(942, 1, 1, 854),
(943, 2, 2, 1817),
(944, 3, 1, 700),
(945, 4, 1, 250),
(946, 3, 1, 884),
(947, 2, 0, 983),
(948, 1, 0, 1664),
(949, 3, 1, 929),
(950, 4, 2, 1910),
(951, 5, 0, 438),
(952, 4, 0, 82),
(953, 1, 2, 764),
(954, 2, 0, 938),
(955, 2, 1, 1816),
(956, 1, 1, 402),
(957, 1, 2, 1993),
(958, 3, 0, 1663),
(959, 5, 2, 1321),
(960, 4, 0, 571),
(961, 2, 2, 1343),
(962, 1, 2, 1958),
(963, 4, 0, 1847),
(964, 5, 1, 257),
(965, 2, 2, 1135),
(966, 2, 1, 258),
(967, 5, 1, 1192),
(968, 3, 1, 1122),
(969, 1, 1, 1059),
(970, 4, 2, 1987),
(971, 2, 0, 1305),
(972, 2, 0, 1732),
(973, 2, 0, 57),
(974, 4, 2, 133),
(975, 2, 0, 545),
(976, 3, 0, 810),
(977, 1, 1, 1912),
(978, 3, 2, 914),
(979, 2, 2, 489),
(980, 3, 0, 722),
(981, 5, 0, 1876),
(982, 5, 0, 1130),
(983, 1, 0, 328),
(984, 3, 1, 143),
(985, 3, 2, 1214),
(986, 2, 0, 429),
(987, 4, 1, 562),
(988, 1, 2, 570),
(989, 4, 0, 1333),
(990, 1, 1, 740),
(991, 1, 1, 204),
(992, 2, 1, 254),
(993, 2, 2, 233),
(994, 1, 0, 816),
(995, 1, 0, 1331),
(996, 5, 0, 379),
(997, 4, 2, 375),
(998, 1, 0, 309),
(999, 5, 0, 1905),
(1000, 2, 2, 165),
(1001, 4, 1, 1929),
(1002, 4, 0, 666),
(1003, 3, 2, 281),
(1004, 3, 1, 1572),
(1005, 5, 2, 166),
(1006, 1, 1, 838),
(1007, 4, 1, 628),
(1008, 1, 2, 560),
(1009, 2, 1, 351),
(1010, 1, 1, 1965),
(1011, 1, 1, 1429),
(1012, 2, 2, 1534),
(1013, 1, 1, 344),
(1014, 2, 2, 913),
(1015, 4, 1, 1954),
(1016, 4, 2, 800),
(1017, 1, 1, 1626),
(1018, 5, 1, 447),
(1019, 4, 0, 380),
(1020, 4, 2, 1949),
(1021, 2, 0, 243),
(1022, 3, 0, 1016),
(1023, 1, 2, 1167),
(1024, 1, 2, 329),
(1025, 1, 0, 1845),
(1026, 5, 0, 1057),
(1027, 4, 0, 1518),
(1028, 5, 1, 16),
(1029, 1, 0, 400),
(1030, 5, 2, 37),
(1031, 2, 1, 1511),
(1032, 2, 0, 1251),
(1033, 5, 0, 1015),
(1034, 2, 1, 758),
(1035, 3, 0, 1694),
(1036, 2, 2, 1536),
(1037, 1, 0, 737),
(1038, 1, 1, 916),
(1039, 5, 0, 1143),
(1040, 1, 1, 1177),
(1041, 2, 0, 1495),
(1042, 2, 1, 959),
(1043, 5, 2, 568),
(1044, 1, 2, 142),
(1045, 1, 1, 1409),
(1046, 3, 2, 727),
(1047, 1, 1, 1199),
(1048, 5, 0, 1224),
(1049, 4, 1, 274),
(1050, 1, 2, 1843),
(1051, 3, 2, 103),
(1052, 1, 2, 1585),
(1053, 3, 0, 917),
(1054, 4, 2, 1850),
(1055, 5, 0, 1869),
(1056, 1, 2, 1623),
(1057, 1, 1, 593),
(1058, 3, 1, 1064),
(1059, 3, 1, 1240),
(1060, 4, 1, 717),
(1061, 1, 2, 1426),
(1062, 2, 1, 287),
(1063, 5, 2, 111),
(1064, 5, 2, 1924),
(1065, 3, 1, 1127),
(1066, 2, 2, 579),
(1067, 4, 0, 801),
(1068, 4, 1, 1767),
(1069, 3, 0, 474),
(1070, 2, 1, 1700),
(1071, 2, 1, 1011),
(1072, 3, 1, 715),
(1073, 5, 2, 1496),
(1074, 4, 0, 343),
(1075, 2, 2, 1282),
(1076, 3, 0, 1629),
(1077, 3, 1, 134),
(1078, 4, 0, 245),
(1079, 1, 0, 1032),
(1080, 5, 2, 101),
(1081, 1, 2, 1264),
(1082, 1, 0, 1094),
(1083, 3, 0, 214),
(1084, 2, 0, 251),
(1085, 5, 0, 747),
(1086, 4, 1, 1206),
(1087, 4, 1, 36),
(1088, 2, 0, 26),
(1089, 3, 0, 1291),
(1090, 1, 1, 1670),
(1091, 3, 2, 676),
(1092, 1, 1, 1218),
(1093, 2, 0, 1786),
(1094, 1, 2, 1366),
(1095, 1, 1, 482),
(1096, 3, 2, 1116),
(1097, 2, 1, 711),
(1098, 2, 1, 602),
(1099, 2, 1, 1630),
(1100, 5, 0, 1904),
(1101, 1, 2, 1686),
(1102, 1, 0, 1377),
(1103, 1, 1, 495),
(1104, 3, 0, 420),
(1105, 4, 2, 585),
(1106, 2, 1, 1315),
(1107, 5, 1, 600),
(1108, 2, 0, 1035),
(1109, 1, 1, 453),
(1110, 3, 2, 365),
(1111, 2, 0, 498),
(1112, 3, 1, 1746),
(1113, 4, 1, 409),
(1114, 1, 1, 1543),
(1115, 1, 2, 1325),
(1116, 3, 0, 1289),
(1117, 5, 2, 39),
(1118, 2, 1, 253),
(1119, 3, 1, 1391),
(1120, 1, 0, 455),
(1121, 4, 0, 979),
(1122, 4, 0, 934),
(1123, 1, 1, 1364),
(1124, 3, 1, 1252),
(1125, 1, 1, 590),
(1126, 2, 2, 1848),
(1127, 3, 0, 1461),
(1128, 1, 0, 1497),
(1129, 5, 1, 1215),
(1130, 1, 1, 1579),
(1131, 1, 1, 1073),
(1132, 2, 2, 871),
(1133, 2, 0, 1809),
(1134, 2, 0, 113),
(1135, 2, 0, 1517),
(1136, 2, 0, 261),
(1137, 2, 2, 1991),
(1138, 2, 2, 680),
(1139, 2, 1, 1860),
(1140, 1, 1, 516),
(1141, 4, 2, 815),
(1142, 5, 0, 359),
(1143, 4, 2, 80),
(1144, 5, 2, 805),
(1145, 1, 2, 187),
(1146, 3, 1, 1862),
(1147, 1, 1, 1270),
(1148, 1, 2, 1137),
(1149, 5, 1, 1278),
(1150, 4, 2, 1655),
(1151, 1, 0, 1656),
(1152, 4, 1, 1494),
(1153, 2, 1, 668),
(1154, 5, 1, 920),
(1155, 3, 2, 584),
(1156, 5, 0, 847),
(1157, 4, 0, 1063),
(1158, 1, 0, 23),
(1159, 2, 1, 339),
(1160, 1, 2, 1025),
(1161, 4, 1, 906),
(1162, 2, 0, 1805),
(1163, 1, 1, 1446),
(1164, 1, 2, 148),
(1165, 3, 1, 1872),
(1166, 4, 2, 1140),
(1167, 4, 1, 188),
(1168, 5, 0, 1676),
(1169, 3, 2, 1112),
(1170, 5, 0, 1182),
(1171, 2, 0, 939),
(1172, 2, 0, 636),
(1173, 3, 0, 706),
(1174, 1, 1, 1373),
(1175, 3, 0, 826),
(1176, 2, 2, 598),
(1177, 3, 2, 1550),
(1178, 3, 1, 110),
(1179, 4, 1, 348),
(1180, 3, 1, 130),
(1181, 3, 1, 909),
(1182, 4, 0, 520),
(1183, 5, 1, 109),
(1184, 5, 1, 1542),
(1185, 3, 0, 248),
(1186, 4, 2, 578),
(1187, 4, 1, 1453),
(1188, 3, 0, 818),
(1189, 3, 2, 795),
(1190, 4, 1, 606),
(1191, 5, 1, 1625),
(1192, 1, 1, 170),
(1193, 2, 2, 1587),
(1194, 1, 1, 1118),
(1195, 1, 2, 836),
(1196, 5, 0, 1394),
(1197, 3, 2, 321),
(1198, 3, 0, 910),
(1199, 3, 0, 199),
(1200, 4, 2, 834),
(1201, 5, 0, 1531),
(1202, 4, 0, 490),
(1203, 5, 2, 1970),
(1204, 4, 0, 592),
(1205, 3, 0, 1612),
(1206, 1, 0, 235),
(1207, 1, 0, 1313),
(1208, 1, 2, 926),
(1209, 3, 2, 316),
(1210, 1, 1, 88),
(1211, 5, 1, 373),
(1212, 4, 2, 1508),
(1213, 4, 2, 38),
(1214, 1, 2, 1595),
(1215, 5, 2, 1985),
(1216, 5, 1, 1996),
(1217, 4, 0, 710),
(1218, 3, 2, 149),
(1219, 4, 0, 418),
(1220, 1, 1, 655),
(1221, 2, 2, 21),
(1222, 1, 0, 1465),
(1223, 1, 1, 1858),
(1224, 2, 2, 397),
(1225, 5, 1, 1913),
(1226, 1, 0, 1404),
(1227, 1, 2, 334),
(1228, 3, 1, 890),
(1229, 1, 1, 1433),
(1230, 4, 0, 1962),
(1231, 1, 0, 1457),
(1232, 1, 1, 886),
(1233, 2, 0, 609),
(1234, 5, 2, 1782),
(1235, 3, 0, 1040),
(1236, 3, 2, 357),
(1237, 5, 0, 1460),
(1238, 1, 0, 49),
(1239, 3, 2, 1470),
(1240, 4, 1, 781),
(1241, 3, 0, 268),
(1242, 2, 2, 759),
(1243, 5, 0, 632),
(1244, 3, 2, 1948),
(1245, 3, 0, 1275),
(1246, 5, 2, 985),
(1247, 1, 2, 885),
(1248, 5, 1, 1815),
(1249, 4, 2, 880),
(1250, 5, 2, 389),
(1251, 2, 2, 1935),
(1252, 2, 0, 171),
(1253, 3, 0, 1607),
(1254, 2, 2, 1262),
(1255, 5, 2, 663),
(1256, 5, 0, 1332),
(1257, 2, 1, 1124),
(1258, 1, 2, 1074),
(1259, 5, 0, 1170),
(1260, 1, 2, 1408),
(1261, 1, 0, 1859),
(1262, 1, 2, 1209),
(1263, 3, 1, 1524),
(1264, 2, 1, 320),
(1265, 2, 1, 366),
(1266, 4, 1, 500),
(1267, 5, 2, 1271),
(1268, 3, 1, 465),
(1269, 3, 0, 1054),
(1270, 4, 0, 637),
(1271, 1, 1, 1416),
(1272, 5, 1, 1247),
(1273, 1, 2, 67),
(1274, 2, 1, 6),
(1275, 4, 0, 1402),
(1276, 3, 1, 443),
(1277, 2, 2, 1675),
(1278, 4, 1, 1614),
(1279, 3, 0, 1448),
(1280, 4, 0, 276),
(1281, 4, 0, 1100),
(1282, 3, 1, 679),
(1283, 3, 0, 647),
(1284, 5, 1, 398),
(1285, 4, 2, 1995),
(1286, 4, 0, 612),
(1287, 1, 0, 1538),
(1288, 1, 0, 1619),
(1289, 1, 1, 1175),
(1290, 2, 0, 403),
(1291, 2, 2, 190),
(1292, 5, 1, 1551),
(1293, 4, 2, 1171),
(1294, 4, 1, 483),
(1295, 5, 2, 763),
(1296, 2, 0, 227),
(1297, 5, 2, 1682),
(1298, 4, 1, 383),
(1299, 3, 2, 31),
(1300, 3, 2, 1068),
(1301, 1, 2, 1355),
(1302, 3, 1, 64),
(1303, 5, 1, 1285),
(1304, 2, 0, 1007),
(1305, 2, 2, 1000),
(1306, 1, 1, 1268),
(1307, 1, 2, 381),
(1308, 4, 2, 927),
(1309, 4, 1, 1522),
(1310, 2, 0, 1841),
(1311, 3, 2, 203),
(1312, 5, 2, 1908),
(1313, 1, 0, 1903),
(1314, 1, 0, 1602),
(1315, 4, 1, 239),
(1316, 1, 2, 1834),
(1317, 5, 1, 212),
(1318, 2, 1, 1083),
(1319, 4, 1, 1916),
(1320, 1, 0, 414),
(1321, 3, 1, 607),
(1322, 5, 2, 883),
(1323, 2, 0, 1879),
(1324, 5, 0, 1050),
(1325, 1, 2, 749),
(1326, 5, 0, 948),
(1327, 1, 2, 523),
(1328, 5, 0, 172),
(1329, 4, 1, 472),
(1330, 4, 2, 1358),
(1331, 1, 1, 925),
(1332, 1, 0, 1139),
(1333, 1, 0, 1104),
(1334, 4, 1, 1202),
(1335, 3, 2, 790),
(1336, 5, 2, 1203),
(1337, 2, 2, 417),
(1338, 2, 2, 126),
(1339, 1, 0, 861),
(1340, 1, 2, 932),
(1341, 4, 0, 1525),
(1342, 5, 1, 1423),
(1343, 1, 1, 1066),
(1344, 4, 0, 1144),
(1345, 3, 1, 835),
(1346, 4, 2, 1725),
(1347, 2, 1, 163),
(1348, 2, 2, 297),
(1349, 5, 2, 1730),
(1350, 3, 1, 823),
(1351, 1, 2, 1739),
(1352, 3, 1, 408),
(1353, 1, 1, 1775),
(1354, 3, 1, 616),
(1355, 2, 1, 1974),
(1356, 5, 0, 448),
(1357, 5, 0, 1564),
(1358, 1, 2, 1851),
(1359, 4, 1, 1856),
(1360, 2, 2, 141),
(1361, 4, 0, 1939),
(1362, 2, 1, 808),
(1363, 5, 2, 982),
(1364, 3, 0, 508),
(1365, 3, 0, 263),
(1366, 5, 0, 665),
(1367, 5, 2, 952),
(1368, 4, 0, 586),
(1369, 1, 1, 332),
(1370, 4, 2, 1477),
(1371, 5, 2, 1760),
(1372, 2, 1, 908),
(1373, 5, 1, 1439),
(1374, 3, 0, 1763),
(1375, 4, 2, 1447),
(1376, 5, 0, 1258),
(1377, 5, 2, 903),
(1378, 2, 2, 511),
(1379, 4, 2, 510),
(1380, 3, 0, 302),
(1381, 2, 0, 259),
(1382, 2, 1, 1418),
(1383, 5, 0, 19),
(1384, 3, 1, 1323),
(1385, 1, 2, 954),
(1386, 4, 1, 551),
(1387, 3, 1, 615),
(1388, 5, 2, 860),
(1389, 2, 0, 626),
(1390, 5, 0, 1744),
(1391, 1, 1, 1566),
(1392, 2, 1, 1894),
(1393, 3, 0, 1998),
(1394, 5, 1, 1072),
(1395, 2, 2, 793),
(1396, 5, 0, 627),
(1397, 4, 0, 902),
(1398, 2, 2, 1710),
(1399, 5, 1, 705),
(1400, 4, 1, 313),
(1401, 5, 2, 1084),
(1402, 1, 2, 1555),
(1403, 3, 0, 1430),
(1404, 2, 1, 1338),
(1405, 4, 0, 1519),
(1406, 5, 0, 1103),
(1407, 3, 2, 1979),
(1408, 3, 0, 1633),
(1409, 3, 0, 503),
(1410, 3, 0, 288),
(1411, 4, 1, 486),
(1412, 4, 0, 1149),
(1413, 5, 1, 1698),
(1414, 3, 0, 303),
(1415, 5, 0, 1695),
(1416, 2, 2, 122),
(1417, 4, 0, 97),
(1418, 2, 1, 1589),
(1419, 4, 1, 451),
(1420, 3, 1, 1506),
(1421, 1, 2, 85),
(1422, 1, 0, 686),
(1423, 5, 1, 90),
(1424, 1, 2, 1928),
(1425, 2, 1, 540),
(1426, 4, 2, 92),
(1427, 4, 0, 356),
(1428, 2, 2, 112),
(1429, 5, 0, 1213),
(1430, 1, 2, 718),
(1431, 3, 1, 496),
(1432, 5, 1, 1102),
(1433, 5, 1, 1337),
(1434, 3, 2, 1281),
(1435, 5, 1, 1893),
(1436, 5, 2, 1024),
(1437, 3, 0, 1427),
(1438, 1, 0, 618),
(1439, 3, 1, 1669),
(1440, 1, 2, 342),
(1441, 2, 1, 1344),
(1442, 1, 0, 1919),
(1443, 4, 0, 1553),
(1444, 3, 2, 22),
(1445, 2, 0, 1999),
(1446, 2, 2, 638),
(1447, 3, 2, 1138),
(1448, 4, 1, 1880),
(1449, 3, 0, 657),
(1450, 1, 0, 850),
(1451, 3, 1, 290),
(1452, 3, 2, 919),
(1453, 3, 0, 229),
(1454, 1, 2, 424),
(1455, 3, 0, 653),
(1456, 4, 0, 956),
(1457, 5, 2, 1581),
(1458, 3, 2, 1471),
(1459, 3, 0, 265),
(1460, 1, 0, 189),
(1461, 5, 0, 776),
(1462, 4, 2, 1310),
(1463, 4, 2, 1986),
(1464, 3, 1, 1413),
(1465, 5, 0, 846),
(1466, 4, 2, 870),
(1467, 2, 2, 416),
(1468, 1, 2, 1897),
(1469, 2, 0, 1641),
(1470, 4, 2, 614),
(1471, 2, 2, 968),
(1472, 3, 0, 1613),
(1473, 4, 0, 974),
(1474, 1, 0, 405),
(1475, 3, 2, 1211),
(1476, 3, 1, 1849),
(1477, 1, 1, 25),
(1478, 5, 0, 118),
(1479, 2, 2, 1992),
(1480, 5, 2, 1780),
(1481, 3, 0, 1653),
(1482, 4, 2, 892),
(1483, 4, 2, 651),
(1484, 3, 0, 569),
(1485, 1, 2, 1376),
(1486, 2, 2, 1736),
(1487, 4, 0, 1684),
(1488, 1, 0, 1235),
(1489, 3, 1, 654),
(1490, 1, 0, 497),
(1491, 1, 2, 305),
(1492, 2, 0, 1988),
(1493, 2, 2, 1176),
(1494, 2, 1, 132),
(1495, 2, 0, 1556),
(1496, 4, 0, 1818),
(1497, 4, 1, 1779),
(1498, 3, 2, 160),
(1499, 1, 0, 1476),
(1500, 5, 1, 1148),
(1501, 4, 2, 7),
(1502, 1, 0, 1839),
(1503, 1, 0, 1946),
(1504, 3, 0, 996),
(1505, 3, 1, 646),
(1506, 2, 1, 986),
(1507, 5, 2, 76),
(1508, 3, 2, 378),
(1509, 4, 2, 1318),
(1510, 5, 1, 183),
(1511, 3, 1, 1279),
(1512, 3, 1, 445),
(1513, 4, 0, 1372),
(1514, 3, 0, 194),
(1515, 1, 0, 1359),
(1516, 2, 0, 970),
(1517, 4, 2, 1792),
(1518, 4, 2, 192),
(1519, 3, 0, 1431),
(1520, 4, 1, 613),
(1521, 5, 0, 1940),
(1522, 2, 1, 146),
(1523, 1, 2, 501),
(1524, 2, 1, 708),
(1525, 4, 0, 824),
(1526, 5, 2, 1123),
(1527, 1, 1, 833),
(1528, 1, 0, 1092),
(1529, 2, 2, 692),
(1530, 1, 0, 1960),
(1531, 2, 1, 685),
(1532, 1, 2, 786),
(1533, 5, 1, 352),
(1534, 3, 2, 340),
(1535, 5, 0, 1356),
(1536, 2, 2, 1909),
(1537, 3, 0, 783),
(1538, 3, 1, 1981),
(1539, 2, 1, 1498),
(1540, 5, 2, 1868),
(1541, 1, 0, 697),
(1542, 4, 2, 1411),
(1543, 3, 2, 762),
(1544, 1, 2, 923),
(1545, 1, 2, 55),
(1546, 1, 2, 1265),
(1547, 2, 1, 1637),
(1548, 5, 1, 1241),
(1549, 4, 0, 973),
(1550, 1, 2, 140),
(1551, 5, 2, 46),
(1552, 3, 1, 595),
(1553, 4, 1, 1798),
(1554, 4, 2, 1114),
(1555, 1, 0, 1244),
(1556, 5, 0, 978),
(1557, 1, 1, 1397),
(1558, 3, 2, 79),
(1559, 4, 1, 198),
(1560, 2, 0, 796),
(1561, 4, 0, 428),
(1562, 5, 2, 208),
(1563, 3, 0, 573),
(1564, 5, 0, 780),
(1565, 1, 2, 1898),
(1566, 1, 2, 1006),
(1567, 2, 1, 962),
(1568, 4, 2, 1441),
(1569, 4, 0, 1720),
(1570, 4, 2, 1012),
(1571, 1, 2, 1379),
(1572, 5, 2, 1586),
(1573, 2, 1, 1504),
(1574, 1, 1, 1857),
(1575, 3, 0, 639),
(1576, 3, 1, 1761),
(1577, 4, 1, 1060),
(1578, 2, 1, 670),
(1579, 3, 1, 1204),
(1580, 5, 0, 1219),
(1581, 1, 0, 1750),
(1582, 2, 2, 1195),
(1583, 2, 2, 862),
(1584, 5, 2, 1212),
(1585, 1, 0, 1738),
(1586, 2, 1, 384),
(1587, 2, 1, 1631),
(1588, 1, 1, 1159),
(1589, 5, 0, 807),
(1590, 2, 0, 28),
(1591, 5, 2, 701),
(1592, 2, 0, 1381),
(1593, 3, 2, 537),
(1594, 1, 0, 466),
(1595, 1, 2, 1250),
(1596, 5, 0, 1820),
(1597, 4, 0, 412),
(1598, 1, 2, 1648),
(1599, 2, 0, 669),
(1600, 5, 1, 1971),
(1601, 3, 0, 1354),
(1602, 2, 0, 1753),
(1603, 5, 0, 1406),
(1604, 3, 2, 1062),
(1605, 2, 2, 714),
(1606, 5, 1, 78),
(1607, 5, 0, 1955),
(1608, 1, 1, 1748),
(1609, 4, 1, 896),
(1610, 4, 1, 441),
(1611, 3, 1, 1673),
(1612, 5, 2, 205),
(1613, 1, 2, 1804),
(1614, 4, 0, 1936),
(1615, 1, 1, 597),
(1616, 5, 1, 548),
(1617, 2, 2, 262),
(1618, 4, 1, 992),
(1619, 5, 0, 928),
(1620, 4, 1, 54),
(1621, 1, 2, 1853),
(1622, 5, 0, 1659),
(1623, 3, 1, 1287),
(1624, 3, 0, 752),
(1625, 5, 1, 222),
(1626, 2, 1, 1303),
(1627, 4, 2, 506),
(1628, 1, 2, 652),
(1629, 1, 0, 1728),
(1630, 2, 1, 565),
(1631, 1, 2, 1115),
(1632, 1, 2, 724),
(1633, 3, 0, 738),
(1634, 5, 0, 1163),
(1635, 4, 1, 922),
(1636, 2, 0, 125),
(1637, 5, 0, 1492),
(1638, 2, 2, 951),
(1639, 2, 2, 1791),
(1640, 3, 2, 0),
(1641, 3, 0, 353),
(1642, 5, 1, 664),
(1643, 5, 1, 1260),
(1644, 4, 1, 410),
(1645, 5, 1, 167),
(1646, 2, 0, 5),
(1647, 5, 2, 603),
(1648, 1, 2, 1618),
(1649, 5, 1, 1588),
(1650, 3, 2, 1393),
(1651, 3, 2, 988),
(1652, 3, 2, 1132),
(1653, 1, 1, 14),
(1654, 3, 1, 617),
(1655, 2, 2, 990),
(1656, 4, 0, 266),
(1657, 1, 1, 961),
(1658, 5, 2, 1680),
(1659, 4, 2, 1515),
(1660, 3, 0, 1811),
(1661, 4, 0, 1742),
(1662, 4, 1, 623),
(1663, 1, 1, 581),
(1664, 3, 0, 1197),
(1665, 5, 2, 177),
(1666, 3, 1, 517),
(1667, 5, 0, 1729),
(1668, 1, 0, 1956),
(1669, 4, 1, 56),
(1670, 5, 2, 128),
(1671, 1, 0, 1776),
(1672, 5, 1, 1070),
(1673, 2, 2, 1769),
(1674, 5, 2, 272),
(1675, 3, 2, 732),
(1676, 4, 1, 756),
(1677, 5, 2, 1442),
(1678, 4, 2, 576),
(1679, 3, 1, 277),
(1680, 4, 1, 1683),
(1681, 2, 2, 488),
(1682, 4, 1, 1261),
(1683, 3, 0, 98),
(1684, 2, 1, 735),
(1685, 1, 0, 1172),
(1686, 4, 1, 325),
(1687, 3, 0, 1222),
(1688, 4, 1, 1950),
(1689, 3, 2, 1943),
(1690, 1, 2, 308),
(1691, 5, 1, 106),
(1692, 1, 0, 937),
(1693, 1, 2, 1181),
(1694, 1, 0, 1793),
(1695, 1, 2, 1549),
(1696, 3, 0, 739),
(1697, 4, 2, 820),
(1698, 2, 1, 1934),
(1699, 3, 1, 806),
(1700, 4, 2, 1797),
(1701, 5, 1, 1111),
(1702, 5, 1, 1731),
(1703, 1, 1, 1712),
(1704, 3, 0, 135),
(1705, 1, 2, 620),
(1706, 4, 2, 1963),
(1707, 1, 1, 1173),
(1708, 5, 2, 89),
(1709, 2, 1, 315),
(1710, 2, 1, 338),
(1711, 4, 0, 947),
(1712, 4, 2, 1627),
(1713, 2, 1, 244),
(1714, 1, 1, 247),
(1715, 3, 2, 1930),
(1716, 4, 0, 1831),
(1717, 4, 1, 1718),
(1718, 1, 1, 1036),
(1719, 1, 2, 1472),
(1720, 1, 1, 729),
(1721, 1, 0, 32),
(1722, 3, 2, 1759),
(1723, 2, 2, 1635),
(1724, 4, 1, 1900),
(1725, 3, 1, 658),
(1726, 5, 0, 1188),
(1727, 2, 2, 744),
(1728, 5, 2, 1741),
(1729, 2, 2, 449),
(1730, 2, 0, 311),
(1731, 3, 2, 1677),
(1732, 4, 2, 434),
(1733, 4, 2, 967),
(1734, 2, 2, 1657),
(1735, 5, 1, 546),
(1736, 3, 1, 169),
(1737, 1, 1, 991),
(1738, 2, 0, 549),
(1739, 5, 0, 519),
(1740, 5, 2, 452),
(1741, 4, 0, 802),
(1742, 5, 0, 1487),
(1743, 1, 0, 1304),
(1744, 4, 0, 1216),
(1745, 3, 2, 1099),
(1746, 3, 1, 765),
(1747, 4, 0, 1764),
(1748, 2, 2, 223),
(1749, 1, 0, 785),
(1750, 2, 2, 819),
(1751, 5, 1, 1288),
(1752, 2, 0, 237),
(1753, 3, 0, 1353),
(1754, 4, 1, 1324),
(1755, 3, 2, 1540),
(1756, 5, 2, 350),
(1757, 1, 2, 1691),
(1758, 2, 0, 1385),
(1759, 4, 2, 299),
(1760, 3, 2, 633),
(1761, 3, 0, 1107),
(1762, 4, 0, 605),
(1763, 3, 1, 567),
(1764, 2, 0, 493),
(1765, 1, 1, 529),
(1766, 5, 1, 1273),
(1767, 4, 0, 532),
(1768, 3, 0, 1417),
(1769, 4, 0, 337),
(1770, 3, 2, 1754),
(1771, 5, 1, 1196),
(1772, 1, 1, 1469),
(1773, 3, 1, 440),
(1774, 2, 0, 955),
(1775, 5, 2, 407),
(1776, 1, 2, 635),
(1777, 1, 1, 202),
(1778, 1, 0, 1640),
(1779, 4, 0, 1558),
(1780, 2, 0, 1711),
(1781, 5, 1, 1002),
(1782, 2, 2, 1158),
(1783, 5, 1, 1781),
(1784, 2, 2, 191),
(1785, 2, 2, 363),
(1786, 2, 1, 210),
(1787, 1, 1, 464),
(1788, 5, 1, 1155),
(1789, 5, 1, 999),
(1790, 1, 1, 674),
(1791, 1, 2, 866),
(1792, 2, 2, 1704),
(1793, 5, 2, 1256),
(1794, 3, 0, 784),
(1795, 3, 2, 563),
(1796, 4, 1, 750),
(1797, 3, 0, 1726),
(1798, 5, 1, 153),
(1799, 1, 2, 1944),
(1800, 3, 1, 1687),
(1801, 4, 1, 1119),
(1802, 3, 2, 1412),
(1803, 2, 2, 1255),
(1804, 1, 1, 87),
(1805, 4, 2, 574),
(1806, 3, 0, 1578),
(1807, 3, 0, 164),
(1808, 1, 2, 1501),
(1809, 1, 2, 1561),
(1810, 2, 2, 1688),
(1811, 3, 0, 1926),
(1812, 1, 0, 842),
(1813, 5, 1, 347),
(1814, 2, 2, 18),
(1815, 1, 2, 1571),
(1816, 1, 1, 1080),
(1817, 3, 0, 1432),
(1818, 3, 2, 794),
(1819, 2, 1, 1621),
(1820, 3, 2, 1576),
(1821, 1, 0, 1803),
(1822, 1, 1, 1837),
(1823, 5, 2, 1773),
(1824, 2, 2, 852),
(1825, 2, 2, 1702),
(1826, 4, 2, 748),
(1827, 3, 2, 583),
(1828, 5, 1, 1189),
(1829, 2, 1, 1489),
(1830, 4, 1, 20),
(1831, 4, 1, 1920),
(1832, 2, 1, 1316),
(1833, 5, 2, 1647),
(1834, 1, 1, 1906),
(1835, 5, 1, 707),
(1836, 2, 1, 119),
(1837, 2, 1, 69),
(1838, 5, 0, 1021),
(1839, 4, 2, 1249),
(1840, 4, 2, 1013),
(1841, 1, 2, 644),
(1842, 2, 1, 897),
(1843, 2, 2, 144),
(1844, 3, 0, 857),
(1845, 3, 0, 782),
(1846, 2, 2, 1938),
(1847, 2, 0, 1326),
(1848, 5, 2, 604),
(1849, 2, 1, 1810),
(1850, 2, 2, 1058),
(1851, 2, 1, 220),
(1852, 2, 1, 743),
(1853, 1, 1, 608),
(1854, 3, 2, 318),
(1855, 4, 1, 310),
(1856, 4, 1, 555),
(1857, 1, 1, 561),
(1858, 1, 1, 48),
(1859, 5, 2, 273),
(1860, 1, 0, 1345),
(1861, 4, 0, 4),
(1862, 4, 2, 677),
(1863, 4, 1, 24),
(1864, 1, 1, 702),
(1865, 4, 0, 895),
(1866, 1, 1, 1352),
(1867, 4, 2, 1762),
(1868, 3, 0, 1151),
(1869, 3, 2, 514),
(1870, 4, 1, 1747),
(1871, 1, 0, 139),
(1872, 4, 2, 1280),
(1873, 1, 2, 1134),
(1874, 5, 0, 1593),
(1875, 2, 0, 234),
(1876, 1, 1, 559),
(1877, 3, 2, 275),
(1878, 3, 1, 1921),
(1879, 2, 2, 868),
(1880, 1, 0, 284),
(1881, 3, 0, 301),
(1882, 1, 0, 115),
(1883, 5, 2, 1662),
(1884, 4, 1, 599),
(1885, 5, 2, 371),
(1886, 3, 2, 460),
(1887, 1, 0, 1360),
(1888, 2, 2, 591),
(1889, 3, 2, 1715),
(1890, 5, 2, 1160),
(1891, 1, 0, 931),
(1892, 4, 1, 918),
(1893, 3, 1, 323),
(1894, 4, 0, 975),
(1895, 3, 2, 494),
(1896, 2, 1, 179),
(1897, 1, 0, 456),
(1898, 1, 0, 1887),
(1899, 1, 2, 289),
(1900, 5, 0, 1368),
(1901, 4, 0, 1778),
(1902, 2, 1, 596),
(1903, 4, 0, 1019),
(1904, 4, 2, 1048),
(1905, 3, 0, 1959),
(1906, 5, 0, 481),
(1907, 4, 0, 1975),
(1908, 5, 1, 1922),
(1909, 2, 2, 1752),
(1910, 4, 2, 1339),
(1911, 3, 1, 1617),
(1912, 2, 0, 1800),
(1913, 5, 2, 1301),
(1914, 4, 0, 1967),
(1915, 3, 0, 1503),
(1916, 5, 2, 138),
(1917, 1, 0, 200),
(1918, 3, 1, 175),
(1919, 3, 1, 240),
(1920, 2, 1, 60),
(1921, 4, 0, 1701),
(1922, 3, 2, 1828),
(1923, 1, 0, 1038),
(1924, 4, 2, 878),
(1925, 1, 2, 75),
(1926, 4, 0, 889),
(1927, 4, 0, 1420),
(1928, 4, 1, 392),
(1929, 2, 0, 475),
(1930, 2, 0, 221),
(1931, 4, 0, 1667),
(1932, 4, 0, 1645),
(1933, 2, 2, 753),
(1934, 4, 0, 454),
(1935, 1, 1, 345),
(1936, 1, 2, 891),
(1937, 3, 2, 260),
(1938, 3, 0, 1136),
(1939, 3, 0, 1545),
(1940, 2, 0, 1312),
(1941, 2, 1, 197),
(1942, 5, 1, 176),
(1943, 2, 0, 631),
(1944, 1, 1, 629),
(1945, 4, 0, 1765),
(1946, 5, 0, 193),
(1947, 2, 2, 1042),
(1948, 5, 0, 774),
(1949, 2, 0, 1902),
(1950, 5, 0, 1056),
(1951, 5, 2, 399),
(1952, 1, 2, 915),
(1953, 5, 1, 1380),
(1954, 2, 1, 881),
(1955, 3, 1, 1689),
(1956, 1, 0, 1),
(1957, 5, 1, 426),
(1958, 5, 1, 181),
(1959, 2, 0, 1451),
(1960, 5, 0, 1942),
(1961, 5, 0, 1440),
(1962, 4, 0, 1161),
(1963, 2, 0, 462),
(1964, 1, 2, 1563),
(1965, 3, 2, 1751),
(1966, 2, 0, 940),
(1967, 4, 2, 1706),
(1968, 5, 0, 1479),
(1969, 2, 0, 797),
(1970, 5, 2, 649),
(1971, 4, 2, 91),
(1972, 1, 1, 1914),
(1973, 2, 0, 1194),
(1974, 4, 2, 68),
(1975, 1, 2, 364),
(1976, 1, 2, 799),
(1977, 5, 1, 1378),
(1978, 3, 2, 1600),
(1979, 2, 0, 1846),
(1980, 1, 1, 811),
(1981, 3, 1, 1257),
(1982, 3, 0, 873),
(1983, 4, 0, 1004),
(1984, 3, 1, 830),
(1985, 5, 0, 1537),
(1986, 3, 1, 161),
(1987, 2, 1, 828),
(1988, 3, 2, 1082),
(1989, 4, 0, 1644),
(1990, 2, 1, 51),
(1991, 4, 1, 1266),
(1992, 4, 0, 513),
(1993, 5, 0, 1870),
(1994, 4, 2, 1592),
(1995, 3, 1, 362),
(1996, 2, 0, 1565),
(1997, 3, 2, 1097),
(1998, 2, 2, 865),
(1999, 1, 1, 1539),
(2000, 2, 4, 500),
(2001, 1, 3, 1842),
(2002, 2, 8, 1857),
(2003, 2, 7, 1117),
(2004, 2, 4, 471),
(2005, 1, 5, 516),
(2006, 1, 4, 1025),
(2007, 1, 4, 1860),
(2008, 1, 8, 1266),
(2009, 2, 8, 335),
(2010, 1, 5, 1485),
(2011, 1, 7, 1335),
(2012, 1, 3, 93),
(2013, 1, 4, 139),
(2014, 1, 7, 1112),
(2015, 2, 4, 642),
(2016, 2, 8, 410),
(2017, 1, 3, 1213),
(2018, 1, 6, 1087),
(2019, 1, 6, 289),
(2020, 1, 5, 1361),
(2021, 1, 3, 604),
(2022, 1, 3, 1287),
(2023, 1, 4, 789),
(2024, 2, 5, 1779),
(2025, 2, 7, 314),
(2026, 1, 5, 691),
(2027, 1, 5, 751),
(2028, 1, 3, 457),
(2029, 1, 7, 79),
(2030, 2, 6, 693),
(2031, 2, 3, 1894),
(2032, 2, 8, 1926),
(2033, 2, 5, 490),
(2034, 2, 6, 1583),
(2035, 2, 3, 314),
(2036, 1, 3, 1069),
(2037, 2, 5, 594),
(2038, 1, 5, 364),
(2039, 2, 7, 1150),
(2040, 1, 6, 1606),
(2041, 1, 6, 1923),
(2042, 2, 8, 1149),
(2043, 1, 5, 1266),
(2044, 2, 6, 1624),
(2045, 2, 5, 1781),
(2046, 2, 4, 1681),
(2047, 2, 4, 49),
(2048, 1, 4, 1751),
(2049, 2, 8, 1452),
(2050, 1, 6, 1318),
(2051, 1, 3, 1732),
(2052, 2, 8, 667),
(2053, 2, 5, 1211),
(2054, 2, 5, 1655),
(2055, 1, 5, 1070),
(2056, 1, 7, 882),
(2057, 1, 3, 624),
(2058, 1, 6, 859),
(2059, 2, 8, 311),
(2060, 1, 4, 1388),
(2061, 1, 5, 1163),
(2062, 1, 6, 1984),
(2063, 2, 3, 242),
(2064, 1, 7, 212),
(2065, 1, 5, 337),
(2066, 2, 5, 1919),
(2067, 1, 3, 819),
(2068, 1, 8, 1371),
(2069, 1, 3, 1481),
(2070, 1, 5, 685),
(2071, 2, 8, 1020),
(2072, 1, 8, 154),
(2073, 2, 5, 233),
(2074, 2, 6, 600),
(2075, 2, 4, 1697),
(2076, 2, 7, 415),
(2077, 1, 7, 1547),
(2078, 1, 4, 29),
(2079, 2, 7, 1241),
(2080, 1, 6, 1820),
(2081, 2, 5, 494),
(2082, 2, 5, 1017),
(2083, 1, 6, 974),
(2084, 2, 4, 54),
(2085, 2, 5, 1776),
(2086, 2, 8, 448),
(2087, 2, 4, 1219),
(2088, 1, 6, 299),
(2089, 1, 3, 1652),
(2090, 2, 8, 1947),
(2091, 2, 7, 524),
(2092, 2, 4, 1020),
(2093, 2, 4, 700),
(2094, 2, 3, 137),
(2095, 2, 8, 123),
(2096, 1, 6, 612),
(2097, 2, 6, 407),
(2098, 1, 3, 1021),
(2099, 1, 8, 1286),
(2100, 1, 5, 1805),
(2101, 2, 6, 869),
(2102, 2, 7, 349),
(2103, 1, 6, 1624),
(2104, 2, 8, 62),
(2105, 1, 3, 228),
(2106, 1, 5, 64),
(2107, 1, 5, 421),
(2108, 1, 4, 1699),
(2109, 2, 4, 42),
(2110, 1, 7, 1728),
(2111, 1, 4, 1245),
(2112, 2, 7, 1673),
(2113, 1, 8, 1369),
(2114, 1, 5, 387),
(2115, 1, 8, 1285),
(2116, 2, 5, 1689),
(2117, 1, 7, 1460),
(2118, 1, 4, 92),
(2119, 2, 3, 936),
(2120, 2, 5, 1368),
(2121, 2, 3, 821),
(2122, 2, 7, 1087),
(2123, 1, 6, 1103),
(2124, 2, 4, 1621),
(2125, 1, 7, 1342),
(2126, 2, 7, 641),
(2127, 1, 6, 302),
(2128, 2, 3, 263),
(2129, 1, 4, 535),
(2130, 2, 7, 124),
(2131, 2, 6, 1340),
(2132, 1, 7, 1375),
(2133, 2, 3, 65),
(2134, 1, 3, 1103),
(2135, 2, 4, 1189),
(2136, 2, 8, 930),
(2137, 2, 6, 29),
(2138, 2, 8, 308),
(2139, 2, 7, 1066),
(2140, 2, 3, 935),
(2141, 1, 8, 1485),
(2142, 1, 5, 1675),
(2143, 1, 8, 978),
(2144, 1, 7, 1443),
(2145, 2, 5, 1963),
(2146, 1, 3, 1778),
(2147, 1, 8, 1351),
(2148, 1, 3, 46),
(2149, 1, 7, 1211),
(2150, 1, 4, 268),
(2151, 1, 5, 1034),
(2152, 2, 8, 71),
(2153, 1, 4, 1047),
(2154, 1, 5, 1845),
(2155, 1, 4, 565),
(2156, 2, 8, 1820),
(2157, 2, 4, 1536),
(2158, 1, 7, 1343),
(2159, 2, 4, 559),
(2160, 2, 8, 650),
(2161, 1, 4, 1444),
(2162, 1, 4, 865),
(2163, 1, 6, 1578),
(2164, 1, 7, 927),
(2165, 1, 5, 1753),
(2166, 2, 4, 249),
(2167, 2, 6, 574),
(2168, 2, 7, 1589),
(2169, 2, 8, 577),
(2170, 1, 6, 897),
(2171, 2, 3, 1528),
(2172, 2, 8, 473),
(2173, 2, 3, 4),
(2174, 1, 8, 74),
(2175, 1, 5, 686),
(2176, 1, 4, 1633),
(2177, 1, 3, 1577),
(2178, 1, 3, 1216),
(2179, 2, 3, 772),
(2180, 1, 8, 1439),
(2181, 2, 5, 215),
(2182, 1, 4, 1064),
(2183, 1, 4, 792),
(2184, 2, 3, 327),
(2185, 1, 3, 1995),
(2186, 1, 5, 318),
(2187, 2, 3, 426),
(2188, 2, 3, 1135),
(2189, 2, 3, 56),
(2190, 1, 6, 1990),
(2191, 2, 6, 1517),
(2192, 2, 5, 1354),
(2193, 1, 7, 167),
(2194, 1, 3, 572),
(2195, 1, 5, 137),
(2196, 1, 4, 511),
(2197, 2, 6, 890),
(2198, 2, 8, 1919),
(2199, 1, 8, 1612);

INSERT INTO Payments (Payments_ID, Payments_Amount, Orders_Orders_ID)
VALUES
(0, 35000, 382),
(1, 140000, 1980),
(2, 150000, 275),
(3, 70000, 741),
(4, 100000, 1788),
(5, 200000, 513),
(6, 35000, 284),
(7, 35000, 484),
(8, 210000, 1963),
(9, 140000, 1997),
(10, 140000, 1557),
(11, 250000, 564),
(12, 250000, 1203),
(13, 35000, 1404),
(14, 105000, 556),
(15, 200000, 989),
(16, 50000, 336),
(17, 140000, 133),
(18, 175000, 35),
(19, 200000, 1643),
(20, 105000, 1452),
(21, 140000, 1918),
(22, 140000, 800),
(23, 200000, 837),
(24, 50000, 1839),
(25, 50000, 547),
(26, 200000, 553),
(27, 250000, 1057),
(28, 175000, 331),
(29, 175000, 1320),
(30, 70000, 475),
(31, 70000, 462),
(32, 150000, 1754),
(33, 35000, 943),
(34, 200000, 1929),
(35, 105000, 98),
(36, 100000, 1823),
(37, 250000, 1210),
(38, 200000, 1856),
(39, 70000, 1489),
(40, 70000, 1385),
(41, 70000, 289),
(42, 50000, 1073),
(43, 35000, 1569),
(44, 140000, 552),
(45, 35000, 1958),
(46, 35000, 75),
(47, 140000, 1725),
(48, 175000, 855),
(49, 140000, 1701),
(50, 35000, 502),
(51, 100000, 1768),
(52, 175000, 958),
(53, 100000, 1025),
(54, 50000, 690),
(55, 140000, 1165),
(56, 300000, 978),
(57, 245000, 415),
(58, 200000, 1340),
(59, 50000, 799),
(60, 35000, 827),
(61, 150000, 149),
(62, 200000, 1411),
(63, 200000, 1341),
(64, 50000, 1433),
(65, 35000, 1618),
(66, 150000, 1998),
(67, 250000, 1741),
(68, 150000, 567),
(69, 150000, 1669),
(70, 100000, 322),
(71, 50000, 84),
(72, 105000, 303),
(73, 70000, 1639),
(74, 200000, 588),
(75, 35000, 372),
(76, 35000, 1),
(77, 250000, 158),
(78, 50000, 866),
(79, 70000, 1696),
(80, 175000, 1492),
(81, 105000, 1819),
(82, 150000, 1550),
(83, 150000, 1245),
(84, 200000, 698),
(85, 140000, 388),
(86, 150000, 319),
(87, 35000, 187),
(88, 175000, 442),
(89, 150000, 1062),
(90, 50000, 1501),
(91, 175000, 1479),
(92, 100000, 1198),
(93, 150000, 760),
(94, 140000, 348),
(95, 100000, 1232),
(96, 175000, 1050),
(97, 50000, 1377),
(98, 70000, 1786),
(99, 105000, 301),
(100, 35000, 1164),
(101, 175000, 883),
(102, 250000, 1290),
(103, 100000, 735),
(104, 200000, 93),
(105, 105000, 1131),
(106, 140000, 1814),
(107, 200000, 813),
(108, 250000, 81),
(109, 100000, 1752),
(110, 50000, 536),
(111, 200000, 1249),
(112, 35000, 55),
(113, 250000, 1238),
(114, 70000, 1833),
(115, 175000, 1908),
(116, 100000, 223),
(117, 70000, 1194),
(118, 200000, 592),
(119, 105000, 537),
(120, 175000, 1143),
(121, 200000, 730),
(122, 105000, 566),
(123, 50000, 1071),
(124, 50000, 1844),
(125, 105000, 1421),
(126, 100000, 237),
(127, 250000, 1559),
(128, 50000, 1664),
(129, 250000, 899),
(130, 50000, 45),
(131, 140000, 1508),
(132, 100000, 8),
(133, 210000, 604),
(134, 140000, 1835),
(135, 35000, 1837),
(136, 140000, 532),
(137, 100000, 1991),
(138, 35000, 960),
(139, 250000, 1273),
(140, 105000, 1082),
(141, 105000, 1133),
(142, 35000, 59),
(143, 105000, 1575),
(144, 140000, 975),
(145, 140000, 233),
(146, 35000, 1803),
(147, 250000, 1895),
(148, 175000, 1541),
(149, 50000, 25),
(150, 100000, 913),
(151, 250000, 285),
(152, 35000, 324),
(153, 250000, 1024),
(154, 200000, 1019),
(155, 140000, 3),
(156, 105000, 739),
(157, 150000, 615),
(158, 70000, 1176),
(159, 100000, 361),
(160, 200000, 418),
(161, 200000, 1226),
(162, 150000, 65),
(163, 50000, 238),
(164, 35000, 1834),
(165, 70000, 796),
(166, 175000, 1581),
(167, 250000, 1093),
(168, 175000, 963),
(169, 175000, 682),
(170, 200000, 1349),
(171, 200000, 651),
(172, 70000, 1237),
(173, 105000, 378),
(174, 140000, 1119),
(175, 175000, 114),
(176, 200000, 1962),
(177, 50000, 1596),
(178, 70000, 132),
(179, 175000, 928),
(180, 50000, 1446),
(181, 35000, 836),
(182, 175000, 933),
(183, 50000, 328),
(184, 35000, 344),
(185, 50000, 1705),
(186, 150000, 33),
(187, 175000, 1913),
(188, 250000, 299),
(189, 50000, 1457),
(190, 200000, 1901),
(191, 70000, 1690),
(192, 50000, 1961),
(193, 250000, 1707),
(194, 175000, 1309),
(195, 175000, 1406),
(196, 70000, 437),
(197, 50000, 1615),
(198, 200000, 1402),
(199, 150000, 969),
(200, 250000, 236),
(201, 50000, 170),
(202, 150000, 1746),
(203, 175000, 1483),
(204, 140000, 107),
(205, 105000, 1687),
(206, 105000, 292),
(207, 175000, 807),
(208, 100000, 351),
(209, 150000, 647),
(210, 70000, 1591),
(211, 100000, 719),
(212, 175000, 327),
(213, 200000, 571),
(214, 35000, 1497),
(215, 70000, 953),
(216, 35000, 1208),
(217, 140000, 1013),
(218, 150000, 658),
(219, 250000, 1682),
(220, 350000, 1368),
(221, 150000, 1491),
(222, 250000, 1869),
(223, 175000, 1586),
(224, 200000, 1098),
(225, 250000, 1192),
(226, 200000, 137),
(227, 175000, 1224),
(228, 250000, 1102),
(229, 200000, 20),
(230, 70000, 900),
(231, 35000, 961),
(232, 175000, 1953),
(233, 175000, 1458),
(234, 250000, 352),
(235, 100000, 51),
(236, 105000, 872),
(237, 175000, 1401),
(238, 35000, 932),
(239, 50000, 405),
(240, 50000, 1436),
(241, 105000, 840),
(242, 105000, 370),
(243, 150000, 565),
(244, 105000, 1450),
(245, 105000, 1678),
(246, 250000, 337),
(247, 70000, 1169),
(248, 70000, 942),
(249, 105000, 457),
(250, 35000, 1409),
(251, 105000, 1580),
(252, 70000, 21),
(253, 50000, 293),
(254, 35000, 1166),
(255, 70000, 234),
(256, 50000, 1250),
(257, 35000, 877),
(258, 70000, 686),
(259, 140000, 318),
(260, 100000, 951),
(261, 70000, 938),
(262, 35000, 1649),
(263, 50000, 385),
(264, 50000, 456),
(265, 70000, 1305),
(266, 100000, 1387),
(267, 50000, 850),
(268, 100000, 832),
(269, 250000, 1301),
(270, 210000, 1021),
(271, 100000, 558),
(272, 175000, 411),
(273, 50000, 761),
(274, 250000, 208),
(275, 35000, 66),
(276, 200000, 575),
(277, 70000, 488),
(278, 35000, 1352),
(279, 50000, 1384),
(280, 70000, 868),
(281, 200000, 483),
(282, 150000, 935),
(283, 50000, 1049),
(284, 70000, 1568),
(285, 70000, 723),
(286, 50000, 1858),
(287, 140000, 621),
(288, 100000, 191),
(289, 105000, 1393),
(290, 70000, 179),
(291, 100000, 5),
(292, 70000, 540),
(293, 250000, 1892),
(294, 100000, 384),
(295, 50000, 1716),
(296, 35000, 655),
(297, 140000, 506),
(298, 105000, 919),
(299, 105000, 390),
(300, 140000, 987),
(301, 150000, 194),
(302, 105000, 1560),
(303, 100000, 435),
(304, 70000, 1500),
(305, 150000, 525),
(306, 140000, 1517),
(307, 175000, 39),
(308, 100000, 485),
(309, 250000, 632),
(310, 50000, 469),
(311, 70000, 589),
(312, 50000, 1597),
(313, 105000, 1470),
(314, 150000, 1609),
(315, 150000, 791),
(316, 140000, 895),
(317, 105000, 1389),
(318, 35000, 1304),
(319, 250000, 905),
(320, 50000, 1887),
(321, 140000, 1757),
(322, 100000, 493),
(323, 70000, 1010),
(324, 50000, 1181),
(325, 70000, 1186),
(326, 35000, 1925),
(327, 175000, 612),
(328, 175000, 747),
(329, 175000, 272),
(330, 105000, 394),
(331, 70000, 450),
(332, 100000, 1053),
(333, 70000, 549),
(334, 175000, 700),
(335, 175000, 215),
(336, 200000, 815),
(337, 105000, 1849),
(338, 200000, 601),
(339, 140000, 1161),
(340, 140000, 451),
(341, 70000, 1734),
(342, 50000, 931),
(343, 100000, 28),
(344, 175000, 153),
(345, 35000, 458),
(346, 300000, 1285),
(347, 50000, 495),
(348, 250000, 1348),
(349, 50000, 1956),
(350, 105000, 1240),
(351, 70000, 320),
(352, 250000, 399),
(353, 70000, 69),
(354, 175000, 705),
(355, 70000, 241),
(356, 200000, 918),
(357, 250000, 124),
(358, 100000, 1702),
(359, 50000, 984),
(360, 70000, 1824),
(361, 50000, 345),
(362, 140000, 217),
(363, 200000, 748),
(364, 105000, 1599),
(365, 70000, 1351),
(366, 100000, 1800),
(367, 105000, 508),
(368, 70000, 125),
(369, 70000, 968),
(370, 105000, 765),
(371, 175000, 1608),
(372, 100000, 1988),
(373, 50000, 704),
(374, 245000, 42),
(375, 50000, 1570),
(376, 105000, 323),
(377, 175000, 444),
(378, 150000, 1607),
(379, 150000, 1214),
(380, 105000, 49),
(381, 350000, 407),
(382, 35000, 811),
(383, 35000, 1640),
(384, 250000, 1466),
(385, 350000, 1681),
(386, 150000, 353),
(387, 250000, 1863),
(388, 100000, 1532),
(389, 100000, 1932),
(390, 200000, 468),
(391, 35000, 218),
(392, 250000, 347),
(393, 105000, 873),
(394, 50000, 954),
(395, 175000, 1410),
(396, 140000, 79),
(397, 50000, 1218),
(398, 140000, 1797),
(399, 175000, 447),
(400, 70000, 804),
(401, 105000, 1284),
(402, 175000, 1362),
(403, 70000, 1315),
(404, 250000, 1193),
(405, 200000, 266),
(406, 200000, 1720),
(407, 245000, 1189),
(408, 150000, 1921),
(409, 100000, 675),
(410, 175000, 648),
(411, 250000, 1972),
(412, 250000, 950),
(413, 250000, 964),
(414, 105000, 757),
(415, 50000, 1126),
(416, 35000, 1775),
(417, 200000, 1370),
(418, 140000, 1294),
(419, 175000, 154),
(420, 35000, 85),
(421, 105000, 443),
(422, 140000, 1864),
(423, 150000, 1382),
(424, 100000, 287),
(425, 140000, 1727),
(426, 100000, 1338),
(427, 150000, 1129),
(428, 70000, 516),
(429, 140000, 619),
(430, 200000, 906),
(431, 175000, 1535),
(432, 70000, 403),
(433, 150000, 1509),
(434, 200000, 341),
(435, 250000, 1970),
(436, 100000, 680),
(437, 200000, 717),
(438, 175000, 481),
(439, 150000, 269),
(440, 105000, 633),
(441, 70000, 1262),
(442, 150000, 15),
(443, 105000, 573),
(444, 105000, 240),
(445, 100000, 714),
(446, 100000, 939),
(447, 100000, 1700),
(448, 50000, 1648),
(449, 140000, 307),
(450, 200000, 1088),
(451, 200000, 880),
(452, 70000, 1312),
(453, 35000, 1376),
(454, 35000, 1036),
(455, 140000, 585),
(456, 150000, 823),
(457, 250000, 1546),
(458, 150000, 1388),
(459, 50000, 1306),
(460, 200000, 1453),
(461, 250000, 76),
(462, 175000, 1440),
(463, 105000, 641),
(464, 70000, 669),
(465, 70000, 683),
(466, 50000, 1265),
(467, 105000, 1413),
(468, 100000, 1861),
(469, 105000, 1745),
(470, 50000, 1784),
(471, 70000, 416),
(472, 105000, 762),
(473, 140000, 27),
(474, 150000, 1107),
(475, 50000, 1712),
(476, 200000, 578),
(477, 70000, 358),
(478, 50000, 178),
(479, 250000, 1067),
(480, 150000, 752),
(481, 175000, 116),
(482, 175000, 1005),
(483, 105000, 875),
(484, 35000, 997),
(485, 200000, 1444),
(486, 35000, 1259),
(487, 35000, 1360),
(488, 50000, 712),
(489, 100000, 291),
(490, 100000, 467),
(491, 100000, 625),
(492, 105000, 1968),
(493, 100000, 315),
(494, 100000, 1808),
(495, 105000, 790),
(496, 175000, 156),
(497, 140000, 1144),
(498, 50000, 876),
(499, 150000, 143),
(500, 200000, 58),
(501, 150000, 1391),
(502, 150000, 1431),
(503, 150000, 1740),
(504, 140000, 1330),
(505, 140000, 1598),
(506, 250000, 546),
(507, 250000, 61),
(508, 35000, 1636),
(509, 105000, 930),
(510, 250000, 1668),
(511, 50000, 1933),
(512, 70000, 433),
(513, 105000, 531),
(514, 150000, 160),
(515, 150000, 1703),
(516, 200000, 1765),
(517, 140000, 1420),
(518, 50000, 785),
(519, 150000, 1882),
(520, 100000, 733),
(521, 105000, 1726),
(522, 250000, 1730),
(523, 35000, 703),
(524, 175000, 398),
(525, 50000, 803),
(526, 100000, 139),
(527, 35000, 991),
(528, 105000, 1603),
(529, 100000, 541),
(530, 100000, 1829),
(531, 35000, 737),
(532, 300000, 1371),
(533, 250000, 379),
(534, 250000, 306),
(535, 140000, 1708),
(536, 200000, 343),
(537, 105000, 1699),
(538, 175000, 1380),
(539, 50000, 831),
(540, 140000, 1818),
(541, 50000, 1268),
(542, 50000, 1563),
(543, 105000, 1037),
(544, 140000, 773),
(545, 175000, 1196),
(546, 200000, 1297),
(547, 50000, 891),
(548, 140000, 973),
(549, 105000, 196),
(550, 70000, 1826),
(551, 35000, 88),
(552, 70000, 221),
(553, 175000, 333),
(554, 250000, 1893),
(555, 105000, 71),
(556, 140000, 628),
(557, 100000, 743),
(558, 175000, 1044),
(559, 200000, 1947),
(560, 140000, 129),
(561, 200000, 17),
(562, 105000, 941),
(563, 105000, 169),
(564, 70000, 908),
(565, 200000, 1026),
(566, 100000, 1282),
(567, 105000, 810),
(568, 175000, 1996),
(569, 50000, 1549),
(570, 100000, 1041),
(571, 150000, 1150),
(572, 250000, 2),
(573, 35000, 1928),
(574, 175000, 1551),
(575, 105000, 731),
(576, 200000, 246),
(577, 150000, 909),
(578, 50000, 1242),
(579, 100000, 210),
(580, 35000, 786),
(581, 250000, 701),
(582, 70000, 1848),
(583, 200000, 630),
(584, 50000, 570),
(585, 50000, 527),
(586, 150000, 1540),
(587, 300000, 1266),
(588, 100000, 970),
(589, 140000, 809),
(590, 50000, 644),
(591, 250000, 863),
(592, 70000, 258),
(593, 140000, 1048),
(594, 105000, 584),
(595, 200000, 245),
(596, 140000, 580),
(597, 70000, 1042),
(598, 200000, 91),
(599, 210000, 1342),
(600, 140000, 528),
(601, 35000, 848),
(602, 200000, 1644),
(603, 175000, 1537),
(604, 100000, 1770),
(605, 105000, 53),
(606, 100000, 659),
(607, 140000, 1558),
(608, 140000, 1589),
(609, 150000, 1866),
(610, 175000, 1926),
(611, 100000, 1825),
(612, 105000, 1127),
(613, 150000, 1761),
(614, 100000, 965),
(615, 70000, 753),
(616, 140000, 1850),
(617, 200000, 427),
(618, 70000, 1418),
(619, 175000, 728),
(620, 250000, 439),
(621, 200000, 1523),
(622, 100000, 1841),
(623, 175000, 106),
(624, 200000, 380),
(625, 35000, 620),
(626, 70000, 1303),
(627, 70000, 1879),
(628, 70000, 1316),
(629, 105000, 1629),
(630, 140000, 555),
(631, 70000, 1047),
(632, 140000, 521),
(633, 140000, 637),
(634, 150000, 1787),
(635, 250000, 1212),
(636, 105000, 44),
(637, 250000, 920),
(638, 70000, 368),
(639, 150000, 1524),
(640, 250000, 1029),
(641, 150000, 1554),
(642, 35000, 734),
(643, 50000, 1865),
(644, 210000, 56),
(645, 50000, 1783),
(646, 100000, 1846),
(647, 105000, 423),
(648, 100000, 253),
(649, 175000, 603),
(650, 175000, 1955),
(651, 70000, 77),
(652, 35000, 1774),
(653, 175000, 1911),
(654, 105000, 1267),
(655, 250000, 446),
(656, 100000, 432),
(657, 140000, 820),
(658, 175000, 1260),
(659, 140000, 1772),
(660, 70000, 852),
(661, 175000, 371),
(662, 250000, 890),
(663, 250000, 1321),
(664, 105000, 1717),
(665, 100000, 1451),
(666, 175000, 16),
(667, 150000, 1269),
(668, 50000, 455),
(669, 50000, 14),
(670, 70000, 1877),
(671, 105000, 616),
(672, 50000, 1796),
(673, 140000, 892),
(674, 105000, 1867),
(675, 140000, 1221),
(676, 140000, 1950),
(677, 140000, 454),
(678, 210000, 1149),
(679, 150000, 1828),
(680, 250000, 707),
(681, 70000, 1083),
(682, 105000, 897),
(683, 150000, 1610),
(684, 105000, 1989),
(685, 175000, 1030),
(686, 200000, 152),
(687, 150000, 317),
(688, 50000, 1092),
(689, 200000, 902),
(690, 70000, 530),
(691, 250000, 1662),
(692, 50000, 915),
(693, 400000, 1020),
(694, 250000, 1182),
(695, 100000, 297),
(696, 70000, 1992),
(697, 250000, 522),
(698, 200000, 1718),
(699, 150000, 1132),
(700, 250000, 844),
(701, 35000, 1336),
(702, 140000, 1706),
(703, 200000, 771),
(704, 70000, 1994),
(705, 70000, 1374),
(706, 200000, 801),
(707, 50000, 886),
(708, 250000, 966),
(709, 35000, 1881),
(710, 50000, 286),
(711, 175000, 1889),
(712, 200000, 1577),
(713, 105000, 376),
(714, 200000, 1614),
(715, 100000, 1157),
(716, 200000, 586),
(717, 140000, 95),
(718, 70000, 262),
(719, 100000, 1657),
(720, 35000, 1134),
(721, 100000, 1493),
(722, 140000, 393),
(723, 200000, 412),
(724, 350000, 1781),
(725, 70000, 499),
(726, 105000, 821),
(727, 140000, 1398),
(728, 105000, 517),
(729, 150000, 1721),
(730, 140000, 878),
(731, 300000, 62),
(732, 105000, 1281),
(733, 140000, 383),
(734, 300000, 1211),
(735, 140000, 1756),
(736, 150000, 1694),
(737, 35000, 1874),
(738, 175000, 663),
(739, 250000, 814),
(740, 200000, 606),
(741, 150000, 1753),
(742, 50000, 1061),
(743, 250000, 89),
(744, 100000, 1478),
(745, 250000, 1248),
(746, 50000, 581),
(747, 250000, 1130),
(748, 70000, 1529),
(749, 35000, 1912),
(750, 200000, 1616),
(751, 150000, 1334),
(752, 50000, 1465),
(753, 140000, 979),
(754, 140000, 471),
(755, 100000, 216),
(756, 35000, 1619),
(757, 70000, 1635),
(758, 250000, 205),
(759, 200000, 1494),
(760, 35000, 1156),
(761, 210000, 421),
(762, 250000, 888),
(763, 100000, 330),
(764, 35000, 926),
(765, 175000, 1731),
(766, 150000, 1663),
(767, 250000, 1919),
(768, 175000, 1593),
(769, 70000, 1028),
(770, 50000, 431),
(771, 100000, 986),
(772, 105000, 1528),
(773, 35000, 424),
(774, 175000, 1215),
(775, 35000, 1253),
(776, 200000, 1723),
(777, 105000, 662),
(778, 250000, 1873),
(779, 250000, 1729),
(780, 105000, 465),
(781, 140000, 1855),
(782, 140000, 268),
(783, 200000, 1578),
(784, 70000, 1534),
(785, 100000, 1504),
(786, 150000, 1604),
(787, 35000, 1472),
(788, 35000, 1543),
(789, 210000, 1213),
(790, 150000, 1979),
(791, 175000, 1942),
(792, 100000, 264),
(793, 175000, 350),
(794, 350000, 426),
(795, 140000, 936),
(796, 35000, 729),
(797, 140000, 38),
(798, 140000, 1422),
(799, 105000, 1419),
(800, 50000, 1355),
(801, 250000, 577),
(802, 150000, 859),
(803, 100000, 26),
(804, 105000, 782),
(805, 100000, 881),
(806, 105000, 678),
(807, 200000, 922),
(808, 200000, 375),
(809, 35000, 1658),
(810, 140000, 1954),
(811, 210000, 1070),
(812, 140000, 716),
(813, 250000, 359),
(814, 250000, 776),
(815, 175000, 1356),
(816, 105000, 161),
(817, 100000, 355),
(818, 250000, 1395),
(819, 35000, 755),
(820, 140000, 1627),
(821, 140000, 1310),
(822, 200000, 1261),
(823, 250000, 41),
(824, 105000, 1323),
(825, 250000, 1924),
(826, 250000, 1971),
(827, 200000, 512),
(828, 250000, 369),
(829, 70000, 57),
(830, 200000, 1333),
(831, 70000, 1514),
(832, 50000, 1903),
(833, 250000, 1689),
(834, 105000, 1805),
(835, 150000, 1857),
(836, 50000, 1331),
(837, 50000, 1115),
(838, 70000, 1495),
(839, 50000, 283),
(840, 70000, 1381),
(841, 175000, 847),
(842, 50000, 1325),
(843, 100000, 751),
(844, 150000, 767),
(845, 105000, 783),
(846, 280000, 1087),
(847, 70000, 668),
(848, 35000, 108),
(849, 140000, 934),
(850, 50000, 1366),
(851, 105000, 445),
(852, 140000, 824),
(853, 200000, 1733),
(854, 50000, 501),
(855, 100000, 1530),
(856, 200000, 1516),
(857, 100000, 1302),
(858, 150000, 910),
(859, 35000, 332),
(860, 105000, 357),
(861, 150000, 503),
(862, 100000, 136),
(863, 70000, 296),
(864, 200000, 312),
(865, 150000, 1927),
(866, 105000, 1353),
(867, 70000, 692),
(868, 50000, 597),
(869, 70000, 661),
(870, 50000, 1755),
(871, 250000, 263),
(872, 175000, 1438),
(873, 200000, 576),
(874, 100000, 1363),
(875, 200000, 1063),
(876, 70000, 1938),
(877, 140000, 131),
(878, 200000, 276),
(879, 175000, 691),
(880, 175000, 982),
(881, 200000, 1477),
(882, 100000, 1293),
(883, 140000, 7),
(884, 150000, 214),
(885, 105000, 1448),
(886, 140000, 1967),
(887, 210000, 4),
(888, 350000, 600),
(889, 140000, 1620),
(890, 35000, 1898),
(891, 150000, 587),
(892, 100000, 363),
(893, 70000, 1736),
(894, 200000, 302),
(895, 140000, 1884),
(896, 250000, 777),
(897, 105000, 657),
(898, 140000, 1762),
(899, 50000, 67),
(900, 245000, 1219),
(901, 50000, 622),
(902, 105000, 1709),
(903, 175000, 37),
(904, 150000, 898),
(905, 200000, 486),
(906, 250000, 101),
(907, 175000, 504),
(908, 100000, 72),
(909, 200000, 80),
(910, 105000, 1506),
(911, 140000, 1836),
(912, 250000, 1564),
(913, 35000, 1795),
(914, 250000, 754),
(915, 200000, 681),
(916, 140000, 1798),
(917, 50000, 157),
(918, 140000, 1060),
(919, 105000, 103),
(920, 105000, 496),
(921, 50000, 1244),
(922, 175000, 903),
(923, 140000, 409),
(924, 300000, 772),
(925, 100000, 507),
(926, 400000, 1820),
(927, 105000, 1136),
(928, 140000, 1900),
(929, 300000, 667),
(930, 50000, 764),
(931, 250000, 1885),
(932, 50000, 32),
(933, 200000, 1499),
(934, 175000, 1548),
(935, 350000, 123),
(936, 100000, 828),
(937, 100000, 874),
(938, 70000, 1405),
(939, 100000, 708),
(940, 100000, 1977),
(941, 175000, 1922),
(942, 150000, 685),
(943, 140000, 781),
(944, 140000, 1480),
(945, 70000, 278),
(946, 35000, 635),
(947, 175000, 948),
(948, 70000, 1888),
(949, 200000, 11),
(950, 150000, 1343),
(951, 50000, 1199),
(952, 50000, 518),
(953, 105000, 460),
(954, 105000, 1252),
(955, 50000, 1118),
(956, 140000, 239),
(957, 70000, 1274),
(958, 150000, 656),
(959, 250000, 70),
(960, 105000, 722),
(961, 250000, 1318),
(962, 140000, 887),
(963, 50000, 593),
(964, 105000, 639),
(965, 35000, 560),
(966, 70000, 1634),
(967, 200000, 802),
(968, 200000, 349),
(969, 105000, 180),
(970, 250000, 1200),
(971, 140000, 1441),
(972, 140000, 1308),
(973, 70000, 684),
(974, 245000, 1017),
(975, 35000, 1567),
(976, 350000, 448),
(977, 200000, 967),
(978, 150000, 1031),
(979, 105000, 914),
(980, 70000, 1769),
(981, 150000, 1066),
(982, 50000, 1538),
(983, 50000, 1175),
(984, 35000, 1748),
(985, 200000, 428),
(986, 175000, 1449),
(987, 50000, 1172),
(988, 150000, 1142),
(989, 140000, 1009),
(990, 100000, 244),
(991, 150000, 362),
(992, 150000, 1027),
(993, 105000, 725),
(994, 250000, 425),
(995, 105000, 1860),
(996, 35000, 13),
(997, 140000, 1907),
(998, 70000, 591),
(999, 100000, 534),
(1000, 250000, 1298),
(1001, 200000, 1407),
(1002, 105000, 1128),
(1003, 150000, 0),
(1004, 105000, 1225),
(1005, 210000, 167),
(1006, 175000, 1256),
(1007, 150000, 440),
(1008, 140000, 1096),
(1009, 105000, 308),
(1010, 50000, 235),
(1011, 300000, 1652),
(1012, 100000, 1638),
(1013, 140000, 1445),
(1014, 200000, 792),
(1015, 300000, 572),
(1016, 35000, 1853),
(1017, 200000, 1375),
(1018, 140000, 1878),
(1019, 200000, 461),
(1020, 150000, 1204),
(1021, 200000, 1004),
(1022, 100000, 141),
(1023, 105000, 229),
(1024, 200000, 1106),
(1025, 140000, 510),
(1026, 140000, 1592),
(1027, 150000, 607),
(1028, 250000, 1467),
(1029, 140000, 356),
(1030, 175000, 1951),
(1031, 200000, 325),
(1032, 150000, 917),
(1033, 140000, 992),
(1034, 50000, 1804),
(1035, 35000, 1906),
(1036, 140000, 535),
(1037, 105000, 646),
(1038, 250000, 846),
(1039, 250000, 1735),
(1040, 35000, 334),
(1041, 35000, 1038),
(1042, 35000, 1074),
(1043, 50000, 885),
(1044, 140000, 24),
(1045, 35000, 1397),
(1046, 150000, 929),
(1047, 300000, 574),
(1048, 105000, 386),
(1049, 350000, 1103),
(1050, 105000, 812),
(1051, 70000, 1195),
(1052, 105000, 642),
(1053, 100000, 1217),
(1054, 200000, 1484),
(1055, 200000, 1140),
(1056, 150000, 1611),
(1057, 250000, 138),
(1058, 35000, 1743),
(1059, 200000, 1091),
(1060, 150000, 31),
(1061, 70000, 151),
(1062, 50000, 1313),
(1063, 250000, 1188),
(1064, 35000, 1264),
(1065, 70000, 1344),
(1066, 105000, 1842),
(1067, 250000, 128),
(1068, 250000, 1773),
(1069, 70000, 1902),
(1070, 100000, 940),
(1071, 50000, 768),
(1072, 50000, 497),
(1073, 105000, 726),
(1074, 200000, 1171),
(1075, 70000, 626),
(1076, 150000, 340),
(1077, 50000, 1277),
(1078, 70000, 122),
(1079, 100000, 271),
(1080, 35000, 1794),
(1081, 35000, 539),
(1082, 50000, 482),
(1083, 175000, 183),
(1084, 250000, 100),
(1085, 175000, 1531),
(1086, 105000, 430),
(1087, 105000, 1617),
(1088, 140000, 798),
(1089, 200000, 750),
(1090, 35000, 1594),
(1091, 175000, 92),
(1092, 50000, 697),
(1093, 150000, 1289),
(1094, 175000, 373),
(1095, 200000, 520),
(1096, 70000, 797),
(1097, 150000, 1068),
(1098, 300000, 1583),
(1099, 200000, 1941),
(1100, 150000, 1051),
(1101, 200000, 1939),
(1102, 200000, 756),
(1103, 200000, 623),
(1104, 200000, 998),
(1105, 100000, 144),
(1106, 105000, 1040),
(1107, 35000, 946),
(1108, 250000, 117),
(1109, 150000, 1097),
(1110, 150000, 1222),
(1111, 200000, 1693),
(1112, 200000, 298),
(1113, 150000, 1677),
(1114, 175000, 1782),
(1115, 100000, 1000),
(1116, 70000, 1283),
(1117, 35000, 1173),
(1118, 300000, 490),
(1119, 200000, 1854),
(1120, 150000, 1275),
(1121, 200000, 1357),
(1122, 100000, 1077),
(1123, 200000, 672),
(1124, 245000, 335),
(1125, 140000, 1105),
(1126, 100000, 165),
(1127, 100000, 1631),
(1128, 150000, 1503),
(1129, 175000, 927),
(1130, 105000, 226),
(1131, 140000, 326),
(1132, 70000, 105),
(1133, 150000, 1930),
(1134, 140000, 1713),
(1135, 50000, 1379),
(1136, 140000, 1100),
(1137, 105000, 249),
(1138, 250000, 172),
(1139, 150000, 1654),
(1140, 150000, 924),
(1141, 70000, 492),
(1142, 50000, 453),
(1143, 250000, 257),
(1144, 100000, 1816),
(1145, 175000, 1170),
(1146, 70000, 981),
(1147, 70000, 1704),
(1148, 175000, 1145),
(1149, 100000, 1728),
(1150, 35000, 1110),
(1151, 140000, 775),
(1152, 35000, 342),
(1153, 140000, 1612),
(1154, 140000, 86),
(1155, 140000, 1287),
(1156, 200000, 1650),
(1157, 105000, 884),
(1158, 105000, 1871),
(1159, 100000, 1685),
(1160, 35000, 1946),
(1161, 100000, 882),
(1162, 140000, 1112),
(1163, 150000, 766),
(1164, 70000, 1791),
(1165, 250000, 1625),
(1166, 140000, 526),
(1167, 70000, 6),
(1168, 250000, 1072),
(1169, 35000, 937),
(1170, 100000, 1463),
(1171, 70000, 1809),
(1172, 70000, 228),
(1173, 140000, 1447),
(1174, 200000, 1975),
(1175, 70000, 862),
(1176, 175000, 841),
(1177, 35000, 1322),
(1178, 50000, 1469),
(1179, 50000, 529),
(1180, 70000, 254),
(1181, 200000, 1227),
(1182, 105000, 1138),
(1183, 200000, 1969),
(1184, 70000, 1810),
(1185, 250000, 1659),
(1186, 35000, 309),
(1187, 250000, 168),
(1188, 100000, 1511),
(1189, 140000, 1553),
(1190, 150000, 279),
(1191, 150000, 830),
(1192, 175000, 1802),
(1193, 35000, 523),
(1194, 50000, 1416),
(1195, 175000, 1160),
(1196, 245000, 1241),
(1197, 105000, 408),
(1198, 105000, 1234),
(1199, 35000, 381),
(1200, 150000, 1660),
(1201, 150000, 281),
(1202, 70000, 1632),
(1203, 200000, 478),
(1204, 35000, 842),
(1205, 150000, 995),
(1206, 105000, 1799),
(1207, 100000, 1011),
(1208, 250000, 1442),
(1209, 35000, 816),
(1210, 100000, 1827),
(1211, 70000, 1582),
(1212, 175000, 1337),
(1213, 50000, 1429),
(1214, 105000, 825),
(1215, 175000, 1455),
(1216, 35000, 893),
(1217, 100000, 1108),
(1218, 50000, 1665),
(1219, 200000, 1646),
(1220, 210000, 1481),
(1221, 175000, 746),
(1222, 150000, 1697),
(1223, 50000, 674),
(1224, 100000, 1806),
(1225, 140000, 1518),
(1226, 175000, 479),
(1227, 150000, 1116),
(1228, 70000, 1630),
(1229, 150000, 1317),
(1230, 100000, 1468),
(1231, 140000, 1459),
(1232, 105000, 110),
(1233, 105000, 769),
(1234, 150000, 745),
(1235, 100000, 1058),
(1236, 210000, 410),
(1237, 50000, 687),
(1238, 35000, 189),
(1239, 210000, 1361),
(1240, 70000, 1964),
(1241, 200000, 1090),
(1242, 250000, 1185),
(1243, 250000, 109),
(1244, 200000, 1400),
(1245, 175000, 1154),
(1246, 70000, 60),
(1247, 100000, 1641),
(1248, 150000, 1576),
(1249, 105000, 1180),
(1250, 50000, 608),
(1251, 35000, 1944),
(1252, 35000, 402),
(1253, 140000, 1633),
(1254, 50000, 464),
(1255, 200000, 274),
(1256, 175000, 1679),
(1257, 105000, 1759),
(1258, 250000, 1790),
(1259, 105000, 145),
(1260, 50000, 209),
(1261, 175000, 671),
(1262, 200000, 921),
(1263, 70000, 1923),
(1264, 140000, 185),
(1265, 150000, 260),
(1266, 250000, 94),
(1267, 200000, 643),
(1268, 100000, 610),
(1269, 35000, 1585),
(1270, 150000, 1014),
(1271, 175000, 952),
(1272, 150000, 865),
(1273, 35000, 724),
(1274, 105000, 422),
(1275, 175000, 90),
(1276, 35000, 1750),
(1277, 150000, 230),
(1278, 140000, 64),
(1279, 35000, 48),
(1280, 175000, 1904),
(1281, 175000, 181),
(1282, 70000, 1251),
(1283, 250000, 413),
(1284, 250000, 176),
(1285, 140000, 1443),
(1286, 35000, 1032),
(1287, 150000, 231),
(1288, 100000, 1207),
(1289, 100000, 338),
(1290, 250000, 1647),
(1291, 250000, 1276),
(1292, 150000, 1811),
(1293, 210000, 524),
(1294, 150000, 738),
(1295, 100000, 1642),
(1296, 50000, 182),
(1297, 175000, 1680),
(1298, 140000, 1372),
(1299, 150000, 706),
(1300, 175000, 78),
(1301, 200000, 36),
(1302, 35000, 1079),
(1303, 50000, 1914),
(1304, 175000, 1978),
(1305, 35000, 1960),
(1306, 150000, 640),
(1307, 250000, 1278),
(1308, 175000, 1394),
(1309, 70000, 9),
(1310, 70000, 404),
(1311, 50000, 1555),
(1312, 70000, 1223),
(1313, 150000, 1328),
(1314, 200000, 709),
(1315, 250000, 476),
(1316, 150000, 47),
(1317, 250000, 1415),
(1318, 175000, 780),
(1319, 105000, 288),
(1320, 105000, 988),
(1321, 70000, 498),
(1322, 105000, 1471),
(1323, 70000, 18),
(1324, 100000, 1255),
(1325, 35000, 740),
(1326, 175000, 1588),
(1327, 35000, 211),
(1328, 35000, 925),
(1329, 150000, 509),
(1330, 35000, 252),
(1331, 200000, 1280),
(1332, 250000, 314),
(1333, 200000, 1515),
(1334, 300000, 473),
(1335, 150000, 1547),
(1336, 140000, 1916),
(1337, 100000, 121),
(1338, 50000, 1897),
(1339, 50000, 1561),
(1340, 175000, 1780),
(1341, 250000, 1084),
(1342, 50000, 845),
(1343, 35000, 148),
(1344, 175000, 34),
(1345, 35000, 856),
(1346, 150000, 1151),
(1347, 105000, 1428),
(1348, 200000, 1982),
(1349, 100000, 787),
(1350, 150000, 1672),
(1351, 250000, 295),
(1352, 100000, 955),
(1353, 150000, 1054),
(1354, 70000, 1556),
(1355, 150000, 1486),
(1356, 200000, 192),
(1357, 250000, 1003),
(1358, 100000, 146),
(1359, 50000, 1966),
(1360, 50000, 202),
(1361, 100000, 429),
(1362, 100000, 463),
(1363, 200000, 562),
(1364, 140000, 184),
(1365, 70000, 744),
(1366, 150000, 617),
(1367, 175000, 1399),
(1368, 200000, 1936),
(1369, 200000, 605),
(1370, 35000, 1159),
(1371, 35000, 1229),
(1372, 70000, 397),
(1373, 70000, 1584),
(1374, 175000, 73),
(1375, 150000, 1220),
(1376, 150000, 732),
(1377, 140000, 1064),
(1378, 35000, 305),
(1379, 140000, 904),
(1380, 70000, 1201),
(1381, 50000, 1094),
(1382, 150000, 907),
(1383, 105000, 1099),
(1384, 200000, 1751),
(1385, 250000, 118),
(1386, 100000, 113),
(1387, 200000, 1792),
(1388, 50000, 115),
(1389, 70000, 1007),
(1390, 105000, 1715),
(1391, 150000, 43),
(1392, 50000, 1670),
(1393, 35000, 1022),
(1394, 105000, 248),
(1395, 50000, 1899),
(1396, 35000, 1177),
(1397, 200000, 889),
(1398, 105000, 1152),
(1399, 140000, 1522),
(1400, 140000, 972),
(1401, 35000, 140),
(1402, 35000, 1739),
(1403, 150000, 818),
(1404, 105000, 1279),
(1405, 50000, 749),
(1406, 105000, 1959),
(1407, 50000, 916),
(1408, 150000, 1456),
(1409, 200000, 459),
(1410, 100000, 1813),
(1411, 150000, 1386),
(1412, 140000, 710),
(1413, 105000, 354),
(1414, 140000, 1684),
(1415, 140000, 1052),
(1416, 250000, 550),
(1417, 200000, 1667),
(1418, 100000, 911),
(1419, 200000, 1039),
(1420, 70000, 270),
(1421, 250000, 1496),
(1422, 140000, 1135),
(1423, 35000, 52),
(1424, 105000, 957),
(1425, 175000, 1076),
(1426, 35000, 225),
(1427, 175000, 1319),
(1428, 250000, 1985),
(1429, 250000, 1676),
(1430, 100000, 1055),
(1431, 250000, 1917),
(1432, 35000, 833),
(1433, 140000, 1434),
(1434, 105000, 277),
(1435, 140000, 1910),
(1436, 105000, 569),
(1437, 105000, 853),
(1438, 250000, 720),
(1439, 105000, 538),
(1440, 150000, 533),
(1441, 200000, 694),
(1442, 70000, 374),
(1443, 140000, 1622),
(1444, 140000, 232),
(1445, 250000, 1695),
(1446, 140000, 1121),
(1447, 175000, 699),
(1448, 250000, 1520),
(1449, 100000, 867),
(1450, 50000, 1738),
(1451, 200000, 82),
(1452, 300000, 1655),
(1453, 300000, 1286),
(1454, 200000, 1886),
(1455, 100000, 1830),
(1456, 105000, 135),
(1457, 50000, 102),
(1458, 150000, 155),
(1459, 50000, 1059),
(1460, 175000, 519),
(1461, 50000, 1965),
(1462, 150000, 1948),
(1463, 50000, 204),
(1464, 105000, 164),
(1465, 100000, 1724),
(1466, 70000, 1346),
(1467, 105000, 1016),
(1468, 200000, 1747),
(1469, 35000, 993),
(1470, 105000, 1777),
(1471, 150000, 857),
(1472, 50000, 1626),
(1473, 175000, 1698),
(1474, 250000, 1231),
(1475, 200000, 311),
(1476, 140000, 1075),
(1477, 100000, 1046),
(1478, 105000, 1086),
(1479, 100000, 360),
(1480, 250000, 974),
(1481, 105000, 1417),
(1482, 150000, 851),
(1483, 50000, 120),
(1484, 140000, 480),
(1485, 100000, 1365),
(1486, 250000, 1507),
(1487, 140000, 1191),
(1488, 200000, 1987),
(1489, 50000, 23),
(1490, 35000, 1270),
(1491, 105000, 676),
(1492, 200000, 515),
(1493, 100000, 1710),
(1494, 140000, 1990),
(1495, 200000, 1621),
(1496, 70000, 1230),
(1497, 100000, 990),
(1498, 150000, 1722),
(1499, 105000, 290),
(1500, 250000, 805),
(1501, 35000, 1307),
(1502, 175000, 387),
(1503, 175000, 1081),
(1504, 150000, 130),
(1505, 70000, 1141),
(1506, 140000, 395),
(1507, 70000, 261),
(1508, 105000, 1957),
(1509, 250000, 1002),
(1510, 140000, 206),
(1511, 70000, 1513),
(1512, 105000, 1122),
(1513, 100000, 1909),
(1514, 300000, 1460),
(1515, 70000, 159),
(1516, 140000, 310),
(1517, 150000, 1766),
(1518, 50000, 1162),
(1519, 35000, 1539),
(1520, 140000, 896),
(1521, 70000, 912),
(1522, 35000, 1345),
(1523, 250000, 1485),
(1524, 175000, 864),
(1525, 35000, 1890),
(1526, 105000, 1432),
(1527, 50000, 688),
(1528, 200000, 68),
(1529, 105000, 949),
(1530, 70000, 542),
(1531, 50000, 1952),
(1532, 70000, 171),
(1533, 150000, 976),
(1534, 250000, 1263),
(1535, 200000, 472),
(1536, 70000, 962),
(1537, 250000, 858),
(1538, 150000, 595),
(1539, 150000, 1243),
(1540, 140000, 660),
(1541, 100000, 759),
(1542, 140000, 436),
(1543, 175000, 1940),
(1544, 105000, 654),
(1545, 250000, 219),
(1546, 150000, 1043),
(1547, 50000, 200),
(1548, 105000, 826),
(1549, 200000, 613),
(1550, 35000, 466),
(1551, 70000, 1425),
(1552, 140000, 849),
(1553, 175000, 817),
(1554, 175000, 1876),
(1555, 150000, 624),
(1556, 70000, 670),
(1557, 200000, 1719),
(1558, 200000, 40),
(1559, 100000, 1124),
(1560, 70000, 602),
(1561, 105000, 1613),
(1562, 105000, 1095),
(1563, 210000, 54),
(1564, 100000, 104),
(1565, 150000, 1600),
(1566, 50000, 1983),
(1567, 105000, 1101),
(1568, 35000, 561),
(1569, 150000, 420),
(1570, 100000, 367),
(1571, 50000, 213),
(1572, 35000, 1623),
(1573, 150000, 994),
(1574, 150000, 365),
(1575, 175000, 1383),
(1576, 150000, 1931),
(1577, 200000, 304),
(1578, 50000, 419),
(1579, 140000, 1206),
(1580, 200000, 441),
(1581, 200000, 1512),
(1582, 140000, 1339),
(1583, 105000, 784),
(1584, 175000, 1033),
(1585, 100000, 1314),
(1586, 175000, 568),
(1587, 140000, 673),
(1588, 200000, 470),
(1589, 175000, 627),
(1590, 140000, 1525),
(1591, 175000, 1760),
(1592, 175000, 1111),
(1593, 175000, 548),
(1594, 150000, 1412),
(1595, 100000, 1565),
(1596, 150000, 491),
(1597, 150000, 1545),
(1598, 50000, 150),
(1599, 70000, 1822),
(1600, 150000, 869),
(1601, 175000, 1744),
(1602, 175000, 1258),
(1603, 175000, 1482),
(1604, 70000, 544),
(1605, 150000, 1544),
(1606, 250000, 945),
(1607, 50000, 634),
(1608, 175000, 1488),
(1609, 105000, 294),
(1610, 100000, 1852),
(1611, 250000, 1347),
(1612, 105000, 321),
(1613, 35000, 1408),
(1614, 200000, 1536),
(1615, 150000, 1001),
(1616, 35000, 87),
(1617, 50000, 1299),
(1618, 175000, 1354),
(1619, 175000, 774),
(1620, 140000, 1475),
(1621, 105000, 1510),
(1622, 200000, 195),
(1623, 250000, 1015),
(1624, 140000, 551),
(1625, 175000, 860),
(1626, 50000, 1691),
(1627, 250000, 1205),
(1628, 70000, 545),
(1629, 175000, 1123),
(1630, 100000, 1714),
(1631, 140000, 1651),
(1632, 250000, 1190),
(1633, 100000, 1183),
(1634, 140000, 1272),
(1635, 105000, 1943),
(1636, 105000, 1758),
(1637, 50000, 142),
(1638, 100000, 346),
(1639, 70000, 959),
(1640, 300000, 212),
(1641, 70000, 696),
(1642, 35000, 861),
(1643, 175000, 778),
(1644, 105000, 736),
(1645, 100000, 197),
(1646, 150000, 1812),
(1647, 200000, 1327),
(1648, 50000, 1521),
(1649, 50000, 1686),
(1650, 200000, 477),
(1651, 200000, 280),
(1652, 150000, 611),
(1653, 150000, 806),
(1654, 250000, 1168),
(1655, 140000, 870),
(1656, 105000, 679),
(1657, 140000, 1880),
(1658, 175000, 1435),
(1659, 150000, 879),
(1660, 140000, 1949),
(1661, 150000, 22),
(1662, 105000, 1424),
(1663, 100000, 808),
(1664, 175000, 1216),
(1665, 35000, 1571),
(1666, 105000, 1257),
(1667, 140000, 396),
(1668, 70000, 99),
(1669, 250000, 999),
(1670, 35000, 854),
(1671, 140000, 173),
(1672, 300000, 500),
(1673, 150000, 316),
(1674, 70000, 1326),
(1675, 105000, 1945),
(1676, 250000, 1378),
(1677, 175000, 389),
(1678, 35000, 1595),
(1679, 200000, 779),
(1680, 250000, 1526),
(1681, 250000, 166),
(1682, 175000, 177),
(1683, 140000, 1674),
(1684, 250000, 1247),
(1685, 140000, 1742),
(1686, 50000, 1605),
(1687, 200000, 1973),
(1688, 100000, 631),
(1689, 250000, 300),
(1690, 200000, 1645),
(1691, 35000, 1771),
(1692, 250000, 1976),
(1693, 300000, 242),
(1694, 175000, 494),
(1695, 105000, 514),
(1696, 200000, 645),
(1697, 250000, 1778),
(1698, 140000, 614),
(1699, 140000, 1246),
(1700, 50000, 1843),
(1701, 105000, 1461),
(1702, 140000, 1767),
(1703, 100000, 793),
(1704, 175000, 1179),
(1705, 35000, 400),
(1706, 150000, 1896),
(1707, 150000, 1872),
(1708, 140000, 834),
(1709, 35000, 1602),
(1710, 200000, 1012),
(1711, 50000, 629),
(1712, 175000, 438),
(1713, 35000, 977),
(1714, 50000, 1579),
(1715, 250000, 1332),
(1716, 100000, 636),
(1717, 150000, 894),
(1718, 35000, 1656),
(1719, 50000, 1104),
(1720, 50000, 414),
(1721, 70000, 259),
(1722, 200000, 1254),
(1723, 200000, 599),
(1724, 50000, 1566),
(1725, 50000, 838),
(1726, 70000, 1606),
(1727, 200000, 267),
(1728, 140000, 147),
(1729, 150000, 199),
(1730, 250000, 1870),
(1731, 35000, 1426),
(1732, 50000, 618),
(1733, 100000, 1845),
(1734, 70000, 163),
(1735, 100000, 871),
(1736, 100000, 971),
(1737, 50000, 557),
(1738, 35000, 742),
(1739, 200000, 1437),
(1740, 100000, 1085),
(1741, 200000, 1920),
(1742, 175000, 1271),
(1743, 250000, 1542),
(1744, 200000, 1174),
(1745, 150000, 175),
(1746, 150000, 1239),
(1747, 105000, 1671),
(1748, 210000, 46),
(1749, 50000, 829),
(1750, 70000, 1934),
(1751, 35000, 1364),
(1752, 250000, 1673),
(1753, 140000, 947),
(1754, 105000, 1763),
(1755, 150000, 1675),
(1756, 150000, 1527),
(1757, 100000, 1785),
(1758, 50000, 1793),
(1759, 175000, 1390),
(1760, 200000, 313),
(1761, 140000, 1683),
(1762, 200000, 1233),
(1763, 100000, 1035),
(1764, 50000, 702),
(1765, 70000, 596),
(1766, 100000, 119),
(1767, 150000, 1197),
(1768, 175000, 1296),
(1769, 100000, 1573),
(1770, 175000, 1840),
(1771, 100000, 1490),
(1772, 50000, 1228),
(1773, 200000, 406),
(1774, 50000, 1993),
(1775, 50000, 1147),
(1776, 250000, 1236),
(1777, 250000, 452),
(1778, 150000, 1291),
(1779, 150000, 794),
(1780, 150000, 944),
(1781, 250000, 1335),
(1782, 70000, 579),
(1783, 35000, 1006),
(1784, 150000, 1653),
(1785, 35000, 329),
(1786, 250000, 649),
(1787, 70000, 1974),
(1788, 100000, 1935),
(1789, 250000, 664),
(1790, 250000, 1034),
(1791, 150000, 819),
(1792, 70000, 983),
(1793, 200000, 543),
(1794, 200000, 1117),
(1795, 140000, 1831),
(1796, 105000, 996),
(1797, 200000, 1533),
(1798, 100000, 126),
(1799, 150000, 795),
(1800, 105000, 1572),
(1801, 175000, 713),
(1802, 210000, 1779),
(1803, 200000, 1519),
(1804, 200000, 10),
(1805, 175000, 1905),
(1806, 70000, 12),
(1807, 250000, 1815),
(1808, 175000, 1868),
(1809, 175000, 19),
(1810, 105000, 134),
(1811, 70000, 1065),
(1812, 210000, 594),
(1813, 245000, 29),
(1814, 150000, 554),
(1815, 35000, 1859),
(1816, 105000, 583),
(1817, 200000, 1894),
(1818, 70000, 1120),
(1819, 175000, 1574),
(1820, 70000, 1937),
(1821, 250000, 1146),
(1822, 210000, 1439),
(1823, 140000, 666),
(1824, 70000, 598),
(1825, 100000, 901),
(1826, 100000, 1109),
(1827, 50000, 721),
(1828, 150000, 265),
(1829, 140000, 1454),
(1830, 100000, 366),
(1831, 200000, 505),
(1832, 150000, 559),
(1833, 70000, 1178),
(1834, 175000, 1915),
(1835, 100000, 1464),
(1836, 140000, 1403),
(1837, 175000, 1414),
(1838, 35000, 487),
(1839, 250000, 980),
(1840, 250000, 193),
(1841, 175000, 1423),
(1842, 35000, 1838),
(1843, 175000, 1590),
(1844, 300000, 1163),
(1845, 70000, 638),
(1846, 140000, 255),
(1847, 105000, 1732),
(1848, 100000, 227),
(1849, 70000, 1367),
(1850, 50000, 1184),
(1851, 105000, 1473),
(1852, 105000, 1045),
(1853, 250000, 763),
(1854, 35000, 1832),
(1855, 300000, 789),
(1856, 250000, 1737),
(1857, 70000, 251),
(1858, 150000, 563),
(1859, 100000, 1113),
(1860, 150000, 1474),
(1861, 100000, 1587),
(1862, 50000, 1476),
(1863, 100000, 1692),
(1864, 105000, 1300),
(1865, 35000, 1666),
(1866, 140000, 97),
(1867, 105000, 835),
(1868, 175000, 1487),
(1869, 140000, 250),
(1870, 150000, 770),
(1871, 200000, 434),
(1872, 200000, 198),
(1873, 200000, 1358),
(1874, 70000, 1562),
(1875, 50000, 247),
(1876, 150000, 727),
(1877, 140000, 1789),
(1878, 200000, 582),
(1879, 150000, 1661),
(1880, 140000, 1078),
(1881, 105000, 1427),
(1882, 200000, 689),
(1883, 100000, 1875),
(1884, 100000, 1462),
(1885, 100000, 243),
(1886, 200000, 1125),
(1887, 35000, 1209),
(1888, 105000, 1502),
(1889, 150000, 1505),
(1890, 200000, 1891),
(1891, 250000, 1329),
(1892, 35000, 923),
(1893, 100000, 1158),
(1894, 200000, 188),
(1895, 50000, 1851),
(1896, 70000, 1637),
(1897, 70000, 1999),
(1898, 100000, 449),
(1899, 175000, 1288),
(1900, 35000, 1139),
(1901, 70000, 391),
(1902, 50000, 1167),
(1903, 105000, 511),
(1904, 175000, 1155),
(1905, 200000, 256),
(1906, 50000, 1373),
(1907, 100000, 489),
(1908, 70000, 417),
(1909, 50000, 1821),
(1910, 150000, 1862),
(1911, 200000, 74),
(1912, 105000, 474),
(1913, 100000, 364),
(1914, 175000, 1552),
(1915, 70000, 758),
(1916, 105000, 1350),
(1917, 105000, 1430),
(1918, 35000, 843),
(1919, 200000, 677),
(1920, 200000, 1114),
(1921, 140000, 1749),
(1922, 100000, 1008),
(1923, 150000, 1981),
(1924, 105000, 1295),
(1925, 70000, 339),
(1926, 150000, 715),
(1927, 200000, 1628),
(1928, 200000, 282),
(1929, 70000, 220),
(1930, 105000, 63),
(1931, 35000, 1601),
(1932, 105000, 377),
(1933, 100000, 112),
(1934, 100000, 1369),
(1935, 50000, 788),
(1936, 210000, 1624),
(1937, 140000, 392),
(1938, 100000, 190),
(1939, 140000, 1311),
(1940, 35000, 652),
(1941, 50000, 718),
(1942, 50000, 1080),
(1943, 200000, 1392),
(1944, 250000, 1148),
(1945, 140000, 1324),
(1946, 140000, 1187),
(1947, 250000, 985),
(1948, 70000, 695),
(1949, 140000, 1986),
(1950, 35000, 1137),
(1951, 150000, 203),
(1952, 250000, 50),
(1953, 200000, 956),
(1954, 105000, 1883),
(1955, 70000, 609),
(1956, 100000, 1498),
(1957, 250000, 222),
(1958, 105000, 207),
(1959, 105000, 30),
(1960, 105000, 83),
(1961, 175000, 665),
(1962, 100000, 711),
(1963, 50000, 590),
(1964, 70000, 1817),
(1965, 175000, 162),
(1966, 200000, 1202),
(1967, 350000, 650),
(1968, 150000, 1023),
(1969, 140000, 1847),
(1970, 35000, 1292),
(1971, 100000, 1688),
(1972, 70000, 1711),
(1973, 70000, 96),
(1974, 35000, 1801),
(1975, 35000, 1359),
(1976, 140000, 127),
(1977, 250000, 1995),
(1978, 150000, 1396),
(1979, 35000, 201),
(1980, 150000, 1807),
(1981, 50000, 174),
(1982, 50000, 1235),
(1983, 150000, 1089),
(1984, 140000, 1984),
(1985, 175000, 273),
(1986, 100000, 224),
(1987, 150000, 401),
(1988, 50000, 822),
(1989, 175000, 186),
(1990, 105000, 693),
(1991, 150000, 1776),
(1992, 70000, 1069),
(1993, 140000, 1764),
(1994, 70000, 839),
(1995, 250000, 1056),
(1996, 50000, 1153),
(1997, 35000, 1018),
(1998, 175000, 111),
(1999, 105000, 653);